Datetime,Open,High,Low,Close,Volume
2026-08-05 09:30:00-04:00,775.8499755859375,776.3699951171875,775.760009765625,776.260009765625,1546487
2026-08-05 09:31:00-04:00,776.260009765625,776.7899780273438,776.1099853515625,776.1912841796875,329230
2026-08-05 09:32:00-04:00,776.2100219726562,776.2299194335938,775.260009765625,775.6500244140625,224283
2026-08-05 09:33:00-04:00,775.6599731445312,776.030029296875,775.60498046875,775.8099975585938,124419
2026-08-05 09:34:00-04:00,775.8250122070312,776.2000122070312,775.6699829101562,776.1998901367188,131827
2026-08-05 09:35:00-04:00,776.1900024414062,776.5,775.969970703125,776.27001953125,132216
2026-08-05 09:36:00-04:00,776.3099975585938,776.3300170898438,775.3040161132812,775.5700073242188,156297
2026-08-05 09:37:00-04:00,775.5390014648438,775.8350219726562,775.4299926757812,775.5800170898438,131002
2026-08-05 09:38:00-04:00,775.5800170898438,776.135009765625,775.5399780273438,775.9199829101562,137450
2026-08-05 09:39:00-04:00,775.9000244140625,776.8499755859375,775.5549926757812,776.510009765625,1502576
2026-08-05 09:40:00-04:00,776.530029296875,776.8099975585938,776.1920166015625,776.3300170898438,120878
2026-08-05 09:41:00-04:00,776.3250122070312,776.510009765625,776.1500244140625,776.4400024414062,112045
2026-08-05 09:42:00-04:00,776.4299926757812,776.4600219726562,776.2550048828125,776.3599853515625,86249
2026-08-05 09:43:00-04:00,776.3599853515625,776.4598999023438,775.9500122070312,776.239990234375,134215
2026-08-05 09:44:00-04:00,776.280029296875,776.5499877929688,775.8599853515625,776.47998046875,112786
2026-08-05 09:45:00-04:00,776.5399780273438,776.6599731445312,775.530029296875,775.530029296875,177937
2026-08-05 09:46:00-04:00,775.52001953125,775.8350219726562,775.3837280273438,775.489013671875,108617
2026-08-05 09:47:00-04:00,775.4749755859375,775.8699951171875,775.4299926757812,775.8400268554688,182731
2026-08-05 09:48:00-04:00,775.8400268554688,776.1900024414062,775.7449951171875,775.8200073242188,111848
2026-08-05 09:49:00-04:00,775.8099975585938,775.864990234375,775.3400268554688,775.3900146484375,135689
2026-08-05 09:50:00-04:00,775.39501953125,775.4199829101562,774.3900146484375,774.72998046875,320655
2026-08-05 09:51:00-04:00,774.719970703125,775.0,774.5,774.9199829101562,194158
2026-08-05 09:52:00-04:00,774.9099731445312,775.3800048828125,774.8900146484375,775.1900024414062,184493
2026-08-05 09:53:00-04:00,775.1799926757812,775.739990234375,775.02001953125,775.3800048828125,153842
2026-08-05 09:54:00-04:00,775.4149780273438,775.889892578125,775.010009765625,775.889892578125,68533
2026-08-05 09:55:00-04:00,775.8800048828125,775.97998046875,775.4400024414062,775.6500244140625,117507
2026-08-05 09:56:00-04:00,775.6799926757812,775.8499755859375,775.364990234375,775.614990234375,159947
2026-08-05 09:57:00-04:00,775.614990234375,776.1799926757812,775.5900268554688,776.155029296875,129616
2026-08-05 09:58:00-04:00,776.1500244140625,776.625,776.1099853515625,776.625,134908
2026-08-05 09:59:00-04:00,776.6199951171875,776.70361328125,776.3599853515625,776.70361328125,104829
2026-08-05 10:00:00-04:00,776.6699829101562,776.7000122070312,775.5700073242188,776.0390014648438,179223
2026-08-05 10:01:00-04:00,776.010009765625,776.0750122070312,775.4500122070312,775.5999755859375,93897
2026-08-05 10:02:00-04:00,775.5999755859375,775.6099853515625,774.9500122070312,775.2698974609375,134529
2026-08-05 10:03:00-04:00,775.260009765625,775.9299926757812,775.260009765625,775.8200073242188,134262
2026-08-05 10:04:00-04:00,775.8300170898438,775.9749755859375,775.3599853515625,775.7899780273438,162730
2026-08-05 10:05:00-04:00,775.8099975585938,776.5499267578125,775.77001953125,775.9749755859375,108276
2026-08-05 10:06:00-04:00,775.97998046875,776.239990234375,775.6199951171875,776.0,160530
2026-08-05 10:07:00-04:00,775.989990234375,776.27001953125,775.739990234375,775.8800048828125,107819
2026-08-05 10:08:00-04:00,775.8900146484375,776.22998046875,775.8699951171875,775.8800048828125,119688
2026-08-05 10:09:00-04:00,775.8800048828125,776.3499755859375,775.85498046875,776.0599975585938,84351
2026-08-05 10:10:00-04:00,776.0700073242188,776.3300170898438,775.8099975585938,776.3040771484375,75859
2026-08-05 10:11:00-04:00,776.3499755859375,776.3900146484375,775.8300170898438,775.9450073242188,99155
2026-08-05 10:12:00-04:00,775.9299926757812,776.1500244140625,775.8099975585938,775.8699951171875,51022
2026-08-05 10:13:00-04:00,775.8699951171875,776.2357177734375,775.7999877929688,776.1749877929688,65235
2026-08-05 10:14:00-04:00,776.1799926757812,776.510009765625,776.0700073242188,776.1599731445312,52761
2026-08-05 10:15:00-04:00,776.1799926757812,776.4600219726562,776.1298217773438,776.239990234375,45487
2026-08-05 10:16:00-04:00,776.25,776.3599853515625,775.875,775.8800048828125,56513
2026-08-05 10:17:00-04:00,775.8699951171875,776.1900024414062,775.8699951171875,776.1900024414062,44242
2026-08-05 10:18:00-04:00,776.2000122070312,776.280029296875,776.010009765625,776.280029296875,50727
2026-08-05 10:19:00-04:00,776.260009765625,776.2899780273438,775.6599731445312,775.6699829101562,71043
2026-08-05 10:20:00-04:00,775.6799926757812,775.739990234375,775.4000244140625,775.614990234375,84082
2026-08-05 10:21:00-04:00,775.625,775.8200073242188,775.280029296875,775.405029296875,80294
2026-08-05 10:22:00-04:00,775.4199829101562,775.469970703125,775.0700073242188,775.2000122070312,76993
2026-08-05 10:23:00-04:00,775.219970703125,775.260009765625,774.77001953125,774.9849853515625,118002
2026-08-05 10:24:00-04:00,775.0150146484375,775.77001953125,774.9600219726562,775.7550048828125,70259
2026-08-05 10:25:00-04:00,775.760009765625,776.1799926757812,775.6099853515625,775.6400146484375,200342
2026-08-05 10:26:00-04:00,775.6599731445312,775.780029296875,775.3499755859375,775.3699951171875,85757
2026-08-05 10:27:00-04:00,775.3900146484375,775.5599975585938,775.2999877929688,775.5549926757812,62445
2026-08-05 10:28:00-04:00,775.5499877929688,775.5499877929688,775.0399780273438,775.0800170898438,98445
2026-08-05 10:29:00-04:00,775.0800170898438,775.2100219726562,774.75,774.7808837890625,47379
2026-08-05 10:30:00-04:00,774.780029296875,774.8499755859375,774.3800048828125,774.739990234375,123775
2026-08-05 10:31:00-04:00,774.75,774.8900146484375,774.2343139648438,774.27001953125,106832
2026-08-05 10:32:00-04:00,774.25,774.6699829101562,774.22998046875,774.6199951171875,142184
2026-08-05 10:33:00-04:00,774.6199951171875,775.02001953125,774.510009765625,774.8900146484375,113348
2026-08-05 10:34:00-04:00,774.9144287109375,775.0200805664062,774.489990234375,774.5999755859375,131741
2026-08-05 10:35:00-04:00,774.5700073242188,774.8300170898438,774.4409790039062,774.5999755859375,359506
2026-08-05 10:36:00-04:00,774.5800170898438,774.5800170898438,774.0908203125,774.2849731445312,136030
2026-08-05 10:37:00-04:00,774.2999877929688,774.5499877929688,773.9400024414062,773.9600219726562,97609
2026-08-05 10:38:00-04:00,773.97998046875,774.3400268554688,773.8400268554688,774.280029296875,105825
2026-08-05 10:39:00-04:00,774.3200073242188,774.489990234375,773.9099731445312,773.9199829101562,75576
2026-08-05 10:40:00-04:00,773.9199829101562,774.2100219726562,773.75,773.7799072265625,215260
2026-08-05 10:41:00-04:00,773.780029296875,774.0797119140625,773.6199951171875,774.0399780273438,91123
2026-08-05 10:42:00-04:00,774.0496826171875,774.4299926757812,773.780029296875,774.280029296875,142897
2026-08-05 10:43:00-04:00,774.2750244140625,774.3599853515625,773.9299926757812,774.2000732421875,73024
2026-08-05 10:44:00-04:00,774.2050170898438,774.3300170898438,773.72998046875,774.0349731445312,72947
2026-08-05 10:45:00-04:00,774.030029296875,774.280029296875,773.844970703125,773.989990234375,59711
2026-08-05 10:46:00-04:00,774.0,774.5850219726562,773.989990234375,774.4600219726562,144665
2026-08-05 10:47:00-04:00,774.4299926757812,774.5499877929688,774.3099975585938,774.3499755859375,62035
2026-08-05 10:48:00-04:00,774.3400268554688,774.4249877929688,774.2000122070312,774.3200073242188,91462
2026-08-05 10:49:00-04:00,774.3300170898438,774.719970703125,774.25,774.5750122070312,77716
2026-08-05 10:50:00-04:00,774.6046752929688,774.8400268554688,774.260009765625,774.3300170898438,106451
2026-08-05 10:51:00-04:00,774.3099975585938,774.3800048828125,773.780029296875,773.905029296875,94723
2026-08-05 10:52:00-04:00,773.9190063476562,773.9600219726562,773.4400024414062,773.5999755859375,126784
2026-08-05 10:53:00-04:00,773.6300048828125,773.635009765625,772.5700073242188,772.89990234375,238391
2026-08-05 10:54:00-04:00,772.9000244140625,773.1599731445312,772.75,773.1300048828125,153685
2026-08-05 10:55:00-04:00,773.1599731445312,773.2000122070312,772.72998046875,773.0999755859375,120875
2026-08-05 10:56:00-04:00,773.0850219726562,773.176513671875,772.7899780273438,773.1749877929688,96825
2026-08-05 10:57:00-04:00,773.1799926757812,773.7598876953125,773.1099853515625,773.5250244140625,145150
2026-08-05 10:58:00-04:00,773.52001953125,773.708984375,773.1099853515625,773.1370239257812,107601
2026-08-05 10:59:00-04:00,773.1400146484375,773.6500244140625,773.1300048828125,773.469970703125,48370
2026-08-05 11:00:00-04:00,773.4600219726562,773.9400024414062,773.4099731445312,773.8599853515625,70165
2026-08-05 11:01:00-04:00,773.8400268554688,773.9299926757812,773.3499755859375,773.5549926757812,69168
2026-08-05 11:02:00-04:00,773.5800170898438,773.9500122070312,773.5599975585938,773.77001953125,71445
2026-08-05 11:03:00-04:00,773.719970703125,773.75,773.405029296875,773.5,101742
2026-08-05 11:04:00-04:00,773.5,773.6400146484375,773.3499755859375,773.6300048828125,66318
2026-08-05 11:05:00-04:00,773.6300048828125,773.75,773.3800048828125,773.3989868164062,93172
2026-08-05 11:06:00-04:00,773.3599853515625,773.6199951171875,773.1649780273438,773.52001953125,98100
2026-08-05 11:07:00-04:00,773.52001953125,773.7349853515625,773.489990234375,773.5499877929688,87813
2026-08-05 11:08:00-04:00,773.5549926757812,773.5900268554688,773.2899780273438,773.3049926757812,68843
2026-08-05 11:09:00-04:00,773.3099975585938,773.864990234375,773.280029296875,773.6300048828125,65336
2026-08-05 11:10:00-04:00,773.6300048828125,773.780029296875,773.4600219726562,773.780029296875,80844
2026-08-05 11:11:00-04:00,773.77001953125,773.9149780273438,773.385009765625,773.4600219726562,54971
2026-08-05 11:12:00-04:00,773.4450073242188,773.7100219726562,773.4099731445312,773.4099731445312,48416
2026-08-05 11:13:00-04:00,773.4000244140625,773.4099731445312,773.030029296875,773.0499877929688,67056
2026-08-05 11:14:00-04:00,773.0449829101562,773.219482421875,773.010009765625,773.0599975585938,47449
2026-08-05 11:15:00-04:00,773.0700073242188,773.1599731445312,772.530029296875,772.5399780273438,89689
2026-08-05 11:16:00-04:00,772.5399780273438,772.6649780273438,772.3499755859375,772.6649780273438,224378
2026-08-05 11:17:00-04:00,772.6500244140625,772.6798706054688,772.0750122070312,772.0750122070312,152409
2026-08-05 11:18:00-04:00,772.0800170898438,772.0999755859375,771.0,771.8099975585938,419590
2026-08-05 11:19:00-04:00,771.8200073242188,772.4500122070312,771.780029296875,772.4199829101562,136149
2026-08-05 11:20:00-04:00,772.409912109375,772.489990234375,772.0900268554688,772.489990234375,102976
2026-08-05 11:21:00-04:00,772.4849853515625,772.6699829101562,772.3472900390625,772.625,76706
2026-08-05 11:22:00-04:00,772.6199951171875,772.625,772.3200073242188,772.3400268554688,41950
2026-08-05 11:23:00-04:00,772.3499755859375,772.5700073242188,772.2100219726562,772.219970703125,51733
2026-08-05 11:24:00-04:00,772.2100219726562,772.5900268554688,772.0800170898438,772.2691040039062,65874
2026-08-05 11:25:00-04:00,772.1500854492188,772.25,771.8599853515625,771.9600219726562,89166
2026-08-05 11:26:00-04:00,771.9450073242188,772.1199951171875,771.8699951171875,772.0050048828125,83719
2026-08-05 11:27:00-04:00,772.010009765625,772.219970703125,771.9149780273438,772.010009765625,137157
2026-08-05 11:28:00-04:00,772.010009765625,772.010009765625,771.5499877929688,771.5800170898438,117080
2026-08-05 11:29:00-04:00,771.5700073242188,771.9199829101562,771.52001953125,771.7100219726562,103615
2026-08-05 11:30:00-04:00,771.7000122070312,772.1099853515625,771.6799926757812,772.0999755859375,61636
2026-08-05 11:31:00-04:00,772.10498046875,772.52001953125,772.0700073242188,772.3400268554688,85032
2026-08-05 11:32:00-04:00,772.3400268554688,772.5,772.2899780273438,772.3900146484375,47817
2026-08-05 11:33:00-04:00,772.3800048828125,772.4495849609375,772.1801147460938,772.3200073242188,41637
2026-08-05 11:34:00-04:00,772.3099975585938,772.3900146484375,771.8099975585938,771.875,64529
2026-08-05 11:35:00-04:00,771.8800048828125,772.0999755859375,771.8499755859375,772.0399780273438,67625
2026-08-05 11:36:00-04:00,772.0700073242188,772.0700073242188,771.8300170898438,772.02001953125,60721
2026-08-05 11:37:00-04:00,772.02001953125,772.2100219726562,771.9249877929688,772.0999755859375,65415
2026-08-05 11:38:00-04:00,772.10498046875,772.1300048828125,771.8800048828125,771.9000244140625,59307
2026-08-05 11:39:00-04:00,771.9000244140625,772.2999877929688,771.8099975585938,772.14501953125,64371
2026-08-05 11:40:00-04:00,772.1500244140625,772.260009765625,771.9400024414062,771.9749755859375,57999
2026-08-05 11:41:00-04:00,771.97998046875,772.0299072265625,771.6749877929688,772.0299072265625,69448
2026-08-05 11:42:00-04:00,772.0050048828125,772.2000122070312,771.860107421875,772.2000122070312,60426
2026-08-05 11:43:00-04:00,772.2000122070312,772.2000122070312,771.8599853515625,771.97998046875,45023
2026-08-05 11:44:00-04:00,772.0,772.010009765625,771.8300170898438,772.010009765625,46977
2026-08-05 11:45:00-04:00,772.02001953125,772.030029296875,771.5900268554688,771.8200073242188,51240
2026-08-05 11:46:00-04:00,771.7999877929688,771.8499755859375,771.5850219726562,771.7449951171875,39808
2026-08-05 11:47:00-04:00,771.72998046875,771.780029296875,771.5499877929688,771.5900268554688,52250
2026-08-05 11:48:00-04:00,771.6300048828125,771.75,771.52001953125,771.719970703125,46427
2026-08-05 11:49:00-04:00,771.72998046875,771.780029296875,771.25,771.340576171875,109541
2026-08-05 11:50:00-04:00,771.3375244140625,771.5499877929688,771.25,771.4000244140625,64697
2026-08-05 11:51:00-04:00,771.39501953125,771.4299926757812,771.1699829101562,771.2150268554688,66241
2026-08-05 11:52:00-04:00,771.2000122070312,771.3200073242188,771.1300048828125,771.1950073242188,77457
2026-08-05 11:53:00-04:00,771.1900024414062,771.5750122070312,771.1799926757812,771.4650268554688,92417
2026-08-05 11:54:00-04:00,771.4500122070312,771.5700073242188,771.2000122070312,771.25,50030
2026-08-05 11:55:00-04:00,771.25,771.25,771.0800170898438,771.1300048828125,65217
2026-08-05 11:56:00-04:00,771.1099853515625,771.1400146484375,770.4400024414062,770.8800048828125,123163
2026-08-05 11:57:00-04:00,770.8499755859375,770.8499755859375,770.3300170898438,770.6599731445312,216878
2026-08-05 11:58:00-04:00,770.6500244140625,771.039794921875,770.5999755859375,770.9450073242188,153013
2026-08-05 11:59:00-04:00,770.9400024414062,771.1300048828125,770.6400146484375,770.64501953125,86327
2026-08-05 12:00:00-04:00,770.6300048828125,770.8099975585938,770.5399780273438,770.6749877929688,156044
2026-08-05 12:01:00-04:00,770.6699829101562,770.72998046875,770.510009765625,770.52001953125,90764
2026-08-05 12:02:00-04:00,770.52001953125,770.5549926757812,770.0800170898438,770.2550048828125,217827
2026-08-05 12:03:00-04:00,770.27001953125,770.5449829101562,770.1300048828125,770.5150146484375,140873
2026-08-05 12:04:00-04:00,770.510009765625,771.02001953125,770.5,770.8400268554688,72184
2026-08-05 12:05:00-04:00,770.8400268554688,770.8699951171875,770.5700073242188,770.7301025390625,82715
2026-08-05 12:06:00-04:00,770.7849731445312,770.8300170898438,770.3300170898438,770.4299926757812,87831
2026-08-05 12:07:00-04:00,770.4299926757812,770.6649780273438,770.3599853515625,770.404296875,112852
2026-08-05 12:08:00-04:00,770.4500122070312,770.469970703125,770.0206298828125,770.030029296875,106852
2026-08-05 12:09:00-04:00,770.02001953125,770.2899780273438,769.9099731445312,770.239990234375,146399
2026-08-05 12:10:00-04:00,770.239990234375,770.3699951171875,770.0900268554688,770.1599731445312,67138
2026-08-05 12:11:00-04:00,770.1400146484375,770.3599853515625,770.0700073242188,770.27001953125,79690
2026-08-05 12:12:00-04:00,770.2899780273438,770.3499145507812,769.9298095703125,770.2100219726562,105398
2026-08-05 12:13:00-04:00,770.1900024414062,770.3200073242188,770.0399780273438,770.1699829101562,67924
2026-08-05 12:14:00-04:00,770.1699829101562,770.469970703125,770.030029296875,770.4400024414062,72182
2026-08-05 12:15:00-04:00,770.4500122070312,770.5700073242188,770.22998046875,770.489990234375,104768
2026-08-05 12:16:00-04:00,770.4949951171875,771.1199951171875,770.4749755859375,770.9650268554688,147060
2026-08-05 12:17:00-04:00,770.9650268554688,771.0549926757812,770.75,770.8800048828125,107441
2026-08-05 12:18:00-04:00,770.885009765625,770.9099731445312,770.6500244140625,770.760009765625,85162
2026-08-05 12:19:00-04:00,770.77001953125,770.8099975585938,770.5,770.6099853515625,54767
2026-08-05 12:20:00-04:00,770.614990234375,771.3699951171875,770.5599975585938,771.3499755859375,106450
2026-08-05 12:21:00-04:00,771.3400268554688,771.760009765625,771.3400268554688,771.5999755859375,212984
2026-08-05 12:22:00-04:00,771.5999755859375,771.7000122070312,771.4400024414062,771.5999755859375,99136
2026-08-05 12:23:00-04:00,771.6099853515625,771.6400146484375,771.239990234375,771.239990234375,85519
2026-08-05 12:24:00-04:00,771.25,771.3699951171875,770.9099731445312,771.0800170898438,60277
2026-08-05 12:25:00-04:00,771.0750122070312,771.47998046875,771.0599975585938,771.4749755859375,104637
2026-08-05 12:26:00-04:00,771.4749755859375,771.7849731445312,771.4099731445312,771.7750244140625,110105
2026-08-05 12:27:00-04:00,771.7650146484375,772.0900268554688,771.719970703125,771.719970703125,173773
2026-08-05 12:28:00-04:00,771.7100219726562,771.8400268554688,771.6300048828125,771.8250122070312,78251
2026-08-05 12:29:00-04:00,771.8300170898438,772.1199951171875,771.8300170898438,772.0999755859375,100349
2026-08-05 12:30:00-04:00,772.0900268554688,772.219970703125,771.72998046875,771.739990234375,185469
2026-08-05 12:31:00-04:00,771.7349853515625,771.77001953125,771.52001953125,771.5700073242188,78738
2026-08-05 12:32:00-04:00,771.5900268554688,771.8400268554688,771.52001953125,771.7799072265625,55560
2026-08-05 12:33:00-04:00,771.77001953125,771.780029296875,771.2000122070312,771.3300170898438,49471
2026-08-05 12:34:00-04:00,771.3099975585938,771.72998046875,771.2999877929688,771.6900024414062,57819
2026-08-05 12:35:00-04:00,771.6900024414062,771.7000122070312,771.3599853515625,771.5372924804688,61619
2026-08-05 12:36:00-04:00,771.530029296875,771.6099853515625,771.3400268554688,771.5499877929688,49311
2026-08-05 12:37:00-04:00,771.5435791015625,771.6199951171875,771.4500122070312,771.5700073242188,55582
2026-08-05 12:38:00-04:00,771.5800170898438,771.7899780273438,771.5250244140625,771.780029296875,38008
2026-08-05 12:39:00-04:00,771.7899780273438,771.8394775390625,771.5,771.5599975585938,42811
2026-08-05 12:40:00-04:00,771.5499877929688,771.8099975585938,771.530029296875,771.7999877929688,49196
2026-08-05 12:41:00-04:00,771.8099975585938,772.0,771.75,771.760009765625,57107
2026-08-05 12:42:00-04:00,771.75,771.760009765625,771.3900146484375,771.4299926757812,52395
2026-08-05 12:43:00-04:00,771.4400024414062,771.719970703125,771.3770751953125,771.7000122070312,77462
2026-08-05 12:44:00-04:00,771.7100219726562,771.8300170898438,771.57470703125,771.5900268554688,88080
2026-08-05 12:45:00-04:00,771.5800170898438,771.75,771.4099731445312,771.6749877929688,80893
2026-08-05 12:46:00-04:00,771.6649780273438,771.6900024414062,771.385009765625,771.4400024414062,16157
2026-08-05 12:47:00-04:00,771.4600219726562,771.6140747070312,771.4550170898438,771.47998046875,43212
2026-08-05 12:48:00-04:00,771.4299926757812,771.5499877929688,771.2899780273438,771.5,31386
2026-08-05 12:49:00-04:00,771.4749755859375,771.5150146484375,771.3499755859375,771.4249877929688,23667
2026-08-05 12:50:00-04:00,771.4000244140625,771.8900146484375,771.385009765625,771.8900146484375,86037
2026-08-05 12:51:00-04:00,771.8599853515625,771.9400024414062,771.6699829101562,771.7449951171875,72658
2026-08-05 12:52:00-04:00,771.739990234375,771.9500122070312,771.6900024414062,771.760009765625,104555
2026-08-05 12:53:00-04:00,771.77001953125,772.0599975585938,771.7100219726562,772.0399780273438,109957
2026-08-05 12:54:00-04:00,772.0399780273438,772.0800170898438,771.8800048828125,772.010009765625,76143
2026-08-05 12:55:00-04:00,772.010009765625,772.052490234375,771.875,771.9400024414062,48523
2026-08-05 12:56:00-04:00,771.9299926757812,772.0800170898438,771.8599853515625,771.9000244140625,61188
2026-08-05 12:57:00-04:00,771.8900146484375,772.125,771.885009765625,772.0549926757812,93788
2026-08-05 12:58:00-04:00,772.0499877929688,772.1699829101562,771.780029296875,771.8499755859375,60894
2026-08-05 12:59:00-04:00,771.8499755859375,771.9199829101562,771.7050170898438,771.8524780273438,39792
2026-08-05 13:00:00-04:00,771.8900146484375,772.0700073242188,771.6400756835938,771.8499755859375,55284
2026-08-05 13:01:00-04:00,771.875,772.1599731445312,771.875,772.0994262695312,51574
2026-08-05 13:02:00-04:00,772.094970703125,772.094970703125,771.52001953125,771.5599975585938,40174
2026-08-05 13:03:00-04:00,771.5579223632812,771.6900024414062,771.4099731445312,771.6300048828125,38160
2026-08-05 13:04:00-04:00,771.6300048828125,771.6500244140625,771.2999877929688,771.405029296875,52670
2026-08-05 13:05:00-04:00,771.405029296875,771.5679931640625,771.2899780273438,771.510009765625,51728
2026-08-05 13:06:00-04:00,771.530029296875,771.5999755859375,771.0700073242188,771.1900024414062,56440
2026-08-05 13:07:00-04:00,771.1599731445312,771.509521484375,771.1199951171875,771.3400268554688,84844
2026-08-05 13:08:00-04:00,771.3250122070312,771.510009765625,771.260009765625,771.4249877929688,26738
2026-08-05 13:09:00-04:00,771.4249877929688,771.469970703125,771.27001953125,771.3200073242188,25484
2026-08-05 13:10:00-04:00,771.3300170898438,771.3900146484375,771.1199951171875,771.1199951171875,64153
2026-08-05 13:11:00-04:00,771.0999755859375,771.5750122070312,771.0399780273438,771.5750122070312,121470
2026-08-05 13:12:00-04:00,771.5800170898438,771.75,771.47998046875,771.6527099609375,71672
2026-08-05 13:13:00-04:00,771.6649780273438,771.6649780273438,771.3900146484375,771.47998046875,297644
2026-08-05 13:14:00-04:00,771.4400024414062,771.6400146484375,771.4099731445312,771.5,132636
2026-08-05 13:15:00-04:00,771.4801025390625,771.760009765625,771.239990234375,771.72998046875,57459
2026-08-05 13:16:00-04:00,771.719970703125,771.8049926757812,771.5014038085938,771.52001953125,74281
2026-08-05 13:17:00-04:00,771.510009765625,771.5599975585938,771.22998046875,771.4000244140625,45857
2026-08-05 13:18:00-04:00,771.4199829101562,771.52001953125,771.3099975585938,771.52001953125,31806
2026-08-05 13:19:00-04:00,771.5001220703125,771.5700073242188,771.3599853515625,771.3800048828125,36190
2026-08-05 13:20:00-04:00,771.4099731445312,771.4600219726562,771.3099975585938,771.4199829101562,33330
2026-08-05 13:21:00-04:00,771.4000244140625,771.4400024414062,771.2899780273438,771.3800048828125,34495
2026-08-05 13:22:00-04:00,771.3900146484375,771.4223022460938,771.0700073242188,771.0900268554688,43149
2026-08-05 13:23:00-04:00,771.0700073242188,771.3200073242188,771.010009765625,771.2100219726562,35174
2026-08-05 13:24:00-04:00,771.2100219726562,771.4400024414062,771.1749877929688,771.4249877929688,29383
2026-08-05 13:25:00-04:00,771.4298706054688,771.489990234375,771.27001953125,771.469970703125,27148
2026-08-05 13:26:00-04:00,771.489990234375,771.75,771.489990234375,771.72998046875,34271
2026-08-05 13:27:00-04:00,771.7050170898438,771.802490234375,771.5700073242188,771.594970703125,38903
2026-08-05 13:28:00-04:00,771.594970703125,771.6599731445312,771.489990234375,771.5399780273438,22171
2026-08-05 13:29:00-04:00,771.5499877929688,771.5499877929688,771.260009765625,771.3400268554688,32343
2026-08-05 13:30:00-04:00,771.3300170898438,771.3300170898438,771.1199951171875,771.22998046875,32143
2026-08-05 13:31:00-04:00,771.22998046875,771.2899780273438,771.0700073242188,771.27001953125,38509
2026-08-05 13:32:00-04:00,771.2899780273438,771.489990234375,771.2000122070312,771.4349975585938,29227
2026-08-05 13:33:00-04:00,771.4400024414062,771.5800170898438,771.2901000976562,771.5700073242188,38467
2026-08-05 13:34:00-04:00,771.5800170898438,771.7296752929688,771.4500122070312,771.5900268554688,32961
2026-08-05 13:35:00-04:00,771.5900268554688,771.780029296875,771.4949951171875,771.72998046875,49878
2026-08-05 13:36:00-04:00,771.739990234375,771.760009765625,771.510009765625,771.6199951171875,35501
2026-08-05 13:37:00-04:00,771.6099853515625,771.77001953125,771.4605102539062,771.6749877929688,43357
2026-08-05 13:38:00-04:00,771.6799926757812,771.7000122070312,771.5399780273438,771.6300048828125,25413
2026-08-05 13:39:00-04:00,771.6300048828125,771.6699829101562,771.5599975585938,771.6599731445312,28718
2026-08-05 13:40:00-04:00,771.6599731445312,772.010009765625,771.6599731445312,771.9500122070312,51817
2026-08-05 13:41:00-04:00,771.9249877929688,771.9428100585938,771.7150268554688,771.760009765625,30917
2026-08-05 13:42:00-04:00,771.72998046875,771.8900146484375,771.6900024414062,771.7899780273438,39550
2026-08-05 13:43:00-04:00,771.7899780273438,771.8800048828125,771.6900024414062,771.8400268554688,33800
2026-08-05 13:44:00-04:00,771.8499755859375,771.8599853515625,771.7000122070312,771.7017822265625,31867
2026-08-05 13:45:00-04:00,771.7000122070312,771.7000122070312,771.3300170898438,771.52001953125,30694
2026-08-05 13:46:00-04:00,771.5449829101562,771.5900268554688,771.4299926757812,771.5700073242188,27014
2026-08-05 13:47:00-04:00,771.5599975585938,771.7200927734375,771.4299926757812,771.7000122070312,28881
2026-08-05 13:48:00-04:00,771.6799926757812,771.739990234375,771.5599975585938,771.72998046875,19520
2026-08-05 13:49:00-04:00,771.7550048828125,771.9249877929688,771.7550048828125,771.8300170898438,28605
2026-08-05 13:50:00-04:00,771.8300170898438,771.9500122070312,771.7249755859375,771.72998046875,70005
2026-08-05 13:51:00-04:00,771.72998046875,771.9600219726562,771.6900024414062,771.9299926757812,50036
2026-08-05 13:52:00-04:00,771.9500122070312,771.9500122070312,771.7100219726562,771.8499755859375,35741
2026-08-05 13:53:00-04:00,771.8200073242188,771.8200073242188,771.64501953125,771.760009765625,65504
2026-08-05 13:54:00-04:00,771.739990234375,771.7899780273438,771.5900268554688,771.6400146484375,48039
2026-08-05 13:55:00-04:00,771.6300048828125,771.635009765625,771.4600219726562,771.5900268554688,42062
2026-08-05 13:56:00-04:00,771.5999755859375,771.7999877929688,771.5599975585938,771.780029296875,43867
2026-08-05 13:57:00-04:00,771.780029296875,771.780029296875,771.614990234375,771.7550048828125,24778
2026-08-05 13:58:00-04:00,771.75,771.8400268554688,771.6599731445312,771.6799926757812,31201
2026-08-05 13:59:00-04:00,771.6799926757812,771.72998046875,771.5264892578125,771.5549926757812,28509
2026-08-05 14:00:00-04:00,771.5599975585938,771.77001953125,771.5399780273438,771.6099853515625,68851
2026-08-05 14:01:00-04:00,771.6099853515625,771.719970703125,771.5800170898438,771.594970703125,131853
2026-08-05 14:02:00-04:00,771.5499877929688,771.8200073242188,771.5399780273438,771.77001953125,100762
2026-08-05 14:03:00-04:00,771.7899780273438,771.95751953125,771.7301025390625,771.9249877929688,118018
2026-08-05 14:04:00-04:00,771.9149780273438,772.1699829101562,771.8499755859375,772.1201171875,92323
2026-08-05 14:05:00-04:00,772.1199951171875,772.2100219726562,772.0150146484375,772.1900024414062,68839
2026-08-05 14:06:00-04:00,772.2100219726562,772.25,771.830078125,771.9287109375,66878
2026-08-05 14:07:00-04:00,771.9199829101562,771.9400024414062,771.719970703125,771.8049926757812,105772
2026-08-05 14:08:00-04:00,771.7899780273438,771.9000244140625,771.6799926757812,771.9000244140625,39114
2026-08-05 14:09:00-04:00,771.885009765625,771.9749755859375,771.780029296875,771.9099731445312,38627
2026-08-05 14:10:00-04:00,771.9600219726562,772.02001953125,771.8499755859375,771.8800048828125,252865
2026-08-05 14:11:00-04:00,771.8599853515625,772.10498046875,771.8499755859375,772.0800170898438,55837
2026-08-05 14:12:00-04:00,772.0700073242188,772.0999755859375,771.9600219726562,772.0,61982
2026-08-05 14:13:00-04:00,772.0,772.030029296875,771.8800048828125,771.905029296875,40656
2026-08-05 14:14:00-04:00,771.9249877929688,771.969970703125,771.760986328125,771.7899780273438,29918
2026-08-05 14:15:00-04:00,771.7999877929688,772.0650024414062,771.6699829101562,772.0599975585938,81018
2026-08-05 14:16:00-04:00,772.0449829101562,772.0599975585938,771.9650268554688,772.0150146484375,33853
2026-08-05 14:17:00-04:00,772.02001953125,772.0800170898438,771.8250122070312,771.8400268554688,43526
2026-08-05 14:18:00-04:00,771.8300170898438,771.969970703125,771.7999877929688,771.969970703125,41379
2026-08-05 14:19:00-04:00,771.9600219726562,772.0999755859375,771.9400024414062,772.0399780273438,35563
2026-08-05 14:20:00-04:00,772.0399780273438,772.0549926757812,771.9000244140625,772.02001953125,78435
2026-08-05 14:21:00-04:00,772.010009765625,772.02001953125,771.9099731445312,771.9299926757812,33054
2026-08-05 14:22:00-04:00,771.9199829101562,771.969970703125,771.7401123046875,771.8200073242188,33911
2026-08-05 14:23:00-04:00,771.8499755859375,771.9099731445312,771.7763061523438,771.9099731445312,22975
2026-08-05 14:24:00-04:00,771.9199829101562,771.9600219726562,771.8300170898438,771.8599853515625,61527
2026-08-05 14:25:00-04:00,771.8499755859375,772.0700073242188,771.8499755859375,772.0549926757812,64747
2026-08-05 14:26:00-04:00,772.0549926757812,772.1199951171875,771.9749755859375,771.989990234375,126623
2026-08-05 14:27:00-04:00,771.989990234375,772.02001953125,771.9000244140625,771.9099731445312,45256
2026-08-05 14:28:00-04:00,771.9099731445312,771.9299926757812,771.8099975585938,771.8699951171875,73779
2026-08-05 14:29:00-04:00,771.8699951171875,771.969970703125,771.8599853515625,771.9400024414062,31058
2026-08-05 14:30:00-04:00,771.9299926757812,771.9400024414062,771.4500122070312,771.52001953125,127904
2026-08-05 14:31:00-04:00,771.5499877929688,771.5499877929688,771.2600708007812,771.2999877929688,54508
2026-08-05 14:32:00-04:00,771.2999877929688,771.3800048828125,771.2000122070312,771.27001953125,59058
2026-08-05 14:33:00-04:00,771.25,771.4000244140625,771.25,771.3599853515625,123938
2026-08-05 14:34:00-04:00,771.344970703125,771.47998046875,771.22998046875,771.3599853515625,35292
2026-08-05 14:35:00-04:00,771.3599853515625,771.5599975585938,771.3400268554688,771.5399780273438,50829
2026-08-05 14:36:00-04:00,771.530029296875,771.6900024414062,771.5,771.564697265625,140157
2026-08-05 14:37:00-04:00,771.5800170898438,771.6300048828125,771.4400024414062,771.5999755859375,103601
2026-08-05 14:38:00-04:00,771.5999755859375,771.7098999023438,771.47998046875,771.5999755859375,32351
2026-08-05 14:39:00-04:00,771.60498046875,771.6699829101562,771.4600219726562,771.4600219726562,32988
2026-08-05 14:40:00-04:00,771.469970703125,771.6699829101562,771.4199829101562,771.5150146484375,91414
2026-08-05 14:41:00-04:00,771.5,771.5599975585938,771.3972778320312,771.5399780273438,52937
2026-08-05 14:42:00-04:00,771.5250244140625,771.6699829101562,771.4550170898438,771.6699829101562,41253
2026-08-05 14:43:00-04:00,771.6599731445312,771.6599731445312,771.5150146484375,771.5499877929688,46972
2026-08-05 14:44:00-04:00,771.5549926757812,771.625,771.5,771.5800170898438,60951
2026-08-05 14:45:00-04:00,771.5700073242188,771.8099975585938,771.5150146484375,771.780029296875,111484
2026-08-05 14:46:00-04:00,771.7750244140625,771.8099975585938,771.6300048828125,771.7899780273438,48815
2026-08-05 14:47:00-04:00,771.7849731445312,771.8699951171875,771.739990234375,771.7899780273438,51119
2026-08-05 14:48:00-04:00,771.7899780273438,771.9500122070312,771.77001953125,771.8099975585938,43964
2026-08-05 14:49:00-04:00,771.7999877929688,771.8400268554688,771.72998046875,771.8099975585938,25377
2026-08-05 14:50:00-04:00,771.8099975585938,771.9600219726562,771.760009765625,771.9000244140625,47214
2026-08-05 14:51:00-04:00,771.8900146484375,771.9199829101562,771.7000122070312,771.75,36317
2026-08-05 14:52:00-04:00,771.72998046875,771.77001953125,771.6400146484375,771.6799926757812,44283
2026-08-05 14:53:00-04:00,771.7000122070312,771.780029296875,771.6300048828125,771.6950073242188,57698
2026-08-05 14:54:00-04:00,771.7150268554688,771.8300170898438,771.6400146484375,771.72998046875,69009
2026-08-05 14:55:00-04:00,771.72998046875,771.7750244140625,771.5499877929688,771.5700073242188,146559
2026-08-05 14:56:00-04:00,771.5499877929688,771.5499877929688,771.4000244140625,771.4395751953125,63975
2026-08-05 14:57:00-04:00,771.4400024414062,771.5900268554688,771.3599853515625,771.5800170898438,111838
2026-08-05 14:58:00-04:00,771.5750122070312,771.6300048828125,771.5,771.5250244140625,44095
2026-08-05 14:59:00-04:00,771.52001953125,771.5499877929688,771.3400268554688,771.3909912109375,67105
2026-08-05 15:00:00-04:00,771.4000244140625,771.489990234375,771.239990234375,771.413818359375,57408
2026-08-05 15:01:00-04:00,771.4099731445312,771.6199951171875,771.3599853515625,771.5700073242188,57887
2026-08-05 15:02:00-04:00,771.5750122070312,771.6199951171875,771.4299926757812,771.47998046875,104143
2026-08-05 15:03:00-04:00,771.489990234375,771.5599975585938,771.3599853515625,771.52001953125,62103
2026-08-05 15:04:00-04:00,771.510009765625,771.6300048828125,771.510009765625,771.6298828125,64616
2026-08-05 15:05:00-04:00,771.6099853515625,771.8400268554688,771.5599975585938,771.760009765625,49841
2026-08-05 15:06:00-04:00,771.760009765625,771.760009765625,771.5599975585938,771.5800170898438,51369
2026-08-05 15:07:00-04:00,771.5900268554688,771.8499755859375,771.52001953125,771.7999877929688,85190
2026-08-05 15:08:00-04:00,771.7949829101562,771.8150024414062,771.6599731445312,771.7550048828125,37179
2026-08-05 15:09:00-04:00,771.739990234375,771.75,771.6400146484375,771.6904907226562,46349
2026-08-05 15:10:00-04:00,771.7000122070312,771.719482421875,771.5599975585938,771.6900024414062,107558
2026-08-05 15:11:00-04:00,771.6699829101562,771.6849975585938,771.5399780273438,771.6300048828125,63159
2026-08-05 15:12:00-04:00,771.6400146484375,771.6900024414062,771.6099853515625,771.6599731445312,42733
2026-08-05 15:13:00-04:00,771.6599731445312,771.780029296875,771.6199951171875,771.6799926757812,60435
2026-08-05 15:14:00-04:00,771.6749877929688,771.77001953125,771.6300048828125,771.72998046875,76290
2026-08-05 15:15:00-04:00,771.739990234375,771.8400268554688,771.6599731445312,771.7999877929688,54249
2026-08-05 15:16:00-04:00,771.7899780273438,771.8900146484375,771.72998046875,771.8300170898438,39919
2026-08-05 15:17:00-04:00,771.8150024414062,771.8599853515625,771.7401123046875,771.8099975585938,23314
2026-08-05 15:18:00-04:00,771.7999877929688,771.8800048828125,771.760009765625,771.8800048828125,85959
2026-08-05 15:19:00-04:00,771.8699951171875,771.9190063476562,771.75,771.8200073242188,101216
2026-08-05 15:20:00-04:00,771.8300170898438,771.989013671875,771.8300170898438,771.8800048828125,75730
2026-08-05 15:21:00-04:00,771.8800048828125,771.8800048828125,771.6500244140625,771.7249755859375,63522
2026-08-05 15:22:00-04:00,771.7249755859375,771.8400268554688,771.7000122070312,771.719970703125,98463
2026-08-05 15:23:00-04:00,771.72998046875,771.9500122070312,771.719970703125,771.8900146484375,193234
2026-08-05 15:24:00-04:00,771.8900146484375,771.9099731445312,771.8200073242188,771.869873046875,101646
2026-08-05 15:25:00-04:00,771.8599853515625,771.9249877929688,771.760009765625,771.8200073242188,236393
2026-08-05 15:26:00-04:00,771.8099975585938,771.9550170898438,771.7999877929688,771.9400024414062,57853
2026-08-05 15:27:00-04:00,771.9299926757812,771.969970703125,771.875,771.9099731445312,58254
2026-08-05 15:28:00-04:00,771.9099731445312,771.9400024414062,771.8099975585938,771.864990234375,61432
2026-08-05 15:29:00-04:00,771.8699951171875,771.9099731445312,771.77001953125,771.7999267578125,81527
2026-08-05 15:30:00-04:00,771.780029296875,771.8900146484375,771.72998046875,771.8300170898438,87560
2026-08-05 15:31:00-04:00,771.8099975585938,771.8099975585938,771.5800170898438,771.60498046875,95157
2026-08-05 15:32:00-04:00,771.60498046875,771.72998046875,771.5700073242188,771.655029296875,91437
2026-08-05 15:33:00-04:00,771.6500244140625,771.6699829101562,771.364990234375,771.4650268554688,108246
2026-08-05 15:34:00-04:00,771.4650268554688,771.5900268554688,771.4500122070312,771.5399780273438,71545
2026-08-05 15:35:00-04:00,771.5399780273438,771.5399780273438,771.2550048828125,771.3350219726562,158577
2026-08-05 15:36:00-04:00,771.3350219726562,771.4000244140625,771.2537841796875,771.375,142087
2026-08-05 15:37:00-04:00,771.375,771.5120239257812,771.3200073242188,771.375,116223
2026-08-05 15:38:00-04:00,771.375,771.489990234375,771.3200073242188,771.3200073242188,96722
2026-08-05 15:39:00-04:00,771.3049926757812,771.3599853515625,771.260009765625,771.3051147460938,70697
2026-08-05 15:40:00-04:00,771.2999877929688,771.5399780273438,771.27001953125,771.5250244140625,81536
2026-08-05 15:41:00-04:00,771.5250244140625,771.5599975585938,771.4000244140625,771.489990234375,65894
2026-08-05 15:42:00-04:00,771.510009765625,771.6298828125,771.4749755859375,771.5599975585938,56650
2026-08-05 15:43:00-04:00,771.5549926757812,771.5800170898438,771.4500122070312,771.489990234375,74032
2026-08-05 15:44:00-04:00,771.489990234375,771.52001953125,771.4000244140625,771.4949951171875,204462
2026-08-05 15:45:00-04:00,771.47998046875,771.6500244140625,771.4500122070312,771.5399780273438,171743
2026-08-05 15:46:00-04:00,771.5499877929688,771.5499877929688,771.2000122070312,771.2520141601562,91551
2026-08-05 15:47:00-04:00,771.260009765625,771.47998046875,771.260009765625,771.469970703125,97525
2026-08-05 15:48:00-04:00,771.47998046875,771.47998046875,771.2100219726562,771.25,80499
2026-08-05 15:49:00-04:00,771.25,771.489990234375,771.239990234375,771.489990234375,278039
2026-08-05 15:50:00-04:00,771.489990234375,771.7000122070312,771.3599853515625,771.3900146484375,149721
2026-08-05 15:51:00-04:00,771.3900146484375,771.5599975585938,771.3800048828125,771.5075073242188,146722
2026-08-05 15:52:00-04:00,771.5050048828125,771.5800170898438,771.3900146484375,771.4400024414062,105629
2026-08-05 15:53:00-04:00,771.4349975585938,771.5999755859375,771.3699951171875,771.5900268554688,141523
2026-08-05 15:54:00-04:00,771.594970703125,771.594970703125,771.4249877929688,771.5,167642
2026-08-05 15:55:00-04:00,771.510009765625,771.5900268554688,771.3499755859375,771.3499755859375,430627
2026-08-05 15:56:00-04:00,771.3499755859375,771.3599853515625,771.094970703125,771.1849975585938,216050
2026-08-05 15:57:00-04:00,771.1799926757812,771.2100219726562,770.9600219726562,771.125,801922
2026-08-05 15:58:00-04:00,771.1199951171875,771.135009765625,770.880126953125,770.9349975585938,445802
2026-08-05 15:59:00-04:00,770.9299926757812,770.9400024414062,769.510009765625,769.739990234375,1135700
2026-08-06 09:30:00-04:00,770.2100219726562,770.7899780273438,770.0999755859375,770.2100219726562,1178463
2026-08-06 09:31:00-04:00,770.2000122070312,770.4500122070312,769.9920043945312,769.9920043945312,238495
2026-08-06 09:32:00-04:00,770.0,770.0499877929688,769.3604736328125,769.4400024414062,235422
2026-08-06 09:33:00-04:00,769.4400024414062,769.5499877929688,769.0576171875,769.469970703125,141802
2026-08-06 09:34:00-04:00,769.4450073242188,770.0399780273438,769.25,769.9199829101562,118827
2026-08-06 09:35:00-04:00,769.9000244140625,770.0999755859375,769.5999755859375,770.0,163519
2026-08-06 09:36:00-04:00,770.0,770.5599975585938,770.0,770.4500122070312,156316
2026-08-06 09:37:00-04:00,770.47998046875,770.8699951171875,770.4199829101562,770.530029296875,97181
2026-08-06 09:38:00-04:00,770.5399780273438,770.7374877929688,770.1849975585938,770.2100219726562,70190
2026-08-06 09:39:00-04:00,770.219970703125,770.3400268554688,769.6817016601562,769.719970703125,91563
2026-08-06 09:40:00-04:00,769.7050170898438,770.2000122070312,769.5050048828125,770.0150146484375,85656
2026-08-06 09:41:00-04:00,770.0349731445312,770.5399780273438,770.0349731445312,770.3900146484375,62432
2026-08-06 09:42:00-04:00,770.39501953125,770.5499877929688,770.1599731445312,770.239990234375,61876
2026-08-06 09:43:00-04:00,770.239990234375,770.7579956054688,770.239990234375,770.610107421875,49918
2026-08-06 09:44:00-04:00,770.6900024414062,770.9000244140625,770.3602294921875,770.5,54419
2026-08-06 09:45:00-04:00,770.47998046875,770.9299926757812,770.47998046875,770.6799926757812,87988
2026-08-06 09:46:00-04:00,770.6599731445312,771.0650024414062,770.5900268554688,771.0599975585938,66084
2026-08-06 09:47:00-04:00,771.0449829101562,771.4199829101562,771.0,771.4199829101562,85036
2026-08-06 09:48:00-04:00,771.4299926757812,771.52001953125,771.3049926757812,771.4000244140625,62887
2026-08-06 09:49:00-04:00,771.4099731445312,771.52001953125,771.25,771.3099975585938,42242
2026-08-06 09:50:00-04:00,771.3099975585938,771.52001953125,771.14501953125,771.3400268554688,107810
2026-08-06 09:51:00-04:00,771.3400268554688,771.3900146484375,771.0399780273438,771.3900146484375,44579
2026-08-06 09:52:00-04:00,771.4299926757812,771.5250244140625,771.219970703125,771.3200073242188,62467
2026-08-06 09:53:00-04:00,771.3300170898438,771.4199829101562,771.02001953125,771.0900268554688,42152
2026-08-06 09:54:00-04:00,771.094970703125,771.1900024414062,770.780029296875,770.9199829101562,103764
2026-08-06 09:55:00-04:00,770.9249877929688,771.14501953125,770.781005859375,771.0001220703125,32393
2026-08-06 09:56:00-04:00,771.0,771.260009765625,770.6599731445312,770.7899780273438,111194
2026-08-06 09:57:00-04:00,770.8200073242188,771.060791015625,770.739990234375,770.8800048828125,49901
2026-08-06 09:58:00-04:00,770.8800048828125,770.9149780273438,770.72998046875,770.8900146484375,75769
2026-08-06 09:59:00-04:00,770.9099731445312,771.1099853515625,770.5399780273438,770.9199829101562,43699
2026-08-06 10:00:00-04:00,770.9500122070312,771.239990234375,770.614990234375,770.969970703125,77146
2026-08-06 10:01:00-04:00,770.9949951171875,771.1099853515625,770.6500244140625,770.9600219726562,63277
2026-08-06 10:02:00-04:00,770.969970703125,771.3460083007812,770.9400024414062,771.3400268554688,53546
2026-08-06 10:03:00-04:00,771.3499755859375,771.3499755859375,770.6799926757812,770.7100830078125,42048
2026-08-06 10:04:00-04:00,770.7000122070312,771.1799926757812,770.6900024414062,771.1300048828125,34449
2026-08-06 10:05:00-04:00,771.1500244140625,771.2899780273438,770.9066772460938,771.0,35821
2026-08-06 10:06:00-04:00,770.97998046875,771.25,770.8900146484375,771.239990234375,39438
2026-08-06 10:07:00-04:00,771.2000122070312,771.47998046875,771.2000122070312,771.2899780273438,44266
2026-08-06 10:08:00-04:00,771.2899780273438,771.4349975585938,771.219970703125,771.4199829101562,41373
2026-08-06 10:09:00-04:00,771.405029296875,771.510009765625,771.2305297851562,771.4299926757812,89940
2026-08-06 10:10:00-04:00,771.4349975585938,771.5999145507812,771.3900146484375,771.5198974609375,64855
2026-08-06 10:11:00-04:00,771.5050048828125,771.77001953125,771.4749755859375,771.6749877929688,68888
2026-08-06 10:12:00-04:00,771.6799926757812,771.7100219726562,771.4000244140625,771.4000244140625,61187
2026-08-06 10:13:00-04:00,771.4099731445312,771.7100219726562,771.380126953125,771.594970703125,41977
2026-08-06 10:14:00-04:00,771.5900268554688,771.6599731445312,771.4500122070312,771.5499877929688,162921
2026-08-06 10:15:00-04:00,771.530029296875,771.5599975585938,771.1199951171875,771.3400268554688,62127
2026-08-06 10:16:00-04:00,771.3400268554688,771.3499755859375,771.1199951171875,771.1500244140625,40679
2026-08-06 10:17:00-04:00,771.1699829101562,771.6500244140625,771.1500244140625,771.6199951171875,41701
2026-08-06 10:18:00-04:00,771.6099853515625,771.8090209960938,771.4299926757812,771.7600708007812,49379
2026-08-06 10:19:00-04:00,771.760009765625,771.8099975585938,771.6199951171875,771.7050170898438,36353
2026-08-06 10:20:00-04:00,771.7239990234375,771.7899780273438,771.52001953125,771.6699829101562,30426
2026-08-06 10:21:00-04:00,771.6599731445312,771.6699829101562,771.4805297851562,771.5100708007812,32505
2026-08-06 10:22:00-04:00,771.530029296875,771.8200073242188,771.510009765625,771.6400146484375,63015
2026-08-06 10:23:00-04:00,771.6300048828125,771.6900024414062,771.3499755859375,771.3499755859375,68549
2026-08-06 10:24:00-04:00,771.3499755859375,771.47998046875,771.1699829101562,771.22998046875,85265
2026-08-06 10:25:00-04:00,771.22998046875,771.27001953125,770.7479248046875,771.0399780273438,63946
2026-08-06 10:26:00-04:00,771.030029296875,771.030029296875,770.3400268554688,770.5800170898438,123902
2026-08-06 10:27:00-04:00,770.5750122070312,770.5750122070312,770.260009765625,770.3800048828125,76359
2026-08-06 10:28:00-04:00,770.405029296875,770.6599731445312,770.22998046875,770.282470703125,60440
2026-08-06 10:29:00-04:00,770.260009765625,770.4500122070312,770.0700073242188,770.4500122070312,59366
2026-08-06 10:30:00-04:00,770.4500122070312,770.8200073242188,770.4349975585938,770.5382080078125,57171
2026-08-06 10:31:00-04:00,770.560302734375,770.6099853515625,770.25,770.469970703125,189965
2026-08-06 10:32:00-04:00,770.4849853515625,770.510009765625,770.1649780273438,770.4600219726562,107208
2026-08-06 10:33:00-04:00,770.4550170898438,770.5689697265625,770.2999877929688,770.52001953125,49238
2026-08-06 10:34:00-04:00,770.530029296875,770.8800048828125,770.4400024414062,770.7949829101562,72484
2026-08-06 10:35:00-04:00,770.7949829101562,770.9400024414062,770.7153930664062,770.9249877929688,91754
2026-08-06 10:36:00-04:00,770.9299926757812,770.9600219726562,770.4000244140625,770.60498046875,62222
2026-08-06 10:37:00-04:00,770.60498046875,770.60498046875,770.2000122070312,770.3099975585938,80979
2026-08-06 10:38:00-04:00,770.3099975585938,770.4000244140625,770.0399780273438,770.0399780273438,72844
2026-08-06 10:39:00-04:00,770.0399780273438,770.1599731445312,769.760009765625,769.760009765625,177568
2026-08-06 10:40:00-04:00,769.75,770.02001953125,769.6400146484375,769.9199829101562,66488
2026-08-06 10:41:00-04:00,769.9425048828125,770.3400268554688,769.89501953125,770.3300170898438,82760
2026-08-06 10:42:00-04:00,770.3300170898438,770.5800170898438,770.2600708007812,770.530029296875,43087
2026-08-06 10:43:00-04:00,770.5399780273438,770.6699829101562,770.3934936523438,770.6699829101562,30865
2026-08-06 10:44:00-04:00,770.64501953125,770.72998046875,770.1099853515625,770.14501953125,60352
2026-08-06 10:45:00-04:00,770.135009765625,770.2150268554688,769.75,770.0599975585938,107624
2026-08-06 10:46:00-04:00,770.0700073242188,770.094970703125,769.760009765625,769.77001953125,47451
2026-08-06 10:47:00-04:00,769.7449951171875,769.969970703125,769.72998046875,769.9400024414062,62450
2026-08-06 10:48:00-04:00,769.9550170898438,770.0,769.739990234375,769.8099975585938,60681
2026-08-06 10:49:00-04:00,769.7999877929688,769.896728515625,769.6500244140625,769.6699829101562,73307
2026-08-06 10:50:00-04:00,769.6599731445312,769.9600219726562,769.530029296875,769.9600219726562,84749
2026-08-06 10:51:00-04:00,769.9600219726562,769.9600219726562,769.739990234375,769.8200073242188,49188
2026-08-06 10:52:00-04:00,769.8099975585938,769.989990234375,769.72998046875,769.9299926757812,105237
2026-08-06 10:53:00-04:00,769.9000244140625,770.1300048828125,769.7899780273438,769.7899780273438,81424
2026-08-06 10:54:00-04:00,769.7899780273438,770.47998046875,769.780029296875,770.4500122070312,66606
2026-08-06 10:55:00-04:00,770.47998046875,770.530029296875,770.2899780273438,770.52001953125,49222
2026-08-06 10:56:00-04:00,770.489990234375,770.7999877929688,770.4199829101562,770.77001953125,48167
2026-08-06 10:57:00-04:00,770.7899780273438,771.0599975585938,770.6199951171875,770.9099731445312,69807
2026-08-06 10:58:00-04:00,770.9299926757812,771.010009765625,770.7111206054688,770.739990234375,52411
2026-08-06 10:59:00-04:00,770.719970703125,770.989990234375,770.6400146484375,770.9849853515625,36793
2026-08-06 11:00:00-04:00,771.0,771.2100219726562,770.9299926757812,770.9600219726562,60214
2026-08-06 11:01:00-04:00,770.95751953125,771.0399780273438,770.75,770.9099731445312,60046
2026-08-06 11:02:00-04:00,770.9099731445312,770.9299926757812,770.469970703125,770.510009765625,49564
2026-08-06 11:03:00-04:00,770.52001953125,770.5700073242188,770.1099853515625,770.239990234375,690784
2026-08-06 11:04:00-04:00,770.25,770.3599853515625,770.1699829101562,770.2899780273438,47539
2026-08-06 11:05:00-04:00,770.280029296875,770.5050048828125,770.27001953125,770.489990234375,67500
2026-08-06 11:06:00-04:00,770.5,770.6099853515625,770.3150024414062,770.5499877929688,32953
2026-08-06 11:07:00-04:00,770.5900268554688,770.7550048828125,770.469970703125,770.6900024414062,42707
2026-08-06 11:08:00-04:00,770.6799926757812,770.8099975585938,770.5900268554688,770.6300048828125,51187
2026-08-06 11:09:00-04:00,770.5999755859375,770.5999755859375,770.4099731445312,770.5700073242188,31035
2026-08-06 11:10:00-04:00,770.5700073242188,770.739990234375,770.5001220703125,770.6400146484375,41427
2026-08-06 11:11:00-04:00,770.6378173828125,770.6900024414062,770.4400024414062,770.489990234375,27281
2026-08-06 11:12:00-04:00,770.4600219726562,770.5474853515625,770.3099975585938,770.3099975585938,35585
2026-08-06 11:13:00-04:00,770.2999877929688,770.3800048828125,770.1400146484375,770.1400146484375,46392
2026-08-06 11:14:00-04:00,770.1300048828125,770.1599731445312,769.9099731445312,769.9600219726562,59768
2026-08-06 11:15:00-04:00,769.9600219726562,770.1199951171875,769.8599853515625,770.0599975585938,70933
2026-08-06 11:16:00-04:00,770.0399780273438,770.083984375,769.8200073242188,770.0399780273438,187598
2026-08-06 11:17:00-04:00,770.0399780273438,770.0399780273438,769.5499877929688,769.5599975585938,187369
2026-08-06 11:18:00-04:00,769.5700073242188,769.6199951171875,769.2100219726562,769.3699951171875,77629
2026-08-06 11:19:00-04:00,769.3400268554688,769.3499755859375,768.9600219726562,768.9600219726562,88527
2026-08-06 11:20:00-04:00,768.9749755859375,769.239990234375,768.8699951171875,769.1699829101562,75511
2026-08-06 11:21:00-04:00,769.1599731445312,769.1965942382812,768.8200073242188,769.0700073242188,84468
2026-08-06 11:22:00-04:00,769.0499877929688,769.0996704101562,768.7999877929688,768.8499755859375,60714
2026-08-06 11:23:00-04:00,768.844970703125,769.2100219726562,768.6199951171875,769.1099853515625,101816
2026-08-06 11:24:00-04:00,769.10009765625,769.239990234375,768.8900146484375,768.9299926757812,59184
2026-08-06 11:25:00-04:00,768.9299926757812,769.0499877929688,768.6500244140625,769.0449829101562,67881
2026-08-06 11:26:00-04:00,769.0499877929688,769.25,768.9000244140625,768.9400024414062,53188
2026-08-06 11:27:00-04:00,768.9500122070312,769.2999877929688,768.8762817382812,768.8762817382812,49733
2026-08-06 11:28:00-04:00,768.9000244140625,769.1599731445312,768.8400268554688,769.1500244140625,76301
2026-08-06 11:29:00-04:00,769.1699829101562,769.25,769.0599975585938,769.239990234375,42505
2026-08-06 11:30:00-04:00,769.239990234375,769.4000244140625,769.0900268554688,769.3699951171875,46837
2026-08-06 11:31:00-04:00,769.3699951171875,769.4400024414062,768.9600219726562,768.97998046875,65421
2026-08-06 11:32:00-04:00,768.9600219726562,769.0390014648438,768.7210083007812,768.8399047851562,46355
2026-08-06 11:33:00-04:00,768.8099975585938,768.8800048828125,768.6599731445312,768.8099975585938,36348
2026-08-06 11:34:00-04:00,768.8400268554688,768.8599853515625,768.530029296875,768.530029296875,92336
2026-08-06 11:35:00-04:00,768.530029296875,768.77001953125,768.4299926757812,768.7650146484375,53341
2026-08-06 11:36:00-04:00,768.780029296875,768.780029296875,768.4099731445312,768.4500122070312,63920
2026-08-06 11:37:00-04:00,768.4299926757812,768.6599731445312,768.3300170898438,768.6599731445312,104651
2026-08-06 11:38:00-04:00,768.6500244140625,768.7999877929688,768.5184936523438,768.6699829101562,86666
2026-08-06 11:39:00-04:00,768.6699829101562,768.9000244140625,768.5999755859375,768.7000122070312,55799
2026-08-06 11:40:00-04:00,768.6900024414062,768.9299926757812,768.6199951171875,768.8200073242188,76785
2026-08-06 11:41:00-04:00,768.8499755859375,768.969970703125,768.5599975585938,768.5999755859375,153438
2026-08-06 11:42:00-04:00,768.6099853515625,768.6799926757812,768.489990234375,768.5299072265625,106617
2026-08-06 11:43:00-04:00,768.510009765625,768.510009765625,768.3499755859375,768.4299926757812,59413
2026-08-06 11:44:00-04:00,768.4500122070312,768.5700073242188,768.3300170898438,768.3300170898438,62589
2026-08-06 11:45:00-04:00,768.3300170898438,768.5549926757812,768.3200073242188,768.4400024414062,54830
2026-08-06 11:46:00-04:00,768.4600219726562,769.114990234375,768.4500122070312,769.114990234375,84660
2026-08-06 11:47:00-04:00,769.114990234375,769.219970703125,769.030029296875,769.0399780273438,51888
2026-08-06 11:48:00-04:00,769.030029296875,769.5399780273438,769.0,769.5349731445312,95774
2026-08-06 11:49:00-04:00,769.5250244140625,769.5800170898438,769.1699829101562,769.2000732421875,76521
2026-08-06 11:50:00-04:00,769.2100219726562,769.780029296875,769.2100219726562,769.5,117818
2026-08-06 11:51:00-04:00,769.5399780273438,769.5399780273438,769.030029296875,769.1599731445312,34955
2026-08-06 11:52:00-04:00,769.1599731445312,769.3200073242188,768.8099975585938,768.9600219726562,102205
2026-08-06 11:53:00-04:00,768.97998046875,768.989990234375,768.3800048828125,768.5800170898438,188027
2026-08-06 11:54:00-04:00,768.5650024414062,768.719970703125,768.0800170898438,768.1300048828125,74610
2026-08-06 11:55:00-04:00,768.125,768.260009765625,767.9500122070312,768.22998046875,170263
2026-08-06 11:56:00-04:00,768.239990234375,768.4400024414062,768.1500244140625,768.2150268554688,75715
2026-08-06 11:57:00-04:00,768.2249755859375,768.5599975585938,768.1599731445312,768.510009765625,76854
2026-08-06 11:58:00-04:00,768.47998046875,768.52001953125,768.2650146484375,768.330078125,52260
2026-08-06 11:59:00-04:00,768.3300170898438,768.3400268554688,768.010009765625,768.125,82163
2026-08-06 12:00:00-04:00,768.1599731445312,768.3200073242188,767.9400024414062,768.0,98682
2026-08-06 12:01:00-04:00,768.010009765625,768.030029296875,767.75,767.9749755859375,101281
2026-08-06 12:02:00-04:00,767.9749755859375,768.2100219726562,767.9400024414062,768.1300048828125,94103
2026-08-06 12:03:00-04:00,768.1599731445312,768.22998046875,767.9749755859375,768.0,71191
2026-08-06 12:04:00-04:00,767.97998046875,768.0549926757812,767.77001953125,768.0549926757812,68621
2026-08-06 12:05:00-04:00,768.0482177734375,768.3699951171875,767.9400024414062,768.2899780273438,65300
2026-08-06 12:06:00-04:00,768.2650146484375,768.3499755859375,767.9099731445312,768.0800170898438,65456
2026-08-06 12:07:00-04:00,768.0999755859375,768.260009765625,768.0599975585938,768.1400146484375,42535
2026-08-06 12:08:00-04:00,768.1500244140625,768.510009765625,768.1400146484375,768.3300170898438,95678
2026-08-06 12:09:00-04:00,768.3200073242188,768.3800048828125,768.2000122070312,768.3400268554688,48337
2026-08-06 12:10:00-04:00,768.3200073242188,768.5399780273438,768.3200073242188,768.380126953125,43388
2026-08-06 12:11:00-04:00,768.4000244140625,768.4000244140625,767.9500122070312,767.9500122070312,54038
2026-08-06 12:12:00-04:00,767.969970703125,768.1400146484375,767.902099609375,768.1400146484375,46890
2026-08-06 12:13:00-04:00,768.1400146484375,768.1400146484375,767.8499755859375,767.8499755859375,55801
2026-08-06 12:14:00-04:00,767.8400268554688,768.0,767.8200073242188,767.97998046875,69197
2026-08-06 12:15:00-04:00,767.97998046875,768.030029296875,767.7999877929688,767.8099975585938,41668
2026-08-06 12:16:00-04:00,767.8099975585938,767.8900146484375,767.4600219726562,767.8400268554688,103998
2026-08-06 12:17:00-04:00,767.8499755859375,768.0,767.8099975585938,767.9691162109375,68767
2026-08-06 12:18:00-04:00,767.97998046875,768.3198852539062,767.8499755859375,768.25,77586
2026-08-06 12:19:00-04:00,768.2449951171875,768.5,768.0999755859375,768.2150268554688,155143
2026-08-06 12:20:00-04:00,768.219970703125,768.25,767.8900146484375,768.0700073242188,70509
2026-08-06 12:21:00-04:00,768.0800170898438,768.2899780273438,767.969970703125,768.2100219726562,937382
2026-08-06 12:22:00-04:00,768.2000122070312,768.35498046875,768.0499877929688,768.0800170898438,67912
2026-08-06 12:23:00-04:00,768.0800170898438,768.1400146484375,768.0050048828125,768.030029296875,49467
2026-08-06 12:24:00-04:00,768.0399780273438,768.27001953125,767.8800048828125,768.27001953125,63803
2026-08-06 12:25:00-04:00,768.280029296875,768.2999877929688,768.0,768.0,185754
2026-08-06 12:26:00-04:00,768.0,768.1300048828125,768.0,768.1199951171875,129756
2026-08-06 12:27:00-04:00,768.1099853515625,768.3400268554688,768.0499877929688,768.3200073242188,68814
2026-08-06 12:28:00-04:00,768.2899780273438,768.489990234375,768.2150268554688,768.234619140625,64492
2026-08-06 12:29:00-04:00,768.22998046875,768.4199829101562,768.1950073242188,768.260009765625,40019
2026-08-06 12:30:00-04:00,768.27001953125,768.6099853515625,768.22998046875,768.5772094726562,54020
2026-08-06 12:31:00-04:00,768.6179809570312,768.6900024414062,768.5300903320312,768.6199951171875,79113
2026-08-06 12:32:00-04:00,768.6300048828125,768.8200073242188,768.4199829101562,768.4400024414062,69145
2026-08-06 12:33:00-04:00,768.4400024414062,768.4400024414062,768.1900024414062,768.239990234375,37026
2026-08-06 12:34:00-04:00,768.2249755859375,768.3400268554688,768.1300048828125,768.3099975585938,26405
2026-08-06 12:35:00-04:00,768.3300170898438,768.4500122070312,768.2100219726562,768.3300170898438,42069
2026-08-06 12:36:00-04:00,768.3400268554688,768.5299072265625,768.239990234375,768.47998046875,35931
2026-08-06 12:37:00-04:00,768.510009765625,768.64501953125,768.3800048828125,768.6199951171875,40765
2026-08-06 12:38:00-04:00,768.6099853515625,768.8300170898438,768.6099853515625,768.7849731445312,51958
2026-08-06 12:39:00-04:00,768.780029296875,768.8699951171875,768.7301025390625,768.8699951171875,88422
2026-08-06 12:40:00-04:00,768.8800048828125,768.9000244140625,768.4600219726562,768.5900268554688,102071
2026-08-06 12:41:00-04:00,768.5750122070312,768.6799926757812,768.1400146484375,768.3599853515625,59830
2026-08-06 12:42:00-04:00,768.3800048828125,768.52001953125,768.3099975585938,768.4000244140625,42775
2026-08-06 12:43:00-04:00,768.4199829101562,768.4600219726562,768.1400146484375,768.1400146484375,45549
2026-08-06 12:44:00-04:00,768.1500244140625,768.239990234375,768.0700073242188,768.0800170898438,37882
2026-08-06 12:45:00-04:00,768.0700073242188,768.3200073242188,768.0650024414062,768.1799926757812,39504
2026-08-06 12:46:00-04:00,768.1900024414062,768.2100219726562,767.9299926757812,767.9400024414062,44082
2026-08-06 12:47:00-04:00,767.9500122070312,768.1099853515625,767.9080810546875,768.0999755859375,30714
2026-08-06 12:48:00-04:00,768.0900268554688,768.239013671875,768.030029296875,768.1400146484375,36374
2026-08-06 12:49:00-04:00,768.1500244140625,768.4163208007812,768.0650024414062,768.4149780273438,55039
2026-08-06 12:50:00-04:00,768.4199829101562,768.52001953125,768.22998046875,768.2650146484375,52755
2026-08-06 12:51:00-04:00,768.260009765625,768.5700073242188,768.22998046875,768.4099731445312,38043
2026-08-06 12:52:00-04:00,768.4249877929688,768.5700073242188,768.35498046875,768.5599975585938,35284
2026-08-06 12:53:00-04:00,768.5499877929688,768.6599731445312,768.4450073242188,768.510009765625,37312
2026-08-06 12:54:00-04:00,768.5,768.530029296875,768.27001953125,768.3499755859375,44004
2026-08-06 12:55:00-04:00,768.3499755859375,768.5399780273438,768.3400268554688,768.5349731445312,19254
2026-08-06 12:56:00-04:00,768.5700073242188,768.72998046875,768.530029296875,768.6699829101562,20297
2026-08-06 12:57:00-04:00,768.6599731445312,768.8099975585938,768.5549926757812,768.5800170898438,26917
2026-08-06 12:58:00-04:00,768.5800170898438,768.9000244140625,768.5700073242188,768.8699951171875,27435
2026-08-06 12:59:00-04:00,768.8703002929688,769.0399780273438,768.8703002929688,768.9600219726562,56697
2026-08-06 13:00:00-04:00,768.989990234375,769.1599731445312,768.9000244140625,769.1500244140625,54899
2026-08-06 13:01:00-04:00,769.1599731445312,769.1799926757812,768.8599853515625,768.8800048828125,124241
2026-08-06 13:02:00-04:00,768.8800048828125,768.9000244140625,768.7100219726562,768.7150268554688,34134
2026-08-06 13:03:00-04:00,768.719970703125,768.8300170898438,768.7000122070312,768.719970703125,38911
2026-08-06 13:04:00-04:00,768.739990234375,768.8699951171875,768.6900024414062,768.77001953125,33949
2026-08-06 13:05:00-04:00,768.760009765625,769.030029296875,768.7000122070312,769.030029296875,33877
2026-08-06 13:06:00-04:00,769.010009765625,769.1400146484375,768.9199829101562,768.969970703125,107622
2026-08-06 13:07:00-04:00,768.9500122070312,768.9500122070312,768.4299926757812,768.5001220703125,57552
2026-08-06 13:08:00-04:00,768.5,768.5,768.1900024414062,768.3546752929688,127566
2026-08-06 13:09:00-04:00,768.3250122070312,768.510009765625,768.3099975585938,768.3400268554688,36542
2026-08-06 13:10:00-04:00,768.3300170898438,768.469970703125,768.3049926757812,768.4299926757812,22977
2026-08-06 13:11:00-04:00,768.4204711914062,768.489990234375,768.260009765625,768.3200073242188,33700
2026-08-06 13:12:00-04:00,768.3099975585938,768.4400024414062,768.27001953125,768.4299926757812,33455
2026-08-06 13:13:00-04:00,768.4299926757812,768.5800170898438,768.4000244140625,768.4299926757812,37083
2026-08-06 13:14:00-04:00,768.4299926757812,768.4600219726562,768.0900268554688,768.1699829101562,34873
2026-08-06 13:15:00-04:00,768.1400146484375,768.1900024414062,768.030029296875,768.1099853515625,46553
2026-08-06 13:16:00-04:00,768.1199951171875,768.239990234375,768.1199951171875,768.1799926757812,53393
2026-08-06 13:17:00-04:00,768.1699829101562,768.260009765625,768.0999755859375,768.2100219726562,29555
2026-08-06 13:18:00-04:00,768.2050170898438,768.3499755859375,768.1199951171875,768.3499755859375,36402
2026-08-06 13:19:00-04:00,768.3699951171875,768.4600219726562,768.219970703125,768.3400268554688,33408
2026-08-06 13:20:00-04:00,768.3400268554688,768.4099731445312,768.2349853515625,768.3599853515625,37245
2026-08-06 13:21:00-04:00,768.35498046875,768.3699951171875,767.9005126953125,768.02001953125,39057
2026-08-06 13:22:00-04:00,768.02001953125,768.0999755859375,767.9299926757812,768.030029296875,24141
2026-08-06 13:23:00-04:00,768.02001953125,768.1699829101562,767.989990234375,768.0549926757812,33137
2026-08-06 13:24:00-04:00,768.0499877929688,768.0850219726562,767.9299926757812,767.969970703125,94401
2026-08-06 13:25:00-04:00,767.969970703125,768.25,767.969970703125,768.239990234375,71753
2026-08-06 13:26:00-04:00,768.25,768.27001953125,768.0700073242188,768.1799926757812,77510
2026-08-06 13:27:00-04:00,768.1605224609375,768.22998046875,768.0900268554688,768.1500244140625,35400
2026-08-06 13:28:00-04:00,768.1599731445312,768.2000122070312,768.02001953125,768.1300048828125,28091
2026-08-06 13:29:00-04:00,768.1199951171875,768.1300048828125,767.8099975585938,767.8300170898438,41958
2026-08-06 13:30:00-04:00,767.8300170898438,768.0999755859375,767.719970703125,767.989990234375,55502
2026-08-06 13:31:00-04:00,768.010009765625,768.1500244140625,767.9500122070312,767.969970703125,49085
2026-08-06 13:32:00-04:00,767.9600219726562,768.2100219726562,767.9600219726562,768.1599731445312,34598
2026-08-06 13:33:00-04:00,768.1599731445312,768.1599731445312,767.989990234375,768.0,30308
2026-08-06 13:34:00-04:00,767.97998046875,768.1500244140625,767.9400024414062,768.0999755859375,27867
2026-08-06 13:35:00-04:00,768.1099853515625,768.280029296875,768.0800170898438,768.1199951171875,40130
2026-08-06 13:36:00-04:00,768.0900268554688,768.1900024414062,768.0050048828125,768.1099853515625,35139
2026-08-06 13:37:00-04:00,768.0999755859375,768.1799926757812,768.0399780273438,768.1699829101562,37796
2026-08-06 13:38:00-04:00,768.1799926757812,768.239990234375,768.0499877929688,768.0999755859375,29533
2026-08-06 13:39:00-04:00,768.0999755859375,768.1599731445312,767.969970703125,768.02001953125,36049
2026-08-06 13:40:00-04:00,768.0399780273438,768.0900268554688,767.8900146484375,767.9199829101562,25896
2026-08-06 13:41:00-04:00,767.9099731445312,767.969970703125,767.8250122070312,767.8800048828125,45114
2026-08-06 13:42:00-04:00,767.8900146484375,768.0800170898438,767.8754272460938,768.0349731445312,220048
2026-08-06 13:43:00-04:00,768.030029296875,768.0349731445312,767.9099731445312,767.9849243164062,44045
2026-08-06 13:44:00-04:00,767.969970703125,768.1400146484375,767.9199829101562,768.1400146484375,28654
2026-08-06 13:45:00-04:00,768.1500244140625,768.3099975585938,768.0499877929688,768.260009765625,46812
2026-08-06 13:46:00-04:00,768.260009765625,768.375,768.0700073242188,768.3099975585938,35090
2026-08-06 13:47:00-04:00,768.3099975585938,768.3300170898438,768.0999755859375,768.1799926757812,45927
2026-08-06 13:48:00-04:00,768.1599731445312,768.1799926757812,768.0599975585938,768.0999755859375,48565
2026-08-06 13:49:00-04:00,768.0999755859375,768.1400146484375,767.9835815429688,767.9835815429688,30136
2026-08-06 13:50:00-04:00,767.989990234375,768.1199951171875,767.9600219726562,768.010009765625,45789
2026-08-06 13:51:00-04:00,768.010009765625,768.260009765625,768.010009765625,768.2000122070312,34301
2026-08-06 13:52:00-04:00,768.2000122070312,768.489990234375,768.1799926757812,768.4849853515625,108875
2026-08-06 13:53:00-04:00,768.4849853515625,768.510009765625,768.3499755859375,768.4299926757812,76202
2026-08-06 13:54:00-04:00,768.4299926757812,768.5,768.3800048828125,768.432861328125,50356
2026-08-06 13:55:00-04:00,768.4600219726562,768.5499877929688,768.3499755859375,768.3599853515625,181521
2026-08-06 13:56:00-04:00,768.364990234375,768.4299926757812,768.2750854492188,768.3300170898438,57155
2026-08-06 13:57:00-04:00,768.3400268554688,768.6199951171875,768.3339233398438,768.6199951171875,42625
2026-08-06 13:58:00-04:00,768.6300048828125,768.6400146484375,768.530029296875,768.5599975585938,42921
2026-08-06 13:59:00-04:00,768.5499877929688,768.6400146484375,768.5399780273438,768.6303100585938,44627
2026-08-06 14:00:00-04:00,768.6500244140625,768.780029296875,768.5,768.697509765625,70874
2026-08-06 14:01:00-04:00,768.6950073242188,768.72998046875,768.5900268554688,768.590087890625,41912
2026-08-06 14:02:00-04:00,768.60498046875,768.6799926757812,768.52001953125,768.6500244140625,50980
2026-08-06 14:03:00-04:00,768.6599731445312,768.77001953125,768.5999755859375,768.77001953125,131394
2026-08-06 14:04:00-04:00,768.760009765625,768.9000244140625,768.760009765625,768.8947143554688,85557
2026-08-06 14:05:00-04:00,768.8900146484375,768.969970703125,768.8082885742188,768.85498046875,107027
2026-08-06 14:06:00-04:00,768.8499755859375,768.8800048828125,768.739990234375,768.760009765625,44777
2026-08-06 14:07:00-04:00,768.77001953125,768.969970703125,768.6900024414062,768.969970703125,62932
2026-08-06 14:08:00-04:00,768.969970703125,768.97998046875,768.8200073242188,768.8699951171875,33317
2026-08-06 14:09:00-04:00,768.8800048828125,768.9000244140625,768.6599731445312,768.8599853515625,63759
2026-08-06 14:10:00-04:00,768.8699951171875,768.8900146484375,768.7000122070312,768.719970703125,41267
2026-08-06 14:11:00-04:00,768.719970703125,768.8699951171875,768.7150268554688,768.8200073242188,44163
2026-08-06 14:12:00-04:00,768.8400268554688,768.9199829101562,768.7899780273438,768.8300170898438,39035
2026-08-06 14:13:00-04:00,768.8300170898438,768.9500122070312,768.75,768.9450073242188,50339
2026-08-06 14:14:00-04:00,768.9299926757812,769.239990234375,768.9000244140625,769.1799926757812,79853
2026-08-06 14:15:00-04:00,769.19140625,769.260009765625,769.1220703125,769.1500244140625,56015
2026-08-06 14:16:00-04:00,769.1500244140625,769.594970703125,768.4500122070312,769.594970703125,297645
2026-08-06 14:17:00-04:00,769.5700073242188,769.72998046875,769.239990234375,769.280029296875,117041
2026-08-06 14:18:00-04:00,769.27001953125,769.405029296875,769.27001953125,769.3499755859375,60610
2026-08-06 14:19:00-04:00,769.3699951171875,769.4000244140625,769.280029296875,769.3300170898438,60467
2026-08-06 14:20:00-04:00,769.3250122070312,769.489990234375,769.2999877929688,769.469970703125,48481
2026-08-06 14:21:00-04:00,769.469970703125,769.6199951171875,769.4650268554688,769.5800170898438,65453
2026-08-06 14:22:00-04:00,769.5850219726562,769.5900268554688,769.4600219726562,769.5300903320312,76585
2026-08-06 14:23:00-04:00,769.5399780273438,769.5800170898438,769.43017578125,769.47998046875,49501
2026-08-06 14:24:00-04:00,769.4749755859375,769.5700073242188,769.4299926757812,769.5599975585938,79533
2026-08-06 14:25:00-04:00,769.5549926757812,769.614990234375,769.385009765625,769.385009765625,66523
2026-08-06 14:26:00-04:00,769.3889770507812,769.469970703125,769.1900024414062,769.25,64145
2026-08-06 14:27:00-04:00,769.25,769.4299926757812,769.22998046875,769.4199829101562,64036
2026-08-06 14:28:00-04:00,769.4199829101562,769.5399780273438,769.3599853515625,769.5399780273438,63216
2026-08-06 14:29:00-04:00,769.5150146484375,769.52001953125,769.3400268554688,769.4299926757812,40361
2026-08-06 14:30:00-04:00,769.4299926757812,769.469970703125,769.27001953125,769.2999877929688,45347
2026-08-06 14:31:00-04:00,769.3099975585938,769.4400024414062,769.280029296875,769.3400268554688,55540
2026-08-06 14:32:00-04:00,769.3389892578125,769.469970703125,769.3099975585938,769.3800048828125,41707
2026-08-06 14:33:00-04:00,769.3699951171875,769.3699951171875,769.1699829101562,769.2000122070312,36091
2026-08-06 14:34:00-04:00,769.2000122070312,769.25,769.0700073242188,769.114990234375,53493
2026-08-06 14:35:00-04:00,769.1099853515625,769.2899780273438,769.0900268554688,769.1699829101562,54968
2026-08-06 14:36:00-04:00,769.1699829101562,769.22998046875,769.1400146484375,769.2000122070312,41714
2026-08-06 14:37:00-04:00,769.2000122070312,769.219970703125,769.0007934570312,769.030029296875,55936
2026-08-06 14:38:00-04:00,769.02197265625,769.0399169921875,768.8099975585938,768.8400268554688,61799
2026-08-06 14:39:00-04:00,768.8400268554688,768.9099731445312,768.7999877929688,768.8300170898438,46341
2026-08-06 14:40:00-04:00,768.844970703125,768.930419921875,768.7999877929688,768.9099731445312,46517
2026-08-06 14:41:00-04:00,768.9022827148438,768.9349975585938,768.5999755859375,768.5999755859375,35507
2026-08-06 14:42:00-04:00,768.6099853515625,768.6599731445312,768.5150146484375,768.6099853515625,38319
2026-08-06 14:43:00-04:00,768.6099853515625,768.7999877929688,768.5999755859375,768.75,62716
2026-08-06 14:44:00-04:00,768.75,768.7999877929688,768.7000732421875,768.780029296875,39341
2026-08-06 14:45:00-04:00,768.7849731445312,768.989990234375,768.719970703125,768.9500122070312,73553
2026-08-06 14:46:00-04:00,768.9500122070312,769.0499877929688,768.9299926757812,768.97998046875,94121
2026-08-06 14:47:00-04:00,768.969970703125,769.02001953125,768.9099731445312,769.010009765625,37819
2026-08-06 14:48:00-04:00,769.0,769.1699829101562,768.9500122070312,768.9500122070312,74059
2026-08-06 14:49:00-04:00,768.9400024414062,769.010009765625,768.8499755859375,768.8800048828125,64881
2026-08-06 14:50:00-04:00,768.875,768.97998046875,768.8300170898438,768.9500122070312,62760
2026-08-06 14:51:00-04:00,768.9600219726562,769.010009765625,768.875,768.9149780273438,36985
2026-08-06 14:52:00-04:00,768.8900146484375,768.8900146484375,768.780029296875,768.7999877929688,34321
2026-08-06 14:53:00-04:00,768.7899780273438,768.844970703125,768.739990234375,768.8099975585938,47915
2026-08-06 14:54:00-04:00,768.8099975585938,768.9299926757812,768.77001953125,768.885009765625,36059
2026-08-06 14:55:00-04:00,768.8699951171875,768.9400024414062,768.8099975585938,768.9400024414062,45707
2026-08-06 14:56:00-04:00,768.9500122070312,769.0599975585938,768.9400024414062,768.9749755859375,62162
2026-08-06 14:57:00-04:00,768.9749755859375,769.0399780273438,768.9099731445312,769.02001953125,38170
2026-08-06 14:58:00-04:00,769.02001953125,769.0800170898438,768.989990234375,769.0,50601
2026-08-06 14:59:00-04:00,769.0,769.010009765625,768.9099731445312,768.9600219726562,49123
2026-08-06 15:00:00-04:00,768.969970703125,769.1599731445312,768.9500122070312,769.1400146484375,63277
2026-08-06 15:01:00-04:00,769.1599731445312,769.4400024414062,769.0999755859375,769.4199829101562,120296
2026-08-06 15:02:00-04:00,769.4299926757812,769.5499877929688,769.3699951171875,769.4199829101562,216771
2026-08-06 15:03:00-04:00,769.4099731445312,769.4500122070312,769.3200073242188,769.3800048828125,39405
2026-08-06 15:04:00-04:00,769.3699951171875,769.5789794921875,769.3591918945312,769.5789794921875,37631
2026-08-06 15:05:00-04:00,769.5599975585938,769.5700073242188,769.3200073242188,769.4000244140625,48893
2026-08-06 15:06:00-04:00,769.4000244140625,769.47998046875,769.3599853515625,769.3900146484375,38232
2026-08-06 15:07:00-04:00,769.3800048828125,769.4299926757812,769.2636108398438,769.419921875,46245
2026-08-06 15:08:00-04:00,769.405029296875,769.6099853515625,769.3900146484375,769.5800170898438,58428
2026-08-06 15:09:00-04:00,769.5800170898438,769.7100219726562,769.5399780273438,769.7000122070312,56983
2026-08-06 15:10:00-04:00,769.7100219726562,769.780029296875,769.6599731445312,769.760009765625,51096
2026-08-06 15:11:00-04:00,769.77001953125,769.77001953125,769.6699829101562,769.72998046875,41105
2026-08-06 15:12:00-04:00,769.739990234375,769.7899780273438,769.5499877929688,769.5800170898438,72351
2026-08-06 15:13:00-04:00,769.5800170898438,769.5800170898438,769.4298706054688,769.4400024414062,46766
2026-08-06 15:14:00-04:00,769.4299926757812,769.4500122070312,769.2800903320312,769.3300170898438,57899
2026-08-06 15:15:00-04:00,769.3250122070312,769.3499145507812,769.0900268554688,769.1500244140625,109245
2026-08-06 15:16:00-04:00,769.1599731445312,769.27001953125,769.0900268554688,769.260009765625,49022
2026-08-06 15:17:00-04:00,769.25,769.260009765625,769.1199951171875,769.219970703125,84895
2026-08-06 15:18:00-04:00,769.2150268554688,769.2150268554688,769.051025390625,769.1300048828125,62983
2026-08-06 15:19:00-04:00,769.135009765625,769.219970703125,769.1199951171875,769.1599731445312,54744
2026-08-06 15:20:00-04:00,769.1699829101562,769.489990234375,769.135009765625,769.4500122070312,88267
2026-08-06 15:21:00-04:00,769.4550170898438,769.4849853515625,769.239990234375,769.27001953125,69513
2026-08-06 15:22:00-04:00,769.260009765625,769.3400268554688,769.2000122070312,769.280029296875,141096
2026-08-06 15:23:00-04:00,769.280029296875,769.2999877929688,769.1099853515625,769.1599731445312,49216
2026-08-06 15:24:00-04:00,769.1500244140625,769.1699829101562,768.8200073242188,768.8200073242188,93380
2026-08-06 15:25:00-04:00,768.8300170898438,768.9000244140625,768.5700073242188,768.9000244140625,202631
2026-08-06 15:26:00-04:00,768.8800048828125,768.989990234375,768.6799926757812,768.7249755859375,82213
2026-08-06 15:27:00-04:00,768.72998046875,768.864990234375,768.6900024414062,768.719970703125,74893
2026-08-06 15:28:00-04:00,768.7125244140625,768.9099731445312,768.6900024414062,768.8599853515625,75639
2026-08-06 15:29:00-04:00,768.8300170898438,768.9000244140625,768.5999755859375,768.6599731445312,113672
2026-08-06 15:30:00-04:00,768.655029296875,768.7899780273438,768.4099731445312,768.739990234375,146570
2026-08-06 15:31:00-04:00,768.760009765625,768.8499755859375,768.6699829101562,768.8300170898438,106539
2026-08-06 15:32:00-04:00,768.8499755859375,769.0,768.77001953125,768.8599853515625,80561
2026-08-06 15:33:00-04:00,768.8599853515625,768.8800048828125,768.7000122070312,768.7249755859375,70967
2026-08-06 15:34:00-04:00,768.72998046875,768.969970703125,768.719970703125,768.9600219726562,68142
2026-08-06 15:35:00-04:00,768.9600219726562,768.989990234375,768.8400268554688,768.9299926757812,125106
2026-08-06 15:36:00-04:00,768.9299926757812,768.969970703125,768.739990234375,768.8400268554688,122700
2026-08-06 15:37:00-04:00,768.8300170898438,768.8499755859375,768.75,768.7899780273438,78493
2026-08-06 15:38:00-04:00,768.780029296875,768.7999877929688,768.5700073242188,768.5900268554688,88677
2026-08-06 15:39:00-04:00,768.5800170898438,768.6599731445312,768.530029296875,768.530029296875,59411
2026-08-06 15:40:00-04:00,768.5369262695312,768.6099853515625,768.4506225585938,768.5399780273438,71829
2026-08-06 15:41:00-04:00,768.5399780273438,768.5399780273438,768.2501220703125,768.2531127929688,96291
2026-08-06 15:42:00-04:00,768.25,768.3099975585938,768.0999755859375,768.1400146484375,84040
2026-08-06 15:43:00-04:00,768.1300048828125,768.260009765625,768.1099853515625,768.1599731445312,73930
2026-08-06 15:44:00-04:00,768.1599731445312,768.3300170898438,768.0999755859375,768.3099975585938,97644
2026-08-06 15:45:00-04:00,768.3099975585938,768.52001953125,768.2476196289062,768.3900146484375,235839
2026-08-06 15:46:00-04:00,768.3699951171875,768.489990234375,768.0800170898438,768.1099853515625,171069
2026-08-06 15:47:00-04:00,768.1099853515625,768.25,768.0,768.0050048828125,131890
2026-08-06 15:48:00-04:00,768.0050048828125,768.219970703125,767.9600219726562,768.1500244140625,126656
2026-08-06 15:49:00-04:00,768.1400146484375,768.4500122070312,768.1300048828125,768.4400024414062,164563
2026-08-06 15:50:00-04:00,768.4299926757812,768.4299926757812,767.719970703125,767.780029296875,316465
2026-08-06 15:51:00-04:00,767.780029296875,767.9299926757812,767.77001953125,767.8049926757812,386990
2026-08-06 15:52:00-04:00,767.7999877929688,767.9099731445312,767.760009765625,767.885009765625,217028
2026-08-06 15:53:00-04:00,767.8900146484375,768.5399780273438,767.7000122070312,768.3599853515625,567430
2026-08-06 15:54:00-04:00,768.3900146484375,768.7730102539062,768.3200073242188,768.6400146484375,232910
2026-08-06 15:55:00-04:00,768.6199951171875,768.6900024414062,768.3900146484375,768.5499877929688,240425
2026-08-06 15:56:00-04:00,768.5399780273438,768.5999755859375,768.3699951171875,768.5900268554688,248517
2026-08-06 15:57:00-04:00,768.5900268554688,768.7999877929688,768.5900268554688,768.6799926757812,440502
2026-08-06 15:58:00-04:00,768.6799926757812,768.8599853515625,768.5800170898438,768.7899780273438,537771
2026-08-06 15:59:00-04:00,768.7899780273438,768.8900146484375,768.1300048828125,768.530029296875,1018373
2026-08-07 09:30:00-04:00,771.02001953125,771.1400146484375,770.6199951171875,770.9899291992188,2085464
2026-08-07 09:31:00-04:00,770.969970703125,771.25,770.75,771.22998046875,225683
2026-08-07 09:32:00-04:00,771.22998046875,771.4000244140625,771.0700073242188,771.2899780273438,256351
2026-08-07 09:33:00-04:00,771.3099975585938,771.6199951171875,771.0700073242188,771.3375244140625,159123
2026-08-07 09:34:00-04:00,771.3099975585938,771.5,771.219970703125,771.47998046875,127301
2026-08-07 09:35:00-04:00,771.5,771.5474853515625,770.97998046875,771.27001953125,115973
2026-08-07 09:36:00-04:00,771.260009765625,771.3400268554688,770.6900024414062,770.8869018554688,87050
2026-08-07 09:37:00-04:00,770.875,771.22998046875,770.6799926757812,771.22998046875,122617
2026-08-07 09:38:00-04:00,771.25,771.469970703125,771.2000122070312,771.4450073242188,105878
2026-08-07 09:39:00-04:00,771.4500122070312,771.469970703125,770.989990234375,771.13037109375,97574
2026-08-07 09:40:00-04:00,771.125,771.4299926757812,770.8804931640625,771.3599853515625,103566
2026-08-07 09:41:00-04:00,771.3200073242188,771.6599731445312,771.1099853515625,771.1950073242188,67928
2026-08-07 09:42:00-04:00,771.1749877929688,771.3400268554688,770.9600219726562,771.3400268554688,96793
2026-08-07 09:43:00-04:00,771.3599853515625,771.9299926757812,771.260009765625,771.8900146484375,87888
2026-08-07 09:44:00-04:00,771.89501953125,772.0900268554688,771.7550048828125,771.989990234375,141872
2026-08-07 09:45:00-04:00,771.989990234375,772.3699951171875,771.5499877929688,771.5700073242188,112541
2026-08-07 09:46:00-04:00,771.5800170898438,771.7150268554688,771.1348876953125,771.4149780273438,72508
2026-08-07 09:47:00-04:00,771.4149780273438,771.5449829101562,771.1799926757812,771.4099731445312,79958
2026-08-07 09:48:00-04:00,771.4000244140625,771.6699829101562,771.1799926757812,771.239990234375,68688
2026-08-07 09:49:00-04:00,771.22998046875,771.77001953125,771.1599731445312,771.7301025390625,151513
2026-08-07 09:50:00-04:00,771.72998046875,772.010009765625,771.5999755859375,771.9000244140625,65429
2026-08-07 09:51:00-04:00,771.9301147460938,771.9849853515625,771.6500244140625,771.9099731445312,83984
2026-08-07 09:52:00-04:00,771.9100952148438,772.2349853515625,771.8900146484375,772.1500244140625,97490
2026-08-07 09:53:00-04:00,772.14501953125,772.2150268554688,771.860107421875,772.0,52389
2026-08-07 09:54:00-04:00,771.969970703125,772.0800170898438,771.7999877929688,771.97998046875,67897
2026-08-07 09:55:00-04:00,771.97998046875,772.1300048828125,771.6749877929688,771.8150024414062,93223
2026-08-07 09:56:00-04:00,771.8099975585938,771.8099975585938,770.9500122070312,771.010009765625,148095
2026-08-07 09:57:00-04:00,771.0349731445312,771.0499877929688,770.47998046875,770.6300048828125,130986
2026-08-07 09:58:00-04:00,770.6300048828125,770.8900146484375,770.4600219726562,770.6500244140625,63162
2026-08-07 09:59:00-04:00,770.6799926757812,771.22998046875,770.6099853515625,771.040283203125,89087
2026-08-07 10:00:00-04:00,771.0700073242188,771.6099853515625,770.7899780273438,771.510009765625,90422
2026-08-07 10:01:00-04:00,771.510009765625,771.530029296875,770.9000244140625,771.0,51059
2026-08-07 10:02:00-04:00,770.97998046875,771.2999877929688,770.739990234375,771.2999877929688,90489
2026-08-07 10:03:00-04:00,771.2999877929688,771.3099975585938,770.7949829101562,770.8699951171875,46776
2026-08-07 10:04:00-04:00,770.8200073242188,770.864990234375,770.4000244140625,770.4349975585938,97167
2026-08-07 10:05:00-04:00,770.400390625,770.8400268554688,770.3699951171875,770.6500244140625,83344
2026-08-07 10:06:00-04:00,770.6599731445312,770.9600219726562,770.489990234375,770.9500122070312,70933
2026-08-07 10:07:00-04:00,770.9500122070312,771.0,770.5599975585938,770.9400024414062,64528
2026-08-07 10:08:00-04:00,770.9299926757812,771.0700073242188,770.5,770.7899780273438,58773
2026-08-07 10:09:00-04:00,770.7899780273438,770.7999877929688,770.3900756835938,770.4949951171875,58197
2026-08-07 10:10:00-04:00,770.47998046875,770.7100219726562,770.27001953125,770.7000122070312,79206
2026-08-07 10:11:00-04:00,770.6900024414062,770.7899780273438,770.0650024414062,770.0850219726562,87074
2026-08-07 10:12:00-04:00,770.0800170898438,770.0800170898438,769.6199951171875,769.9954833984375,314608
2026-08-07 10:13:00-04:00,769.969970703125,770.239990234375,769.780029296875,770.1099853515625,97649
2026-08-07 10:14:00-04:00,770.0850219726562,770.2000122070312,769.79638671875,769.844970703125,71579
2026-08-07 10:15:00-04:00,769.8699951171875,770.3900146484375,769.6799926757812,770.3400268554688,103022
2026-08-07 10:16:00-04:00,770.3300170898438,770.780029296875,770.2999877929688,770.7100219726562,69993
2026-08-07 10:17:00-04:00,770.6900024414062,771.1500244140625,770.6400146484375,770.9299926757812,323808
2026-08-07 10:18:00-04:00,770.905029296875,771.4099731445312,770.77001953125,771.3900756835938,68600
2026-08-07 10:19:00-04:00,771.4099731445312,771.8289184570312,771.364990234375,771.8200073242188,110042
2026-08-07 10:20:00-04:00,771.8300170898438,771.9400024414062,771.530029296875,771.7100219726562,70579
2026-08-07 10:21:00-04:00,771.7172241210938,771.8884887695312,771.5800170898438,771.8300170898438,114175
2026-08-07 10:22:00-04:00,771.8300170898438,771.8800048828125,771.5349731445312,771.6199951171875,86967
2026-08-07 10:23:00-04:00,771.6099853515625,772.25,771.6099853515625,772.25,74648
2026-08-07 10:24:00-04:00,772.2449951171875,772.280029296875,771.9749755859375,772.0399780273438,100182
2026-08-07 10:25:00-04:00,772.0449829101562,772.6900024414062,772.0449829101562,772.6900024414062,81927
2026-08-07 10:26:00-04:00,772.698974609375,772.8400268554688,772.6199951171875,772.719970703125,111381
2026-08-07 10:27:00-04:00,772.7100219726562,772.9650268554688,772.596923828125,772.8400268554688,78168
2026-08-07 10:28:00-04:00,772.8300170898438,773.27001953125,772.780029296875,773.219970703125,71328
2026-08-07 10:29:00-04:00,773.239990234375,773.2899780273438,773.0,773.1900024414062,87847
2026-08-07 10:30:00-04:00,773.1599731445312,773.3499755859375,772.6199951171875,772.6900024414062,130144
2026-08-07 10:31:00-04:00,772.6849975585938,772.8300170898438,772.4199829101562,772.77001953125,125645
2026-08-07 10:32:00-04:00,772.7750244140625,772.8250122070312,772.6099853515625,772.739990234375,95768
2026-08-07 10:33:00-04:00,772.739990234375,772.760009765625,772.4000244140625,772.5499877929688,64037
2026-08-07 10:34:00-04:00,772.510498046875,772.6099853515625,772.3930053710938,772.6099853515625,57742
2026-08-07 10:35:00-04:00,772.6099853515625,772.7999877929688,772.1500244140625,772.2899780273438,75450
2026-08-07 10:36:00-04:00,772.27001953125,772.4299926757812,772.030029296875,772.2036743164062,76870
2026-08-07 10:37:00-04:00,772.2100219726562,772.5900268554688,772.2000122070312,772.4299926757812,54635
2026-08-07 10:38:00-04:00,772.4600219726562,772.72998046875,772.2949829101562,772.2949829101562,50926
2026-08-07 10:39:00-04:00,772.2999877929688,772.2999877929688,771.719970703125,771.9000244140625,102823
2026-08-07 10:40:00-04:00,771.8900146484375,772.27001953125,771.8300170898438,772.219970703125,150904
2026-08-07 10:41:00-04:00,772.2150268554688,772.27001953125,771.9600219726562,772.1400756835938,50161
2026-08-07 10:42:00-04:00,772.1400146484375,772.4400024414062,771.9949951171875,772.1300048828125,58052
2026-08-07 10:43:00-04:00,772.14501953125,772.2150268554688,771.844970703125,771.97998046875,56620
2026-08-07 10:44:00-04:00,771.9500122070312,772.0599975585938,771.7100219726562,771.97998046875,57788
2026-08-07 10:45:00-04:00,771.9500122070312,772.5399780273438,771.9500122070312,772.4299926757812,79198
2026-08-07 10:46:00-04:00,772.4349975585938,772.5900268554688,772.22998046875,772.5050048828125,97456
2026-08-07 10:47:00-04:00,772.5050048828125,772.6599731445312,772.4400024414062,772.6400146484375,43523
2026-08-07 10:48:00-04:00,772.6500244140625,772.7050170898438,772.3200073242188,772.4299926757812,41317
2026-08-07 10:49:00-04:00,772.4099731445312,772.5,772.239990234375,772.3900146484375,52736
2026-08-07 10:50:00-04:00,772.3900146484375,772.510009765625,772.2999877929688,772.4199829101562,40035
2026-08-07 10:51:00-04:00,772.4299926757812,772.47998046875,771.9450073242188,772.1099853515625,42699
2026-08-07 10:52:00-04:00,772.0700073242188,772.2503051757812,771.8699951171875,772.1300048828125,54775
2026-08-07 10:53:00-04:00,772.0999755859375,772.3099975585938,772.094970703125,772.2000122070312,44933
2026-08-07 10:54:00-04:00,772.2100219726562,772.3599853515625,772.114990234375,772.2100219726562,55056
2026-08-07 10:55:00-04:00,772.2100219726562,772.5399780273438,772.1599731445312,772.52001953125,72038
2026-08-07 10:56:00-04:00,772.5399780273438,772.6500244140625,772.4000244140625,772.4299926757812,44467
2026-08-07 10:57:00-04:00,772.4099731445312,772.72998046875,772.4000244140625,772.6400146484375,46338
2026-08-07 10:58:00-04:00,772.655029296875,773.0,772.655029296875,772.9199829101562,72498
2026-08-07 10:59:00-04:00,772.9100952148438,772.9299926757812,772.5900268554688,772.8800048828125,50360
2026-08-07 11:00:00-04:00,772.8800048828125,772.89990234375,772.6400146484375,772.75,66028
2026-08-07 11:01:00-04:00,772.7750244140625,772.7999877929688,772.4500122070312,772.52001953125,51312
2026-08-07 11:02:00-04:00,772.530029296875,772.6500854492188,772.3699951171875,772.5900268554688,41999
2026-08-07 11:03:00-04:00,772.6199951171875,772.8400268554688,772.5,772.780029296875,65555
2026-08-07 11:04:00-04:00,772.7949829101562,772.8300170898438,772.6900024414062,772.760009765625,30417
2026-08-07 11:05:00-04:00,772.780029296875,772.9099731445312,772.7100219726562,772.8400268554688,32352
2026-08-07 11:06:00-04:00,772.8599853515625,772.969970703125,772.7907104492188,772.9400024414062,54256
2026-08-07 11:07:00-04:00,772.9400024414062,773.010009765625,772.780029296875,772.7849731445312,146677
2026-08-07 11:08:00-04:00,772.7700805664062,773.0,772.719970703125,773.0,42007
2026-08-07 11:09:00-04:00,773.010009765625,773.030029296875,772.844970703125,772.9600219726562,710455
2026-08-07 11:10:00-04:00,772.96630859375,773.3200073242188,772.9600219726562,773.25,141008
2026-08-07 11:11:00-04:00,773.260009765625,773.3975219726562,772.9400024414062,772.9650268554688,136387
2026-08-07 11:12:00-04:00,772.969970703125,773.1273193359375,772.75,772.7999877929688,76440
2026-08-07 11:13:00-04:00,772.7899780273438,772.9299926757812,772.6500244140625,772.875,50100
2026-08-07 11:14:00-04:00,772.8800048828125,773.1099853515625,772.8599853515625,773.0900268554688,36094
2026-08-07 11:15:00-04:00,773.0900268554688,773.1099853515625,772.9000244140625,772.9400024414062,42787
2026-08-07 11:16:00-04:00,772.9400024414062,773.1599731445312,772.9099731445312,773.0700073242188,57482
2026-08-07 11:17:00-04:00,773.0599975585938,773.0599975585938,772.8099975585938,772.85498046875,60349
2026-08-07 11:18:00-04:00,772.8400268554688,772.97998046875,772.7849731445312,772.9500122070312,38606
2026-08-07 11:19:00-04:00,772.9400024414062,772.9500122070312,772.8062744140625,772.8800048828125,53027
2026-08-07 11:20:00-04:00,772.8699951171875,773.0999755859375,772.8400268554688,773.0601196289062,40071
2026-08-07 11:21:00-04:00,773.0700073242188,773.0999755859375,772.875,773.0999755859375,77790
2026-08-07 11:22:00-04:00,773.0999755859375,773.3399047851562,773.0800170898438,773.3189697265625,49319
2026-08-07 11:23:00-04:00,773.3035278320312,773.5,773.2100219726562,773.4000244140625,69621
2026-08-07 11:24:00-04:00,773.4000244140625,773.6099853515625,773.3900146484375,773.5349731445312,93740
2026-08-07 11:25:00-04:00,773.530029296875,773.77001953125,773.47998046875,773.75,85351
2026-08-07 11:26:00-04:00,773.72998046875,773.8900146484375,773.6799926757812,773.739990234375,103068
2026-08-07 11:27:00-04:00,773.739990234375,773.8499755859375,773.719970703125,773.8350219726562,65772
2026-08-07 11:28:00-04:00,773.8400268554688,773.8499755859375,773.6599731445312,773.7249755859375,113193
2026-08-07 11:29:00-04:00,773.719970703125,773.7650146484375,773.6199951171875,773.6500244140625,61250
2026-08-07 11:30:00-04:00,773.6599731445312,773.8800048828125,773.6599731445312,773.8099975585938,70589
2026-08-07 11:31:00-04:00,773.8099975585938,773.85498046875,773.6900024414062,773.7000122070312,83090
2026-08-07 11:32:00-04:00,773.7000122070312,773.9099731445312,773.6799926757812,773.9000244140625,84496
2026-08-07 11:33:00-04:00,773.9000244140625,773.9149780273438,773.5,773.510009765625,383160
2026-08-07 11:34:00-04:00,773.510009765625,773.5700073242188,773.4000244140625,773.4199829101562,81861
2026-08-07 11:35:00-04:00,773.4550170898438,773.5,773.2100219726562,773.27001953125,125052
2026-08-07 11:36:00-04:00,773.2650146484375,773.47998046875,773.22998046875,773.3900146484375,65788
2026-08-07 11:37:00-04:00,773.3800048828125,773.5499877929688,773.3400268554688,773.510009765625,49977
2026-08-07 11:38:00-04:00,773.5399780273438,773.5399780273438,773.3699951171875,773.4199829101562,41954
2026-08-07 11:39:00-04:00,773.4199829101562,773.52001953125,773.3800048828125,773.3900146484375,38136
2026-08-07 11:40:00-04:00,773.4000244140625,773.6300048828125,773.4000244140625,773.4500122070312,50032
2026-08-07 11:41:00-04:00,773.4400024414062,773.47412109375,773.0001220703125,773.010009765625,50324
2026-08-07 11:42:00-04:00,773.0399780273438,773.1099853515625,772.9400024414062,773.0150146484375,49675
2026-08-07 11:43:00-04:00,773.0,773.1500244140625,772.892822265625,773.0800170898438,53098
2026-08-07 11:44:00-04:00,773.0800170898438,773.3400268554688,773.0399780273438,773.1649780273438,49802
2026-08-07 11:45:00-04:00,773.1799926757812,773.25,773.0399780273438,773.1799926757812,45174
2026-08-07 11:46:00-04:00,773.2000122070312,773.3800048828125,773.0999755859375,773.239990234375,47969
2026-08-07 11:47:00-04:00,773.22998046875,773.3099975585938,773.114990234375,773.22998046875,30866
2026-08-07 11:48:00-04:00,773.22998046875,773.344970703125,773.219970703125,773.2899780273438,37025
2026-08-07 11:49:00-04:00,773.2949829101562,773.5900268554688,773.25,773.5750122070312,47736
2026-08-07 11:50:00-04:00,773.5499877929688,773.6199951171875,773.4500122070312,773.6099853515625,41507
2026-08-07 11:51:00-04:00,773.625,773.6400146484375,773.47998046875,773.4804077148438,39216
2026-08-07 11:52:00-04:00,773.510009765625,773.5700073242188,773.2899780273438,773.3800048828125,64028
2026-08-07 11:53:00-04:00,773.3800048828125,773.3800048828125,773.0499877929688,773.219970703125,45620
2026-08-07 11:54:00-04:00,773.22998046875,773.3250122070312,773.1300048828125,773.2999877929688,46030
2026-08-07 11:55:00-04:00,773.3099975585938,773.3300170898438,773.1599731445312,773.2050170898438,33249
2026-08-07 11:56:00-04:00,773.1950073242188,773.2100219726562,773.0449829101562,773.1699829101562,47195
2026-08-07 11:57:00-04:00,773.1699829101562,773.1699829101562,772.9299926757812,772.9450073242188,71420
2026-08-07 11:58:00-04:00,772.948974609375,773.0,772.8300170898438,772.969970703125,53606
2026-08-07 11:59:00-04:00,772.9500122070312,773.0800170898438,772.9299926757812,773.030029296875,45611
2026-08-07 12:00:00-04:00,773.0399780273438,773.1199951171875,772.8099975585938,772.8499755859375,65408
2026-08-07 12:01:00-04:00,772.8300170898438,772.864990234375,772.7449951171875,772.8599853515625,185066
2026-08-07 12:02:00-04:00,772.85498046875,773.0599975585938,772.85498046875,772.9400024414062,50410
2026-08-07 12:03:00-04:00,772.9249877929688,772.989990234375,772.8099975585938,772.9349975585938,51205
2026-08-07 12:04:00-04:00,772.9400024414062,773.1599731445312,772.8800048828125,773.155029296875,49497
2026-08-07 12:05:00-04:00,773.1599731445312,773.3699951171875,773.1199951171875,773.1900024414062,47792
2026-08-07 12:06:00-04:00,773.219970703125,773.2999877929688,773.1900024414062,773.2999877929688,31763
2026-08-07 12:07:00-04:00,773.3200073242188,773.3800048828125,773.2050170898438,773.280029296875,45029
2026-08-07 12:08:00-04:00,773.2899780273438,773.3200073242188,773.1300048828125,773.1799926757812,57273
2026-08-07 12:09:00-04:00,773.1749877929688,773.1840209960938,773.030029296875,773.1649780273438,26391
2026-08-07 12:10:00-04:00,773.1699829101562,773.2899780273438,773.1400146484375,773.27001953125,34659
2026-08-07 12:11:00-04:00,773.280029296875,773.35498046875,773.22998046875,773.3250122070312,73798
2026-08-07 12:12:00-04:00,773.3499755859375,773.3499755859375,773.1199951171875,773.219970703125,100928
2026-08-07 12:13:00-04:00,773.239990234375,773.27001953125,773.0809936523438,773.1099853515625,36222
2026-08-07 12:14:00-04:00,773.1099853515625,773.1799926757812,772.9949951171875,773.010009765625,25655
2026-08-07 12:15:00-04:00,772.989990234375,773.1099853515625,772.9550170898438,773.10498046875,37290
2026-08-07 12:16:00-04:00,773.1300048828125,773.219970703125,773.094970703125,773.1300048828125,36995
2026-08-07 12:17:00-04:00,773.1400146484375,773.1900024414062,773.0150146484375,773.0499877929688,30766
2026-08-07 12:18:00-04:00,773.0399780273438,773.1799926757812,773.0,773.0700073242188,158515
2026-08-07 12:19:00-04:00,773.0800170898438,773.0900268554688,772.8699951171875,772.969970703125,37704
2026-08-07 12:20:00-04:00,772.97998046875,773.3300170898438,772.8300170898438,772.97998046875,77588
2026-08-07 12:21:00-04:00,772.97998046875,773.02001953125,772.6799926757812,772.75,54081
2026-08-07 12:22:00-04:00,772.739990234375,772.7999877929688,772.5999755859375,772.6500244140625,48719
2026-08-07 12:23:00-04:00,772.6599731445312,772.7550048828125,772.4299926757812,772.4550170898438,49996
2026-08-07 12:24:00-04:00,772.4550170898438,772.489990234375,772.239990234375,772.25,74475
2026-08-07 12:25:00-04:00,772.260009765625,772.3300170898438,771.5700073242188,771.7650146484375,133363
2026-08-07 12:26:00-04:00,771.77001953125,771.8599853515625,771.3400268554688,771.47998046875,109087
2026-08-07 12:27:00-04:00,771.5,771.7399291992188,771.333984375,771.6699829101562,62833
2026-08-07 12:28:00-04:00,771.6900024414062,771.780029296875,771.364990234375,771.655029296875,60614
2026-08-07 12:29:00-04:00,771.6699829101562,771.739990234375,771.469970703125,771.7249755859375,70253
2026-08-07 12:30:00-04:00,771.7349853515625,771.8394775390625,771.1900024414062,771.239990234375,973627
2026-08-07 12:31:00-04:00,771.239990234375,771.3699951171875,771.0900268554688,771.1300048828125,93470
2026-08-07 12:32:00-04:00,771.1300048828125,771.52001953125,771.0615234375,771.5150146484375,59440
2026-08-07 12:33:00-04:00,771.530029296875,771.5800170898438,771.4199829101562,771.5700073242188,43885
2026-08-07 12:34:00-04:00,771.52001953125,771.969970703125,771.5,771.9301147460938,105534
2026-08-07 12:35:00-04:00,771.9400024414062,771.9600219726562,771.7100219726562,771.835205078125,68757
2026-08-07 12:36:00-04:00,771.8400268554688,772.030029296875,771.8099975585938,771.8800048828125,62358
2026-08-07 12:37:00-04:00,771.8800048828125,771.9400024414062,771.7899780273438,771.8599853515625,38676
2026-08-07 12:38:00-04:00,771.8599853515625,771.9199829101562,771.739990234375,771.7999877929688,190984
2026-08-07 12:39:00-04:00,771.8099975585938,772.3300170898438,771.8099975585938,772.2949829101562,47986
2026-08-07 12:40:00-04:00,772.281494140625,772.4598999023438,772.239990234375,772.3499755859375,44217
2026-08-07 12:41:00-04:00,772.3499755859375,772.5599975585938,772.3300170898438,772.4849853515625,45892
2026-08-07 12:42:00-04:00,772.5,772.5,772.280029296875,772.2899780273438,29155
2026-08-07 12:43:00-04:00,772.3099975585938,772.5,772.280029296875,772.47998046875,29236
2026-08-07 12:44:00-04:00,772.47998046875,772.6300048828125,772.4199829101562,772.5900268554688,49871
2026-08-07 12:45:00-04:00,772.5999755859375,772.75,772.5900268554688,772.6950073242188,81888
2026-08-07 12:46:00-04:00,772.7100219726562,772.7100219726562,772.530029296875,772.5499877929688,37813
2026-08-07 12:47:00-04:00,772.552001953125,772.6199951171875,772.4400024414062,772.5599975585938,96052
2026-08-07 12:48:00-04:00,772.5504150390625,772.6500244140625,772.4199829101562,772.510009765625,36501
2026-08-07 12:49:00-04:00,772.5250244140625,772.7000122070312,772.5,772.6400146484375,33725
2026-08-07 12:50:00-04:00,772.6300048828125,772.8599853515625,772.6300048828125,772.8400268554688,35431
2026-08-07 12:51:00-04:00,772.8350219726562,772.8400268554688,772.4199829101562,772.4199829101562,49552
2026-08-07 12:52:00-04:00,772.4149780273438,772.4299926757812,772.1389770507812,772.1389770507812,38816
2026-08-07 12:53:00-04:00,772.14990234375,772.2899780273438,772.0850219726562,772.2899780273438,36220
2026-08-07 12:54:00-04:00,772.2999877929688,772.3099975585938,772.1799926757812,772.1950073242188,29530
2026-08-07 12:55:00-04:00,772.2100219726562,772.27001953125,772.1099853515625,772.219970703125,29181
2026-08-07 12:56:00-04:00,772.2100219726562,772.3900146484375,772.1500244140625,772.2050170898438,465085
2026-08-07 12:57:00-04:00,772.2000122070312,772.27001953125,772.1099853515625,772.1199951171875,37948
2026-08-07 12:58:00-04:00,772.0999755859375,772.1900024414062,772.0599975585938,772.1099853515625,33424
2026-08-07 12:59:00-04:00,772.1099853515625,772.1599731445312,771.9500122070312,771.9650268554688,44216
2026-08-07 13:00:00-04:00,771.9600830078125,772.030029296875,771.77001953125,771.8499755859375,36947
2026-08-07 13:01:00-04:00,771.8499755859375,772.119873046875,771.8499755859375,772.02001953125,64612
2026-08-07 13:02:00-04:00,772.010009765625,772.219970703125,772.010009765625,772.1400146484375,58076
2026-08-07 13:03:00-04:00,772.1400146484375,772.2999267578125,772.1199951171875,772.1799926757812,32142
2026-08-07 13:04:00-04:00,772.1900024414062,772.1900024414062,772.010009765625,772.0399780273438,31828
2026-08-07 13:05:00-04:00,772.0349731445312,772.25,772.030029296875,772.219970703125,40728
2026-08-07 13:06:00-04:00,772.239990234375,772.2949829101562,772.1599731445312,772.2100219726562,38438
2026-08-07 13:07:00-04:00,772.22998046875,772.260009765625,772.1099853515625,772.2100219726562,17370
2026-08-07 13:08:00-04:00,772.2100219726562,772.27001953125,772.1400146484375,772.22998046875,35598
2026-08-07 13:09:00-04:00,772.239990234375,772.2999877929688,772.14501953125,772.260009765625,36755
2026-08-07 13:10:00-04:00,772.260009765625,772.3699951171875,772.1400146484375,772.1500244140625,38159
2026-08-07 13:11:00-04:00,772.1749877929688,772.2999877929688,772.1400146484375,772.1799926757812,24856
2026-08-07 13:12:00-04:00,772.1900024414062,772.2000122070312,772.0150146484375,772.0150146484375,29547
2026-08-07 13:13:00-04:00,772.02001953125,772.1500244140625,771.989990234375,772.094970703125,20519
2026-08-07 13:14:00-04:00,772.1099853515625,772.1300048828125,772.030029296875,772.0549926757812,29912
2026-08-07 13:15:00-04:00,772.0549926757812,772.1900024414062,772.02001953125,772.0552978515625,27438
2026-08-07 13:16:00-04:00,772.0800170898438,772.2899780273438,771.989990234375,772.22998046875,35087
2026-08-07 13:17:00-04:00,772.219970703125,772.239990234375,772.1099853515625,772.2000122070312,34259
2026-08-07 13:18:00-04:00,772.2100219726562,772.3200073242188,772.14501953125,772.260009765625,30022
2026-08-07 13:19:00-04:00,772.2650146484375,772.3800048828125,772.2100219726562,772.3049926757812,37417
2026-08-07 13:20:00-04:00,772.2899780273438,772.4099731445312,772.2899780273438,772.3300170898438,28314
2026-08-07 13:21:00-04:00,772.3099975585938,772.3200073242188,772.1400146484375,772.1799926757812,31868
2026-08-07 13:22:00-04:00,772.1699829101562,772.3499755859375,772.1699829101562,772.27001953125,23640
2026-08-07 13:23:00-04:00,772.25,772.260009765625,772.0499877929688,772.0900268554688,30711
2026-08-07 13:24:00-04:00,772.0900268554688,772.1400146484375,771.9000244140625,771.9000244140625,89644
2026-08-07 13:25:00-04:00,771.8900146484375,771.989990234375,771.739990234375,771.9500122070312,53307
2026-08-07 13:26:00-04:00,771.9600219726562,771.989990234375,771.905029296875,771.9600219726562,18299
2026-08-07 13:27:00-04:00,771.9600219726562,772.02001953125,771.9299926757812,771.9598999023438,29265
2026-08-07 13:28:00-04:00,771.9400024414062,772.0700073242188,771.9099731445312,772.0499877929688,24759
2026-08-07 13:29:00-04:00,772.0599975585938,772.22998046875,772.0549926757812,772.0900268554688,37397
2026-08-07 13:30:00-04:00,772.1099853515625,772.22998046875,772.0999755859375,772.1199951171875,42982
2026-08-07 13:31:00-04:00,772.1199951171875,772.125,772.0,772.0700073242188,38599
2026-08-07 13:32:00-04:00,772.0499877929688,772.0900268554688,771.9400024414062,771.9400024414062,38797
2026-08-07 13:33:00-04:00,771.9450073242188,772.1799926757812,771.72998046875,772.02001953125,75485
2026-08-07 13:34:00-04:00,772.0599975585938,772.094970703125,771.8699951171875,771.9299926757812,35789
2026-08-07 13:35:00-04:00,771.9299926757812,772.0748901367188,771.8800048828125,772.0700073242188,28504
2026-08-07 13:36:00-04:00,772.0599975585938,772.1300048828125,772.0,772.1199951171875,30743
2026-08-07 13:37:00-04:00,772.1099853515625,772.1099853515625,771.969970703125,772.0050048828125,25618
2026-08-07 13:38:00-04:00,771.989990234375,772.1500244140625,771.989990234375,772.125,27178
2026-08-07 13:39:00-04:00,772.1199951171875,772.3900146484375,772.0599975585938,772.3699951171875,32837
2026-08-07 13:40:00-04:00,772.3900146484375,772.4199829101562,772.1699829101562,772.1900024414062,41436
2026-08-07 13:41:00-04:00,772.2100219726562,772.25,772.1599731445312,772.1900024414062,20661
2026-08-07 13:42:00-04:00,772.1799926757812,772.22998046875,772.1300048828125,772.1649780273438,35505
2026-08-07 13:43:00-04:00,772.1599731445312,772.2899780273438,772.14501953125,772.27001953125,24907
2026-08-07 13:44:00-04:00,772.280029296875,772.280029296875,772.1500244140625,772.1699829101562,14852
2026-08-07 13:45:00-04:00,772.1799926757812,772.2899780273438,772.0900268554688,772.27001953125,23318
2026-08-07 13:46:00-04:00,772.280029296875,772.4099731445312,772.2406005859375,772.3900146484375,32763
2026-08-07 13:47:00-04:00,772.3599853515625,772.4400024414062,772.311279296875,772.35498046875,42040
2026-08-07 13:48:00-04:00,772.3499145507812,772.3800048828125,772.2999877929688,772.3150024414062,56033
2026-08-07 13:49:00-04:00,772.3200073242188,772.3798828125,772.239990234375,772.2899780273438,24658
2026-08-07 13:50:00-04:00,772.2775268554688,772.4600219726562,772.27001953125,772.3499755859375,33237
2026-08-07 13:51:00-04:00,772.344970703125,772.3599853515625,772.0999755859375,772.1799926757812,39470
2026-08-07 13:52:00-04:00,772.1900024414062,772.1950073242188,771.989990234375,772.0828247070312,36320
2026-08-07 13:53:00-04:00,772.0700073242188,772.1099853515625,772.0,772.0800170898438,22046
2026-08-07 13:54:00-04:00,772.0800170898438,772.3198852539062,772.0599975585938,772.2999877929688,25534
2026-08-07 13:55:00-04:00,772.3099975585938,772.3400268554688,772.1799926757812,772.2000122070312,27312
2026-08-07 13:56:00-04:00,772.2000122070312,772.3300170898438,772.1699829101562,772.25,21275
2026-08-07 13:57:00-04:00,772.239990234375,772.3800048828125,772.22998046875,772.3800048828125,27783
2026-08-07 13:58:00-04:00,772.3699951171875,772.4000244140625,772.2750244140625,772.2949829101562,23862
2026-08-07 13:59:00-04:00,772.2849731445312,772.3099975585938,772.1699829101562,772.1699829101562,28659
2026-08-07 14:00:00-04:00,772.1649780273438,772.2849731445312,772.1199951171875,772.2100219726562,66923
2026-08-07 14:01:00-04:00,772.2000122070312,772.260009765625,772.1799926757812,772.2249755859375,80908
2026-08-07 14:02:00-04:00,772.239990234375,772.260009765625,772.1199951171875,772.2000122070312,36627
2026-08-07 14:03:00-04:00,772.2000122070312,772.260009765625,772.1599731445312,772.1900024414062,39182
2026-08-07 14:04:00-04:00,772.1900024414062,772.2100219726562,772.0800170898438,772.1400146484375,60222
2026-08-07 14:05:00-04:00,772.1500244140625,772.1799926757812,771.9400024414062,772.0,138136
2026-08-07 14:06:00-04:00,772.0399780273438,772.07177734375,771.9199829101562,772.010009765625,57613
2026-08-07 14:07:00-04:00,772.010009765625,772.0800170898438,771.8300170898438,772.0399780273438,80206
2026-08-07 14:08:00-04:00,772.030029296875,772.1500244140625,772.02001953125,772.0599975585938,33664
2026-08-07 14:09:00-04:00,772.0549926757812,772.1199951171875,771.989990234375,772.0399169921875,24464
2026-08-07 14:10:00-04:00,772.0499877929688,772.1199951171875,772.010009765625,772.0449829101562,198601
2026-08-07 14:11:00-04:00,772.0399780273438,772.0407104492188,771.9000244140625,771.9650268554688,65147
2026-08-07 14:12:00-04:00,771.969970703125,771.9749755859375,771.7000122070312,771.7899780273438,65212
2026-08-07 14:13:00-04:00,771.8099975585938,771.8300170898438,771.6400146484375,771.6500244140625,170345
2026-08-07 14:14:00-04:00,771.64501953125,771.6699829101562,771.4500122070312,771.5750122070312,62872
2026-08-07 14:15:00-04:00,771.5805053710938,771.6099853515625,771.469970703125,771.530029296875,51481
2026-08-07 14:16:00-04:00,771.5399780273438,771.6798706054688,771.489990234375,771.6199951171875,46099
2026-08-07 14:17:00-04:00,771.6300048828125,771.6699829101562,771.52001953125,771.6300048828125,117623
2026-08-07 14:18:00-04:00,771.6400146484375,771.8099975585938,771.6300048828125,771.7750244140625,59396
2026-08-07 14:19:00-04:00,771.7849731445312,771.7849731445312,771.6599731445312,771.72998046875,52123
2026-08-07 14:20:00-04:00,771.719970703125,771.7999877929688,771.6300048828125,771.6699829101562,41585
2026-08-07 14:21:00-04:00,771.6699829101562,771.780029296875,771.6099853515625,771.6300048828125,30695
2026-08-07 14:22:00-04:00,771.5999755859375,771.780029296875,771.5599975585938,771.739990234375,31357
2026-08-07 14:23:00-04:00,771.75,771.780029296875,771.655029296875,771.6900024414062,34679
2026-08-07 14:24:00-04:00,771.6900024414062,771.7100219726562,771.5399780273438,771.6599731445312,30708
2026-08-07 14:25:00-04:00,771.6599731445312,771.739990234375,771.5499877929688,771.5599975585938,59400
2026-08-07 14:26:00-04:00,771.5599975585938,771.6199951171875,771.52001953125,771.56201171875,42734
2026-08-07 14:27:00-04:00,771.5449829101562,771.760009765625,771.5399780273438,771.6599731445312,28013
2026-08-07 14:28:00-04:00,771.6599731445312,771.6799926757812,771.489990234375,771.5150146484375,26047
2026-08-07 14:29:00-04:00,771.510009765625,771.5800170898438,771.4500122070312,771.47998046875,39103
2026-08-07 14:30:00-04:00,771.4749755859375,771.5,771.3699951171875,771.4066162109375,32958
2026-08-07 14:31:00-04:00,771.409912109375,771.4400024414062,771.3350219726562,771.4299926757812,40667
2026-08-07 14:32:00-04:00,771.4199829101562,771.5999755859375,771.3699951171875,771.5800170898438,75179
2026-08-07 14:33:00-04:00,771.5700073242188,771.6400146484375,771.4600219726562,771.6300048828125,82936
2026-08-07 14:34:00-04:00,771.6300048828125,771.6400146484375,771.3699951171875,771.3900146484375,31686
2026-08-07 14:35:00-04:00,771.3900146484375,771.510009765625,771.1900024414062,771.2100219726562,35891
2026-08-07 14:36:00-04:00,771.2100219726562,771.3599853515625,771.1900024414062,771.3200073242188,33223
2026-08-07 14:37:00-04:00,771.2999877929688,771.4000244140625,771.2999877929688,771.3400268554688,40724
2026-08-07 14:38:00-04:00,771.3300170898438,771.3900146484375,771.260009765625,771.2999877929688,25759
2026-08-07 14:39:00-04:00,771.2999877929688,771.3699951171875,771.2000122070312,771.2999877929688,285013
2026-08-07 14:40:00-04:00,771.2999877929688,771.3400268554688,771.260009765625,771.3300170898438,31700
2026-08-07 14:41:00-04:00,771.3250122070312,771.3800048828125,771.280029296875,771.3599853515625,37705
2026-08-07 14:42:00-04:00,771.35498046875,771.3699951171875,771.280029296875,771.3098754882812,34939
2026-08-07 14:43:00-04:00,771.3099975585938,771.3499755859375,771.219970703125,771.219970703125,40340
2026-08-07 14:44:00-04:00,771.219970703125,771.22998046875,770.8900146484375,770.9600219726562,140177
2026-08-07 14:45:00-04:00,770.969970703125,771.0800170898438,770.9299926757812,771.0800170898438,41584
2026-08-07 14:46:00-04:00,771.0900268554688,771.1099853515625,770.9099731445312,770.9600219726562,36603
2026-08-07 14:47:00-04:00,770.9600219726562,771.010009765625,770.9299926757812,770.9600219726562,28285
2026-08-07 14:48:00-04:00,770.9600219726562,771.22998046875,770.9600219726562,771.1950073242188,53411
2026-08-07 14:49:00-04:00,771.2100219726562,771.280029296875,771.1500244140625,771.25,30931
2026-08-07 14:50:00-04:00,771.25,771.4199829101562,771.219970703125,771.39501953125,51787
2026-08-07 14:51:00-04:00,771.4099731445312,771.489990234375,771.3499755859375,771.469970703125,37143
2026-08-07 14:52:00-04:00,771.469970703125,771.489990234375,771.344970703125,771.4299926757812,165478
2026-08-07 14:53:00-04:00,771.4400024414062,771.4400024414062,771.3200073242188,771.4199829101562,157550
2026-08-07 14:54:00-04:00,771.4099731445312,771.4400024414062,771.2849731445312,771.3200073242188,32655
2026-08-07 14:55:00-04:00,771.3300170898438,771.3900146484375,771.219970703125,771.280029296875,37486
2026-08-07 14:56:00-04:00,771.2899780273438,771.3300170898438,771.2100219726562,771.239990234375,43758
2026-08-07 14:57:00-04:00,771.25,771.4600219726562,771.22998046875,771.4400024414062,46455
2026-08-07 14:58:00-04:00,771.4500122070312,771.6099853515625,771.4400024414062,771.5,126214
2026-08-07 14:59:00-04:00,771.4849853515625,771.8099975585938,771.469970703125,771.7100219726562,62547
2026-08-07 15:00:00-04:00,771.6799926757812,771.9600219726562,771.6599731445312,771.8909912109375,77350
2026-08-07 15:01:00-04:00,771.90771484375,772.469970703125,771.8900146484375,772.1199951171875,209468
2026-08-07 15:02:00-04:00,772.1298828125,772.1599731445312,772.010009765625,772.030029296875,59426
2026-08-07 15:03:00-04:00,772.030029296875,772.0800170898438,771.9500122070312,772.0050048828125,69716
2026-08-07 15:04:00-04:00,772.02001953125,772.0800170898438,771.97998046875,772.0499877929688,156619
2026-08-07 15:05:00-04:00,772.0499877929688,772.3250122070312,772.0349731445312,772.3250122070312,67217
2026-08-07 15:06:00-04:00,772.3200073242188,772.5050048828125,772.2999877929688,772.4450073242188,60237
2026-08-07 15:07:00-04:00,772.4600219726562,772.5700073242188,772.4000244140625,772.530029296875,122157
2026-08-07 15:08:00-04:00,772.530029296875,772.5499877929688,772.4600219726562,772.4749755859375,62974
2026-08-07 15:09:00-04:00,772.469970703125,772.6799926757812,772.405029296875,772.6500244140625,216265
2026-08-07 15:10:00-04:00,772.6649780273438,773.0599975585938,772.6649780273438,773.030029296875,107777
2026-08-07 15:11:00-04:00,773.0399780273438,773.0499877929688,772.905029296875,772.97998046875,84965
2026-08-07 15:12:00-04:00,772.97998046875,772.989990234375,772.844970703125,772.8800048828125,59787
2026-08-07 15:13:00-04:00,772.8800048828125,773.0,772.8800048828125,772.9000244140625,170038
2026-08-07 15:14:00-04:00,772.9099731445312,772.97998046875,772.8699951171875,772.9000244140625,71567
2026-08-07 15:15:00-04:00,772.9099731445312,773.2999877929688,772.7999877929688,773.280029296875,109255
2026-08-07 15:16:00-04:00,773.280029296875,773.385009765625,773.0549926757812,773.3800048828125,101346
2026-08-07 15:17:00-04:00,773.3699951171875,773.4500122070312,773.0599975585938,773.0999755859375,104126
2026-08-07 15:18:00-04:00,773.0900268554688,773.1300048828125,772.9099731445312,772.97998046875,211558
2026-08-07 15:19:00-04:00,772.97998046875,772.989990234375,772.8099975585938,772.8400268554688,72308
2026-08-07 15:20:00-04:00,772.8599853515625,773.1500244140625,772.8410034179688,773.0900268554688,58116
2026-08-07 15:21:00-04:00,773.0800170898438,773.1749877929688,773.0399780273438,773.0399780273438,67391
2026-08-07 15:22:00-04:00,773.02001953125,773.0999755859375,772.969970703125,773.0750122070312,49837
2026-08-07 15:23:00-04:00,773.0750122070312,773.219970703125,773.0449829101562,773.1799926757812,54698
2026-08-07 15:24:00-04:00,773.1799926757812,773.2100219726562,772.8400268554688,772.9000244140625,90929
2026-08-07 15:25:00-04:00,772.9099731445312,772.969970703125,772.8599853515625,772.9299926757812,50343
2026-08-07 15:26:00-04:00,772.9500122070312,773.1199951171875,772.9400024414062,773.0900268554688,84908
2026-08-07 15:27:00-04:00,773.0800170898438,773.0900268554688,772.8800048828125,773.010009765625,212779
2026-08-07 15:28:00-04:00,773.0,773.0150146484375,772.9349975585938,772.97998046875,57499
2026-08-07 15:29:00-04:00,772.97998046875,773.1099853515625,772.860107421875,773.0750122070312,69870
2026-08-07 15:30:00-04:00,773.0800170898438,773.0900268554688,772.6599731445312,772.75,94819
2026-08-07 15:31:00-04:00,772.75,772.9598999023438,772.75,772.8900146484375,224254
2026-08-07 15:32:00-04:00,772.9000244140625,772.9400024414062,772.8001098632812,772.8400268554688,59657
2026-08-07 15:33:00-04:00,772.8499755859375,772.9400024414062,772.8150024414062,772.844970703125,99271
2026-08-07 15:34:00-04:00,772.8400268554688,772.8800048828125,772.719970703125,772.719970703125,66857
2026-08-07 15:35:00-04:00,772.739990234375,772.7899780273438,772.60498046875,772.655029296875,101833
2026-08-07 15:36:00-04:00,772.655029296875,772.8599853515625,772.6099853515625,772.8599853515625,88359
2026-08-07 15:37:00-04:00,772.8599853515625,772.8900146484375,772.7899780273438,772.8499755859375,50578
2026-08-07 15:38:00-04:00,772.8499755859375,773.0999755859375,772.8499755859375,772.9600219726562,115722
2026-08-07 15:39:00-04:00,772.9400024414062,773.010009765625,772.8432006835938,772.9099731445312,225008
2026-08-07 15:40:00-04:00,772.9199829101562,772.9598999023438,772.6199951171875,772.6900024414062,95476
2026-08-07 15:41:00-04:00,772.6900024414062,772.7000122070312,772.52001953125,772.635009765625,69209
2026-08-07 15:42:00-04:00,772.6300048828125,772.7999877929688,772.6300048828125,772.7999877929688,69207
2026-08-07 15:43:00-04:00,772.7999877929688,772.7999877929688,772.6199951171875,772.625,80345
2026-08-07 15:44:00-04:00,772.625,772.780029296875,772.5599975585938,772.5700073242188,255210
2026-08-07 15:45:00-04:00,772.5700073242188,772.8200073242188,772.5499877929688,772.75,134717
2026-08-07 15:46:00-04:00,772.760009765625,772.875,772.6900024414062,772.7999877929688,99602
2026-08-07 15:47:00-04:00,772.7949829101562,772.8400268554688,772.6199951171875,772.8300170898438,179444
2026-08-07 15:48:00-04:00,772.8300170898438,772.9450073242188,772.75,772.9000244140625,110744
2026-08-07 15:49:00-04:00,772.8900146484375,772.97998046875,772.8300170898438,772.8699951171875,134425
2026-08-07 15:50:00-04:00,772.8499755859375,773.030029296875,772.739990234375,772.9450073242188,196320
2026-08-07 15:51:00-04:00,772.9400024414062,772.97998046875,772.6900024414062,772.7100219726562,142871
2026-08-07 15:52:00-04:00,772.7100219726562,772.8049926757812,772.6500244140625,772.72998046875,149617
2026-08-07 15:53:00-04:00,772.719970703125,773.02001953125,772.7000122070312,772.9572143554688,94798
2026-08-07 15:54:00-04:00,772.97998046875,773.0549926757812,772.8400268554688,772.8499755859375,559589
2026-08-07 15:55:00-04:00,772.8599853515625,773.2899780273438,772.8200073242188,772.9450073242188,405426
2026-08-07 15:56:00-04:00,772.9400024414062,773.0,772.8200073242188,772.9450073242188,292929
2026-08-07 15:57:00-04:00,772.9400024414062,773.260009765625,772.8900146484375,773.1199951171875,397715
2026-08-07 15:58:00-04:00,773.1199951171875,773.5999755859375,773.1099853515625,773.5800170898438,466723
2026-08-07 15:59:00-04:00,773.5800170898438,773.8300170898438,773.010009765625,773.1199951171875,1416117
2026-08-10 09:30:00-04:00,772.5999755859375,773.3699951171875,772.5499877929688,773.3499755859375,1007711
2026-08-10 09:31:00-04:00,773.3200073242188,773.52001953125,773.1500244140625,773.4400024414062,108350
2026-08-10 09:32:00-04:00,773.43701171875,773.5800170898438,773.2999877929688,773.4099731445312,62219
2026-08-10 09:33:00-04:00,773.4099731445312,773.6300048828125,773.280029296875,773.280029296875,94187
2026-08-10 09:34:00-04:00,773.27001953125,773.27001953125,772.5700073242188,772.6400146484375,122205
2026-08-10 09:35:00-04:00,772.6300048828125,772.8699951171875,772.5,772.8300170898438,117010
2026-08-10 09:36:00-04:00,772.8250122070312,773.1199951171875,772.72998046875,772.7999877929688,246775
2026-08-10 09:37:00-04:00,772.780029296875,773.010009765625,772.6799926757812,772.7899780273438,67945
2026-08-10 09:38:00-04:00,772.7999877929688,772.8300170898438,772.5549926757812,772.739990234375,66045
2026-08-10 09:39:00-04:00,772.75,772.8200073242188,772.5,772.7999877929688,82442
2026-08-10 09:40:00-04:00,772.7899780273438,772.8800048828125,772.530029296875,772.6699829101562,98907
2026-08-10 09:41:00-04:00,772.6699829101562,772.989990234375,772.52001953125,772.97998046875,73108
2026-08-10 09:42:00-04:00,772.97998046875,773.1099853515625,772.8499755859375,772.9299926757812,64714
2026-08-10 09:43:00-04:00,772.9400024414062,773.0399780273438,772.719970703125,772.989990234375,141093
2026-08-10 09:44:00-04:00,773.0,773.010009765625,772.6599731445312,772.6599731445312,134762
2026-08-10 09:45:00-04:00,772.6500244140625,773.0900268554688,772.6199951171875,772.84228515625,117758
2026-08-10 09:46:00-04:00,772.8300170898438,772.969970703125,772.739990234375,772.9500122070312,127309
2026-08-10 09:47:00-04:00,772.9600219726562,773.030029296875,772.780029296875,773.030029296875,101864
2026-08-10 09:48:00-04:00,773.030029296875,773.0599975585938,772.8099975585938,773.0250244140625,86216
2026-08-10 09:49:00-04:00,773.02001953125,773.260009765625,773.0,773.1300048828125,137573
2026-08-10 09:50:00-04:00,773.1300048828125,773.4099731445312,772.7999877929688,772.9400024414062,283681
2026-08-10 09:51:00-04:00,772.9299926757812,773.010009765625,772.7100219726562,772.7650146484375,93051
2026-08-10 09:52:00-04:00,772.780029296875,772.9998779296875,772.5,772.9777221679688,90936
2026-08-10 09:53:00-04:00,772.969970703125,773.2000122070312,772.7999877929688,773.2000122070312,61177
2026-08-10 09:54:00-04:00,773.2000122070312,773.2150268554688,773.030029296875,773.1300048828125,75514
2026-08-10 09:55:00-04:00,773.125,773.3300170898438,773.0250244140625,773.0499877929688,98512
2026-08-10 09:56:00-04:00,773.0399780273438,773.1699829101562,773.010009765625,773.1599731445312,63025
2026-08-10 09:57:00-04:00,773.1849975585938,773.4299926757812,773.1500244140625,773.3499145507812,45008
2026-08-10 09:58:00-04:00,773.3399047851562,773.469970703125,773.260009765625,773.4099731445312,84568
2026-08-10 09:59:00-04:00,773.4000244140625,773.52001953125,773.260009765625,773.468994140625,74745
2026-08-10 10:00:00-04:00,773.4199829101562,773.7360229492188,773.3900146484375,773.489990234375,273767
2026-08-10 10:01:00-04:00,773.489990234375,773.72998046875,773.4000244140625,773.7249755859375,190209
2026-08-10 10:02:00-04:00,773.7249755859375,773.780029296875,773.6400146484375,773.7050170898438,208468
2026-08-10 10:03:00-04:00,773.7050170898438,773.7374877929688,773.5800170898438,773.5900268554688,181619
2026-08-10 10:04:00-04:00,773.5900268554688,773.8499755859375,773.5549926757812,773.719970703125,168760
2026-08-10 10:05:00-04:00,773.6799926757812,773.77001953125,773.5700073242188,773.6799926757812,87822
2026-08-10 10:06:00-04:00,773.6890258789062,773.864990234375,773.6890258789062,773.7628784179688,78092
2026-08-10 10:07:00-04:00,773.7899780273438,773.9199829101562,773.719970703125,773.8200073242188,54422
2026-08-10 10:08:00-04:00,773.8250122070312,773.9099731445312,773.780029296875,773.8250122070312,65697
2026-08-10 10:09:00-04:00,773.8099975585938,774.030029296875,773.77001953125,774.0250244140625,125518
2026-08-10 10:10:00-04:00,774.0250244140625,774.2100219726562,774.0,774.1500244140625,101378
2026-08-10 10:11:00-04:00,774.1589965820312,774.1900024414062,773.8900146484375,773.9400024414062,98720
2026-08-10 10:12:00-04:00,773.9401245117188,774.1300048828125,773.9299926757812,774.125,62669
2026-08-10 10:13:00-04:00,774.1199951171875,774.260009765625,774.1099853515625,774.2100219726562,211721
2026-08-10 10:14:00-04:00,774.2100219726562,774.22998046875,774.1099853515625,774.2150268554688,62447
2026-08-10 10:15:00-04:00,774.219970703125,774.3499755859375,774.1300048828125,774.2000122070312,72224
2026-08-10 10:16:00-04:00,774.2100219726562,774.27001953125,774.1199951171875,774.219970703125,65217
2026-08-10 10:17:00-04:00,774.219970703125,774.2271118164062,774.1099853515625,774.1199951171875,63499
2026-08-10 10:18:00-04:00,774.1400146484375,774.1500244140625,773.969970703125,774.0795288085938,89594
2026-08-10 10:19:00-04:00,774.0800170898438,774.3200073242188,774.0549926757812,774.2899780273438,62296
2026-08-10 10:20:00-04:00,774.2899780273438,774.375,774.27001953125,774.3049926757812,100387
2026-08-10 10:21:00-04:00,774.3049926757812,774.375,774.239990234375,774.3099975585938,75930
2026-08-10 10:22:00-04:00,774.3200073242188,774.3200073242188,774.0750122070312,774.114990234375,122450
2026-08-10 10:23:00-04:00,774.1099853515625,774.1900024414062,773.9500122070312,774.0250244140625,99842
2026-08-10 10:24:00-04:00,774.02001953125,774.0499877929688,773.8300170898438,773.969970703125,226363
2026-08-10 10:25:00-04:00,773.9650268554688,774.25,773.7650146484375,774.219970703125,79597
2026-08-10 10:26:00-04:00,774.2100219726562,774.2999877929688,774.0399780273438,774.1500244140625,77986
2026-08-10 10:27:00-04:00,774.1400146484375,774.2750244140625,774.0800170898438,774.1900024414062,70949
2026-08-10 10:28:00-04:00,774.1900024414062,774.280029296875,774.1300048828125,774.27001953125,85841
2026-08-10 10:29:00-04:00,774.27001953125,774.4600219726562,774.2000122070312,774.35498046875,93190
2026-08-10 10:30:00-04:00,774.35498046875,774.489990234375,774.27001953125,774.469970703125,126151
2026-08-10 10:31:00-04:00,774.469970703125,774.6900024414062,774.4600219726562,774.6099853515625,200421
2026-08-10 10:32:00-04:00,774.6199951171875,774.655029296875,774.5499877929688,774.6199951171875,114547
2026-08-10 10:33:00-04:00,774.6199951171875,774.6300048828125,774.4249877929688,774.47998046875,91983
2026-08-10 10:34:00-04:00,774.4600219726562,774.4600219726562,774.2999877929688,774.3599853515625,83240
2026-08-10 10:35:00-04:00,774.35498046875,774.6199951171875,774.3499755859375,774.5,106324
2026-08-10 10:36:00-04:00,774.510009765625,774.5499877929688,774.4249877929688,774.4450073242188,65122
2026-08-10 10:37:00-04:00,774.4400024414062,774.6199951171875,774.4199829101562,774.60498046875,76002
2026-08-10 10:38:00-04:00,774.6099853515625,774.6099853515625,774.3400268554688,774.344970703125,60920
2026-08-10 10:39:00-04:00,774.3400268554688,774.405029296875,774.1746826171875,774.3400268554688,75996
2026-08-10 10:40:00-04:00,774.3400268554688,774.5499877929688,774.3049926757812,774.4500122070312,87021
2026-08-10 10:41:00-04:00,774.4500122070312,774.5399780273438,774.3800048828125,774.4299926757812,66938
2026-08-10 10:42:00-04:00,774.4500122070312,774.6199951171875,774.344970703125,774.6099853515625,102882
2026-08-10 10:43:00-04:00,774.5900268554688,774.6099853515625,774.4600219726562,774.5999755859375,60109
2026-08-10 10:44:00-04:00,774.5850219726562,774.6400146484375,774.4550170898438,774.5999755859375,61818
2026-08-10 10:45:00-04:00,774.60498046875,774.9400024414062,774.5999755859375,774.9349975585938,90939
2026-08-10 10:46:00-04:00,774.9351196289062,774.9400024414062,774.77001953125,774.875,85149
2026-08-10 10:47:00-04:00,774.875,775.0499877929688,774.8699951171875,774.969970703125,562674
2026-08-10 10:48:00-04:00,774.9600219726562,775.030029296875,774.8900146484375,774.9251098632812,50316
2026-08-10 10:49:00-04:00,774.9199829101562,775.010009765625,774.8800048828125,774.9199829101562,41294
2026-08-10 10:50:00-04:00,774.9299926757812,774.9500122070312,774.8099975585938,774.8300170898438,77697
2026-08-10 10:51:00-04:00,774.8200073242188,774.8499755859375,774.5850219726562,774.602294921875,109481
2026-08-10 10:52:00-04:00,774.5999755859375,774.619873046875,774.2899780273438,774.3150024414062,111613
2026-08-10 10:53:00-04:00,774.3200073242188,774.3499755859375,773.8900146484375,773.9199829101562,212656
2026-08-10 10:54:00-04:00,773.9099731445312,774.0,773.7999877929688,773.8800048828125,107014
2026-08-10 10:55:00-04:00,773.8499755859375,773.989990234375,773.7630004882812,773.8800048828125,120485
2026-08-10 10:56:00-04:00,773.8800048828125,774.1099853515625,773.8699951171875,773.97998046875,66070
2026-08-10 10:57:00-04:00,773.97998046875,773.989990234375,773.7789916992188,773.8900146484375,82809
2026-08-10 10:58:00-04:00,773.8699951171875,773.9400024414062,773.7647094726562,773.8255004882812,97932
2026-08-10 10:59:00-04:00,773.8049926757812,773.8599853515625,773.5,773.5150146484375,106283
2026-08-10 11:00:00-04:00,773.510009765625,773.6300048828125,773.3099975585938,773.3300170898438,111039
2026-08-10 11:01:00-04:00,773.3300170898438,773.75,773.3099975585938,773.719970703125,110554
2026-08-10 11:02:00-04:00,773.6699829101562,773.8228759765625,773.5599975585938,773.6799926757812,102628
2026-08-10 11:03:00-04:00,773.6699829101562,773.9400024414062,773.6599731445312,773.8300170898438,64675
2026-08-10 11:04:00-04:00,773.8400268554688,773.9500122070312,773.6701049804688,773.7100219726562,46690
2026-08-10 11:05:00-04:00,773.7100219726562,773.9600219726562,773.7100219726562,773.9199829101562,80989
2026-08-10 11:06:00-04:00,773.9500122070312,774.0,773.760009765625,773.8800048828125,93563
2026-08-10 11:07:00-04:00,773.8800048828125,774.030029296875,773.8699951171875,773.9349975585938,49676
2026-08-10 11:08:00-04:00,773.9299926757812,774.0,773.75,773.75,41367
2026-08-10 11:09:00-04:00,773.739990234375,773.7650146484375,773.5800170898438,773.5800170898438,75857
2026-08-10 11:10:00-04:00,773.5499877929688,773.6599731445312,773.4500122070312,773.6300048828125,85200
2026-08-10 11:11:00-04:00,773.625,773.9199829101562,773.614990234375,773.6649780273438,58938
2026-08-10 11:12:00-04:00,773.6649780273438,773.760009765625,773.5,773.532470703125,57041
2026-08-10 11:13:00-04:00,773.530029296875,773.7899780273438,773.489990234375,773.780029296875,48426
2026-08-10 11:14:00-04:00,773.77001953125,773.8489990234375,773.7100219726562,773.8200073242188,52482
2026-08-10 11:15:00-04:00,773.8200073242188,774.1500244140625,773.760009765625,774.1300048828125,74790
2026-08-10 11:16:00-04:00,774.1300048828125,774.1900024414062,773.9400024414062,773.9500122070312,50643
2026-08-10 11:17:00-04:00,773.9600219726562,774.02001953125,773.760009765625,773.9099731445312,70155
2026-08-10 11:18:00-04:00,773.8900146484375,773.989990234375,773.8099975585938,773.85498046875,40452
2026-08-10 11:19:00-04:00,773.8400268554688,774.02001953125,773.8300170898438,773.9199829101562,47485
2026-08-10 11:20:00-04:00,773.9199829101562,774.0999755859375,773.9199829101562,774.010009765625,44305
2026-08-10 11:21:00-04:00,774.010009765625,774.0399780273438,773.8699951171875,773.97998046875,26623
2026-08-10 11:22:00-04:00,774.0,774.0,773.8400268554688,773.9000244140625,130560
2026-08-10 11:23:00-04:00,773.9099731445312,774.0549926757812,773.7999877929688,773.989990234375,29295
2026-08-10 11:24:00-04:00,773.9400024414062,773.9749755859375,773.8099975585938,773.9199829101562,36812
2026-08-10 11:25:00-04:00,773.9199829101562,773.989990234375,773.5150146484375,773.5499877929688,51479
2026-08-10 11:26:00-04:00,773.5800170898438,773.6199951171875,773.4199829101562,773.5349731445312,60663
2026-08-10 11:27:00-04:00,773.530029296875,773.780029296875,773.47998046875,773.719970703125,34846
2026-08-10 11:28:00-04:00,773.7100219726562,773.8300170898438,773.6199951171875,773.719970703125,33350
2026-08-10 11:29:00-04:00,773.7249755859375,773.8200073242188,773.7050170898438,773.739990234375,16917
2026-08-10 11:30:00-04:00,773.760009765625,773.8699951171875,773.6510009765625,773.77001953125,28928
2026-08-10 11:31:00-04:00,773.7662963867188,773.7899780273438,773.530029296875,773.6300048828125,63695
2026-08-10 11:32:00-04:00,773.6199951171875,773.6400146484375,773.4199829101562,773.5927734375,34978
2026-08-10 11:33:00-04:00,773.5700073242188,773.6300048828125,773.4766845703125,773.5399780273438,51516
2026-08-10 11:34:00-04:00,773.5399780273438,773.5800170898438,773.3599853515625,773.3900146484375,36885
2026-08-10 11:35:00-04:00,773.405029296875,773.5999755859375,773.22998046875,773.469970703125,82924
2026-08-10 11:36:00-04:00,773.469970703125,773.5399780273438,773.260009765625,773.2700805664062,79747
2026-08-10 11:37:00-04:00,773.27001953125,773.3499755859375,773.22998046875,773.3400268554688,132278
2026-08-10 11:38:00-04:00,773.3400268554688,773.3699951171875,773.239990234375,773.344970703125,28654
2026-08-10 11:39:00-04:00,773.3599853515625,773.4099731445312,773.2600708007812,773.280029296875,31312
2026-08-10 11:40:00-04:00,773.27001953125,773.5499877929688,773.1599731445312,773.4998779296875,52560
2026-08-10 11:41:00-04:00,773.5,773.5900268554688,773.4000244140625,773.5700073242188,34779
2026-08-10 11:42:00-04:00,773.5900268554688,773.6199951171875,773.4249877929688,773.4349975585938,22319
2026-08-10 11:43:00-04:00,773.4199829101562,773.639892578125,773.37060546875,773.635009765625,39542
2026-08-10 11:44:00-04:00,773.6400146484375,773.8049926757812,773.614990234375,773.7899780273438,40057
2026-08-10 11:45:00-04:00,773.8099975585938,773.8800048828125,773.739990234375,773.780029296875,46087
2026-08-10 11:46:00-04:00,773.77001953125,773.7750244140625,773.6300048828125,773.6300048828125,30772
2026-08-10 11:47:00-04:00,773.6300048828125,773.75,773.5599975585938,773.5900268554688,39097
2026-08-10 11:48:00-04:00,773.5900268554688,773.6599731445312,773.5100708007812,773.5650024414062,29593
2026-08-10 11:49:00-04:00,773.5798950195312,773.72998046875,773.530029296875,773.5499877929688,26868
2026-08-10 11:50:00-04:00,773.5650024414062,773.760009765625,773.4949951171875,773.719970703125,69593
2026-08-10 11:51:00-04:00,773.7100219726562,774.019287109375,773.7050170898438,774.0050048828125,50193
2026-08-10 11:52:00-04:00,774.0,774.1199951171875,774.0,774.1199951171875,45777
2026-08-10 11:53:00-04:00,774.1300048828125,774.1799926757812,774.094970703125,774.1649780273438,44219
2026-08-10 11:54:00-04:00,774.1799926757812,774.3400268554688,774.1199951171875,774.2100219726562,38975
2026-08-10 11:55:00-04:00,774.1900024414062,774.219970703125,774.0599975585938,774.1300048828125,43891
2026-08-10 11:56:00-04:00,774.1300048828125,774.1749877929688,774.030029296875,774.1599731445312,54583
2026-08-10 11:57:00-04:00,774.1699829101562,774.3099975585938,774.1500244140625,774.2800903320312,40088
2026-08-10 11:58:00-04:00,774.280029296875,774.3300170898438,774.260009765625,774.3300170898438,164462
2026-08-10 11:59:00-04:00,774.3300170898438,774.4099731445312,774.2899780273438,774.3099975585938,32245
2026-08-10 12:00:00-04:00,774.3400268554688,774.4349975585938,774.280029296875,774.3699951171875,37769
2026-08-10 12:01:00-04:00,774.3699951171875,774.3800048828125,774.219970703125,774.25,32535
2026-08-10 12:02:00-04:00,774.25,774.3200073242188,774.22998046875,774.2550048828125,64916
2026-08-10 12:03:00-04:00,774.260009765625,774.27001953125,774.1500244140625,774.1799926757812,60076
2026-08-10 12:04:00-04:00,774.1749877929688,774.2100219726562,774.0399780273438,774.1649780273438,46771
2026-08-10 12:05:00-04:00,774.1699829101562,774.2000122070312,774.0800170898438,774.080078125,23984
2026-08-10 12:06:00-04:00,774.0900268554688,774.0999755859375,773.9805297851562,774.0,59372
2026-08-10 12:07:00-04:00,774.0,774.1199951171875,774.0,774.0599975585938,58921
2026-08-10 12:08:00-04:00,774.0499877929688,774.135009765625,773.9000244140625,773.9099731445312,30135
2026-08-10 12:09:00-04:00,773.9199829101562,774.0499877929688,773.875,773.989990234375,47054
2026-08-10 12:10:00-04:00,774.0,774.0399780273438,773.9199829101562,773.989990234375,58164
2026-08-10 12:11:00-04:00,773.9949951171875,774.1400146484375,773.9400024414062,773.9600219726562,29842
2026-08-10 12:12:00-04:00,773.9600219726562,773.989990234375,773.8099975585938,773.8400268554688,37776
2026-08-10 12:13:00-04:00,773.85498046875,773.9199829101562,773.8300170898438,773.9199829101562,24019
2026-08-10 12:14:00-04:00,773.9299926757812,773.9376831054688,773.780029296875,773.780029296875,132864
2026-08-10 12:15:00-04:00,773.780029296875,773.7899780273438,773.4500122070312,773.52001953125,66918
2026-08-10 12:16:00-04:00,773.5350952148438,773.719970703125,773.510009765625,773.7000122070312,65530
2026-08-10 12:17:00-04:00,773.7000122070312,773.72998046875,773.635009765625,773.6599731445312,25914
2026-08-10 12:18:00-04:00,773.655029296875,773.7750244140625,773.6099853515625,773.6699829101562,43202
2026-08-10 12:19:00-04:00,773.6699829101562,773.760009765625,773.6400146484375,773.6900024414062,39135
2026-08-10 12:20:00-04:00,773.6699829101562,773.8599853515625,773.6649780273438,773.7349853515625,39227
2026-08-10 12:21:00-04:00,773.72998046875,773.75,773.489990234375,773.52001953125,35430
2026-08-10 12:22:00-04:00,773.530029296875,773.60498046875,773.47998046875,773.5900268554688,31108
2026-08-10 12:23:00-04:00,773.594970703125,773.7000122070312,773.5650024414062,773.6749877929688,38333
2026-08-10 12:24:00-04:00,773.6799926757812,773.77001953125,773.6099853515625,773.7650146484375,39510
2026-08-10 12:25:00-04:00,773.7550048828125,773.9199829101562,773.6599731445312,773.7949829101562,51820
2026-08-10 12:26:00-04:00,773.7999877929688,773.8200073242188,773.5614013671875,773.5614013671875,53055
2026-08-10 12:27:00-04:00,773.5700073242188,773.6400146484375,773.419921875,773.419921875,54460
2026-08-10 12:28:00-04:00,773.4099731445312,773.5700073242188,773.3499755859375,773.530029296875,15200
2026-08-10 12:29:00-04:00,773.530029296875,773.5800170898438,773.3499755859375,773.3699951171875,58968
2026-08-10 12:30:00-04:00,773.3699951171875,773.4500122070312,773.3099975585938,773.3300170898438,39236
2026-08-10 12:31:00-04:00,773.2999877929688,773.4879760742188,772.5,772.780029296875,124438
2026-08-10 12:32:00-04:00,772.7999877929688,773.1400146484375,771.6199951171875,772.9099731445312,575962
2026-08-10 12:33:00-04:00,772.8900146484375,772.8900146484375,772.6099853515625,772.7899780273438,134766
2026-08-10 12:34:00-04:00,772.780029296875,772.8250122070312,772.6199951171875,772.6799926757812,62240
2026-08-10 12:35:00-04:00,772.739990234375,772.9349975585938,772.6900024414062,772.8900146484375,75298
2026-08-10 12:36:00-04:00,772.8900146484375,773.0700073242188,772.8049926757812,772.8800048828125,121889
2026-08-10 12:37:00-04:00,772.8800048828125,772.9199829101562,772.7100219726562,772.739990234375,73520
2026-08-10 12:38:00-04:00,772.739990234375,772.75,772.5399780273438,772.6099853515625,71610
2026-08-10 12:39:00-04:00,772.6099853515625,772.7000122070312,772.52001953125,772.5700073242188,54351
2026-08-10 12:40:00-04:00,772.5700073242188,772.6400146484375,772.469970703125,772.5800170898438,53630
2026-08-10 12:41:00-04:00,772.5599975585938,772.5850219726562,772.2100219726562,772.3300170898438,50389
2026-08-10 12:42:00-04:00,772.3200073242188,772.5198974609375,772.280029296875,772.2999877929688,65769
2026-08-10 12:43:00-04:00,772.344970703125,772.3699951171875,772.0599975585938,772.0900268554688,74022
2026-08-10 12:44:00-04:00,772.0900268554688,772.1599731445312,771.9749755859375,772.159912109375,155678
2026-08-10 12:45:00-04:00,772.1599731445312,772.1699829101562,771.9299926757812,772.0999755859375,73857
2026-08-10 12:46:00-04:00,772.109375,772.405029296875,772.0349731445312,772.375,125001
2026-08-10 12:47:00-04:00,772.3599853515625,772.510009765625,772.2750244140625,772.4600219726562,65869
2026-08-10 12:48:00-04:00,772.4398803710938,772.489990234375,772.3499755859375,772.419921875,43142
2026-08-10 12:49:00-04:00,772.4199829101562,772.6300048828125,772.4099731445312,772.6099853515625,35756
2026-08-10 12:50:00-04:00,772.6300048828125,772.6400146484375,772.4299926757812,772.4550170898438,43712
2026-08-10 12:51:00-04:00,772.4400024414062,772.469970703125,772.3400268554688,772.3900146484375,36110
2026-08-10 12:52:00-04:00,772.4000244140625,772.4600219726562,772.3599853515625,772.4199829101562,19734
2026-08-10 12:53:00-04:00,772.4249877929688,772.4400024414062,772.260009765625,772.3200073242188,40984
2026-08-10 12:54:00-04:00,772.3300170898438,772.530029296875,772.3099975585938,772.530029296875,22737
2026-08-10 12:55:00-04:00,772.530029296875,772.77001953125,772.52001953125,772.6199951171875,51932
2026-08-10 12:56:00-04:00,772.6207275390625,772.7612915039062,772.5399780273438,772.739990234375,26103
2026-08-10 12:57:00-04:00,772.739990234375,772.8400268554688,772.72998046875,772.7705078125,31296
2026-08-10 12:58:00-04:00,772.77490234375,772.9099731445312,772.7100219726562,772.760009765625,71448
2026-08-10 12:59:00-04:00,772.760009765625,772.9600219726562,772.75,772.9500122070312,36595
2026-08-10 13:00:00-04:00,772.9400024414062,772.989990234375,772.8300170898438,772.969970703125,43006
2026-08-10 13:01:00-04:00,772.969970703125,773.0499877929688,772.739990234375,772.739990234375,59329
2026-08-10 13:02:00-04:00,772.72998046875,772.8300170898438,772.7100219726562,772.7474975585938,82103
2026-08-10 13:03:00-04:00,772.7449951171875,772.75,772.52001953125,772.5283203125,97529
2026-08-10 13:04:00-04:00,772.5399780273438,772.7091064453125,772.5,772.6799926757812,31517
2026-08-10 13:05:00-04:00,772.6799926757812,772.7100219726562,772.5900268554688,772.6099853515625,51161
2026-08-10 13:06:00-04:00,772.6300048828125,772.7899780273438,772.6099853515625,772.6400146484375,30181
2026-08-10 13:07:00-04:00,772.6400146484375,772.8300170898438,772.5800170898438,772.8200073242188,24617
2026-08-10 13:08:00-04:00,772.8099975585938,773.010009765625,772.7999877929688,772.9400024414062,29941
2026-08-10 13:09:00-04:00,772.9500122070312,773.0900268554688,772.9500122070312,773.0900268554688,58399
2026-08-10 13:10:00-04:00,773.0700073242188,773.25,773.02001953125,773.02001953125,108435
2026-08-10 13:11:00-04:00,773.02001953125,773.030029296875,772.9000244140625,772.97998046875,51070
2026-08-10 13:12:00-04:00,772.9600219726562,773.0,772.905029296875,772.9500122070312,13427
2026-08-10 13:13:00-04:00,772.9600219726562,773.1099853515625,772.9600219726562,773.0700073242188,18683
2026-08-10 13:14:00-04:00,773.0900268554688,773.1300048828125,773.0599975585938,773.1099853515625,30426
2026-08-10 13:15:00-04:00,773.114990234375,773.239990234375,773.1099853515625,773.1900024414062,68373
2026-08-10 13:16:00-04:00,773.1900024414062,773.280029296875,773.1400146484375,773.2000122070312,32249
2026-08-10 13:17:00-04:00,773.1900024414062,773.260009765625,773.1201171875,773.25,34666
2026-08-10 13:18:00-04:00,773.2550048828125,773.2550048828125,772.9852294921875,773.010009765625,38254
2026-08-10 13:19:00-04:00,773.02001953125,773.1400146484375,773.010009765625,773.1400146484375,25803
2026-08-10 13:20:00-04:00,773.147705078125,773.2100219726562,773.1400146484375,773.1500244140625,62565
2026-08-10 13:21:00-04:00,773.1500244140625,773.1599731445312,773.010009765625,773.02001953125,46320
2026-08-10 13:22:00-04:00,773.010009765625,773.1400146484375,772.989990234375,773.10498046875,19869
2026-08-10 13:23:00-04:00,773.1099853515625,773.2000122070312,773.0599975585938,773.0999755859375,41458
2026-08-10 13:24:00-04:00,773.1199951171875,773.155029296875,773.0700073242188,773.1500244140625,25796
2026-08-10 13:25:00-04:00,773.1400146484375,773.1799926757812,773.030029296875,773.030029296875,27131
2026-08-10 13:26:00-04:00,773.0399780273438,773.0499877929688,772.9600219726562,772.969970703125,26094
2026-08-10 13:27:00-04:00,773.010009765625,773.0999755859375,772.9299926757812,772.9299926757812,30651
2026-08-10 13:28:00-04:00,772.9299926757812,773.0449829101562,772.8599853515625,772.989990234375,47910
2026-08-10 13:29:00-04:00,773.010009765625,773.1699829101562,773.006591796875,773.1094970703125,24771
2026-08-10 13:30:00-04:00,773.1099853515625,773.22998046875,773.0900268554688,773.2100219726562,36697
2026-08-10 13:31:00-04:00,773.2100219726562,773.25,773.161376953125,773.1950073242188,44630
2026-08-10 13:32:00-04:00,773.1900024414062,773.260009765625,773.1699829101562,773.239990234375,31955
2026-08-10 13:33:00-04:00,773.219970703125,773.260009765625,773.1099853515625,773.1099853515625,31795
2026-08-10 13:34:00-04:00,773.0999755859375,773.1400146484375,773.0599975585938,773.1300048828125,31649
2026-08-10 13:35:00-04:00,773.1199951171875,773.1599731445312,773.030029296875,773.0499877929688,20490
2026-08-10 13:36:00-04:00,773.0399780273438,773.1099243164062,773.02001953125,773.02001953125,71912
2026-08-10 13:37:00-04:00,773.010009765625,773.0316162109375,772.7750244140625,772.7750244140625,20521
2026-08-10 13:38:00-04:00,772.77001953125,772.8699951171875,772.7000122070312,772.8499755859375,44446
2026-08-10 13:39:00-04:00,772.8499755859375,772.8900146484375,772.8150024414062,772.844970703125,19231
2026-08-10 13:40:00-04:00,772.8400268554688,772.9000244140625,772.7949829101562,772.8499755859375,46177
2026-08-10 13:41:00-04:00,772.844970703125,772.8900146484375,772.8049926757812,772.8800048828125,17383
2026-08-10 13:42:00-04:00,772.9000244140625,772.969970703125,772.8099975585938,772.8200073242188,32909
2026-08-10 13:43:00-04:00,772.8200073242188,772.8250122070312,772.719970703125,772.77001953125,28047
2026-08-10 13:44:00-04:00,772.780029296875,772.8400268554688,772.6099853515625,772.6500244140625,35377
2026-08-10 13:45:00-04:00,772.6599731445312,772.6898803710938,772.5499877929688,772.6300048828125,36234
2026-08-10 13:46:00-04:00,772.635009765625,772.7000122070312,772.5599975585938,772.69921875,29278
2026-08-10 13:47:00-04:00,772.7000122070312,772.760009765625,772.64501953125,772.6699829101562,35712
2026-08-10 13:48:00-04:00,772.6799926757812,772.75,772.6099853515625,772.739990234375,29430
2026-08-10 13:49:00-04:00,772.7354125976562,772.760009765625,772.6699829101562,772.6799926757812,23643
2026-08-10 13:50:00-04:00,772.6799926757812,772.75,772.5599975585938,772.5750122070312,26354
2026-08-10 13:51:00-04:00,772.5800170898438,772.5900268554688,772.489990234375,772.5349731445312,41953
2026-08-10 13:52:00-04:00,772.5499877929688,772.6799926757812,772.489990234375,772.6699829101562,31519
2026-08-10 13:53:00-04:00,772.6699829101562,772.7000122070312,772.5399780273438,772.5700073242188,83618
2026-08-10 13:54:00-04:00,772.5800170898438,772.6599731445312,772.530029296875,772.6199951171875,26396
2026-08-10 13:55:00-04:00,772.6099853515625,772.7899780273438,772.5499877929688,772.6099853515625,44873
2026-08-10 13:56:00-04:00,772.6099853515625,772.614990234375,772.510009765625,772.5900268554688,65621
2026-08-10 13:57:00-04:00,772.5900268554688,772.7150268554688,772.5549926757812,772.7150268554688,57659
2026-08-10 13:58:00-04:00,772.719970703125,772.8200073242188,772.719970703125,772.8049926757812,42554
2026-08-10 13:59:00-04:00,772.7999877929688,772.8099975585938,772.7000122070312,772.739013671875,30252
2026-08-10 14:00:00-04:00,772.72998046875,772.8599853515625,772.719970703125,772.8300170898438,34073
2026-08-10 14:01:00-04:00,772.8400268554688,772.8800048828125,772.6699829101562,772.6749877929688,83031
2026-08-10 14:02:00-04:00,772.6699829101562,772.7899780273438,772.6699829101562,772.719970703125,48431
2026-08-10 14:03:00-04:00,772.7000122070312,772.7899780273438,772.6599731445312,772.75,34311
2026-08-10 14:04:00-04:00,772.75,772.760009765625,772.6799926757812,772.739990234375,32872
2026-08-10 14:05:00-04:00,772.739990234375,772.7999877929688,772.6500244140625,772.780029296875,85507
2026-08-10 14:06:00-04:00,772.760009765625,772.8400268554688,772.7000122070312,772.8200073242188,23542
2026-08-10 14:07:00-04:00,772.7999877929688,772.8599853515625,772.7899780273438,772.8200073242188,41865
2026-08-10 14:08:00-04:00,772.8200073242188,773.02001953125,772.8099975585938,772.969970703125,56252
2026-08-10 14:09:00-04:00,772.9400024414062,772.9600219726562,772.8800048828125,772.9400024414062,58663
2026-08-10 14:10:00-04:00,772.9349975585938,773.0599975585938,772.9149780273438,773.02001953125,39768
2026-08-10 14:11:00-04:00,773.030029296875,773.0599975585938,772.9299926757812,772.969970703125,107252
2026-08-10 14:12:00-04:00,772.97998046875,772.97998046875,772.8200073242188,772.8400268554688,26957
2026-08-10 14:13:00-04:00,772.8300170898438,772.8300170898438,772.6920166015625,772.760009765625,44847
2026-08-10 14:14:00-04:00,772.77001953125,772.77001953125,772.6400146484375,772.6799926757812,30221
2026-08-10 14:15:00-04:00,772.6699829101562,772.7263793945312,772.6099853515625,772.6599731445312,63103
2026-08-10 14:16:00-04:00,772.6699829101562,772.719970703125,772.5999755859375,772.719970703125,380350
2026-08-10 14:17:00-04:00,772.7000122070312,772.75,772.6610107421875,772.7100219726562,31571
2026-08-10 14:18:00-04:00,772.7050170898438,772.72998046875,772.5800170898438,772.5800170898438,38655
2026-08-10 14:19:00-04:00,772.5900268554688,772.6199951171875,772.530029296875,772.5599975585938,53815
2026-08-10 14:20:00-04:00,772.5800170898438,772.6099853515625,772.5,772.5449829101562,44967
2026-08-10 14:21:00-04:00,772.5499877929688,772.6400146484375,772.5399780273438,772.6400146484375,68520
2026-08-10 14:22:00-04:00,772.6500244140625,772.75,772.5900268554688,772.6500244140625,32714
2026-08-10 14:23:00-04:00,772.6500244140625,772.6500244140625,772.5700073242188,772.6199951171875,27975
2026-08-10 14:24:00-04:00,772.614990234375,772.6400146484375,772.5499877929688,772.5499877929688,49801
2026-08-10 14:25:00-04:00,772.5499877929688,772.6599731445312,772.5399780273438,772.6599731445312,52483
2026-08-10 14:26:00-04:00,772.6699829101562,772.7100219726562,772.5599975585938,772.5800170898438,81792
2026-08-10 14:27:00-04:00,772.5800170898438,772.6099243164062,772.510009765625,772.5850219726562,37375
2026-08-10 14:28:00-04:00,772.5599975585938,772.6099853515625,772.5449829101562,772.594970703125,66439
2026-08-10 14:29:00-04:00,772.6099853515625,772.6199951171875,772.510009765625,772.530029296875,42666
2026-08-10 14:30:00-04:00,772.52001953125,772.530029296875,772.3599853515625,772.4500122070312,240779
2026-08-10 14:31:00-04:00,772.4498901367188,772.5999755859375,772.4299926757812,772.5800170898438,75028
2026-08-10 14:32:00-04:00,772.5800170898438,772.6699829101562,772.52001953125,772.6300048828125,69779
2026-08-10 14:33:00-04:00,772.6400146484375,772.6699829101562,772.510009765625,772.5900268554688,76194
2026-08-10 14:34:00-04:00,772.5800170898438,772.5999755859375,772.530029296875,772.5449829101562,58653
2026-08-10 14:35:00-04:00,772.5399780273438,772.7100219726562,772.530029296875,772.6099243164062,104812
2026-08-10 14:36:00-04:00,772.5999755859375,772.6199951171875,772.4600219726562,772.489990234375,44953
2026-08-10 14:37:00-04:00,772.489990234375,772.489990234375,772.3200073242188,772.3599853515625,46473
2026-08-10 14:38:00-04:00,772.3599853515625,772.4400024414062,772.3499755859375,772.4299926757812,29991
2026-08-10 14:39:00-04:00,772.4199829101562,772.5900268554688,772.3800048828125,772.5599975585938,88679
2026-08-10 14:40:00-04:00,772.5599975585938,772.6900024414062,772.5499877929688,772.6799926757812,36916
2026-08-10 14:41:00-04:00,772.6599731445312,772.7899780273438,772.6599731445312,772.7899780273438,517966
2026-08-10 14:42:00-04:00,772.7899780273438,772.9299926757812,772.719970703125,772.9299926757812,85273
2026-08-10 14:43:00-04:00,772.9299926757812,772.9299926757812,772.77001953125,772.780029296875,43840
2026-08-10 14:44:00-04:00,772.780029296875,772.9000244140625,772.7625122070312,772.885009765625,39247
2026-08-10 14:45:00-04:00,772.8800048828125,772.9299926757812,772.760009765625,772.9099731445312,90284
2026-08-10 14:46:00-04:00,772.8900146484375,772.9199829101562,772.8300170898438,772.8699951171875,22860
2026-08-10 14:47:00-04:00,772.864990234375,772.9299926757812,772.8599853515625,772.9000244140625,41147
2026-08-10 14:48:00-04:00,772.8900146484375,772.9299926757812,772.8400268554688,772.8800048828125,145240
2026-08-10 14:49:00-04:00,772.89501953125,772.9000244140625,772.739990234375,772.8499755859375,58021
2026-08-10 14:50:00-04:00,772.8400268554688,772.9600219726562,772.8400268554688,772.9500122070312,38781
2026-08-10 14:51:00-04:00,772.9600219726562,773.0800170898438,772.9000244140625,772.9299926757812,81064
2026-08-10 14:52:00-04:00,772.9349975585938,773.0399780273438,772.9349975585938,773.010009765625,33374
2026-08-10 14:53:00-04:00,773.010009765625,773.0999755859375,772.989990234375,773.0800170898438,33927
2026-08-10 14:54:00-04:00,773.0650024414062,773.1500244140625,773.0650024414062,773.1099853515625,27751
2026-08-10 14:55:00-04:00,773.114990234375,773.1199951171875,773.010009765625,773.010009765625,39351
2026-08-10 14:56:00-04:00,773.010009765625,773.1599731445312,773.0,773.1500244140625,36400
2026-08-10 14:57:00-04:00,773.1500244140625,773.280029296875,773.1300048828125,773.2750244140625,148984
2026-08-10 14:58:00-04:00,773.280029296875,773.3300170898438,773.1599731445312,773.1799926757812,64811
2026-08-10 14:59:00-04:00,773.1900024414062,773.260009765625,773.1699829101562,773.1900024414062,41133
2026-08-10 15:00:00-04:00,773.2000122070312,773.219970703125,773.0499877929688,773.0650024414062,65568
2026-08-10 15:01:00-04:00,773.0800170898438,773.2100219726562,773.0700073242188,773.1300048828125,131794
2026-08-10 15:02:00-04:00,773.1300048828125,773.239990234375,773.1199951171875,773.1799926757812,44279
2026-08-10 15:03:00-04:00,773.1699829101562,773.3099975585938,773.1300048828125,773.2849731445312,44500
2026-08-10 15:04:00-04:00,773.2849731445312,773.3200073242188,773.1500244140625,773.1900024414062,94843
2026-08-10 15:05:00-04:00,773.1849975585938,773.27001953125,773.1099853515625,773.1900024414062,36175
2026-08-10 15:06:00-04:00,773.2000122070312,773.3200073242188,773.1599731445312,773.25,33906
2026-08-10 15:07:00-04:00,773.22998046875,773.3200073242188,773.22998046875,773.2949829101562,60000
2026-08-10 15:08:00-04:00,773.2999877929688,773.3900146484375,773.280029296875,773.3800048828125,58025
2026-08-10 15:09:00-04:00,773.375,773.4000244140625,773.3099975585938,773.3900146484375,41358
2026-08-10 15:10:00-04:00,773.3900146484375,773.3900146484375,773.27001953125,773.3200073242188,89416
2026-08-10 15:11:00-04:00,773.3200073242188,773.3800048828125,773.260009765625,773.2789916992188,82868
2026-08-10 15:12:00-04:00,773.260009765625,773.3400268554688,773.219970703125,773.2999877929688,44435
2026-08-10 15:13:00-04:00,773.3099975585938,773.3900146484375,773.2899780273438,773.3400268554688,41576
2026-08-10 15:14:00-04:00,773.3400268554688,773.3499755859375,773.25,773.2999877929688,57699
2026-08-10 15:15:00-04:00,773.2999877929688,773.3300170898438,773.260009765625,773.2999267578125,31182
2026-08-10 15:16:00-04:00,773.27001953125,773.2999877929688,773.2100219726562,773.219970703125,42269
2026-08-10 15:17:00-04:00,773.219970703125,773.3699951171875,773.2100219726562,773.3499755859375,94402
2026-08-10 15:18:00-04:00,773.3499755859375,773.4400024414062,773.3209838867188,773.3800048828125,62536
2026-08-10 15:19:00-04:00,773.375,773.3800048828125,773.2700805664062,773.2999877929688,35243
2026-08-10 15:20:00-04:00,773.3099975585938,773.3800048828125,773.219970703125,773.25,34393
2026-08-10 15:21:00-04:00,773.25,773.2999877929688,773.1817016601562,773.27001953125,126639
2026-08-10 15:22:00-04:00,773.27001953125,773.3099975585938,773.219970703125,773.2249755859375,47937
2026-08-10 15:23:00-04:00,773.219970703125,773.3400268554688,773.2000122070312,773.3250122070312,80382
2026-08-10 15:24:00-04:00,773.3164672851562,773.4000244140625,773.22998046875,773.3701171875,48806
2026-08-10 15:25:00-04:00,773.3900146484375,773.3900146484375,773.1599731445312,773.1599731445312,77328
2026-08-10 15:26:00-04:00,773.1649780273438,773.2550048828125,773.1199951171875,773.1500244140625,35157
2026-08-10 15:27:00-04:00,773.1500244140625,773.1500244140625,773.010009765625,773.010009765625,62115
2026-08-10 15:28:00-04:00,773.030029296875,773.0999755859375,772.989990234375,772.9920043945312,48041
2026-08-10 15:29:00-04:00,772.9982299804688,773.02001953125,772.8800048828125,772.9299926757812,63006
2026-08-10 15:30:00-04:00,772.9450073242188,773.0007934570312,772.8499755859375,772.8800048828125,103072
2026-08-10 15:31:00-04:00,772.8800048828125,772.969970703125,772.8699951171875,772.9000244140625,66555
2026-08-10 15:32:00-04:00,772.9000244140625,772.9550170898438,772.72998046875,772.7899780273438,58465
2026-08-10 15:33:00-04:00,772.780029296875,772.8599853515625,772.760009765625,772.8200073242188,58783
2026-08-10 15:34:00-04:00,772.8200073242188,772.9600219726562,772.8099975585938,772.8900146484375,51072
2026-08-10 15:35:00-04:00,772.8800048828125,772.969970703125,772.780029296875,772.8099975585938,75341
2026-08-10 15:36:00-04:00,772.8300170898438,772.97998046875,772.8200073242188,772.9500122070312,40129
2026-08-10 15:37:00-04:00,772.9450073242188,773.010009765625,772.9450073242188,772.989990234375,45209
2026-08-10 15:38:00-04:00,772.9879760742188,773.1099853515625,772.97998046875,773.094970703125,87884
2026-08-10 15:39:00-04:00,773.0999755859375,773.2899780273438,773.0800170898438,773.1701049804688,132947
2026-08-10 15:40:00-04:00,773.1900024414062,773.2000122070312,773.0900268554688,773.0900268554688,74603
2026-08-10 15:41:00-04:00,773.094970703125,773.1400146484375,772.969970703125,773.010009765625,60456
2026-08-10 15:42:00-04:00,773.0,773.1799926757812,772.9400024414062,773.1500244140625,60783
2026-08-10 15:43:00-04:00,773.1300048828125,773.1900024414062,773.0800170898438,773.1300048828125,69246
2026-08-10 15:44:00-04:00,773.1300048828125,773.1500244140625,773.0700073242188,773.0850219726562,54568
2026-08-10 15:45:00-04:00,773.0800170898438,773.1900024414062,772.89501953125,772.9299926757812,145008
2026-08-10 15:46:00-04:00,772.9400024414062,773.010009765625,772.9099731445312,772.9349975585938,68144
2026-08-10 15:47:00-04:00,772.9349975585938,773.1099853515625,772.9349975585938,773.0549926757812,535833
2026-08-10 15:48:00-04:00,773.0549926757812,773.0900268554688,772.9600219726562,772.989990234375,69513
2026-08-10 15:49:00-04:00,772.989990234375,773.219970703125,772.97998046875,773.1699829101562,132690
2026-08-10 15:50:00-04:00,773.1599731445312,773.1599731445312,772.5499877929688,772.5599975585938,238997
2026-08-10 15:51:00-04:00,772.5700073242188,772.6599731445312,772.4099731445312,772.469970703125,408893
2026-08-10 15:52:00-04:00,772.489990234375,772.5900268554688,772.4000244140625,772.4299926757812,189591
2026-08-10 15:53:00-04:00,772.4299926757812,772.5399780273438,772.35498046875,772.4849853515625,173141
2026-08-10 15:54:00-04:00,772.489990234375,772.6900024414062,772.3800048828125,772.3800048828125,199637
2026-08-10 15:55:00-04:00,772.4000244140625,772.8200073242188,772.4000244140625,772.5900268554688,178266
2026-08-10 15:56:00-04:00,772.5800170898438,772.580078125,772.4199829101562,772.4550170898438,177357
2026-08-10 15:57:00-04:00,772.4500122070312,772.489990234375,772.3300170898438,772.3599853515625,229213
2026-08-10 15:58:00-04:00,772.35498046875,772.719970703125,772.3150024414062,772.7050170898438,511669
2026-08-10 15:59:00-04:00,772.7050170898438,773.1599731445312,772.5700073242188,773.0700073242188,1267932
2026-08-11 09:30:00-04:00,774.530029296875,774.5399780273438,773.8300170898438,773.9400024414062,944317
2026-08-11 09:31:00-04:00,773.9500122070312,774.0,773.510009765625,773.5700073242188,140722
2026-08-11 09:32:00-04:00,773.5599975585938,773.6599731445312,773.3200073242188,773.4998779296875,121906
2026-08-11 09:33:00-04:00,773.4849853515625,773.6199951171875,773.22998046875,773.3099975585938,132947
2026-08-11 09:34:00-04:00,773.3078002929688,773.52001953125,773.3078002929688,773.469970703125,88756
2026-08-11 09:35:00-04:00,773.4600219726562,773.469970703125,773.010009765625,773.0399780273438,106597
2026-08-11 09:36:00-04:00,773.0499877929688,773.3687744140625,772.9600219726562,773.22998046875,81711
2026-08-11 09:37:00-04:00,773.239990234375,773.5399780273438,773.2100219726562,773.2999877929688,98770
2026-08-11 09:38:00-04:00,773.3087768554688,773.3200073242188,772.8806762695312,773.030029296875,64766
2026-08-11 09:39:00-04:00,773.030029296875,773.1099853515625,772.864990234375,773.1099853515625,73149
2026-08-11 09:40:00-04:00,773.1198120117188,773.4400024414062,773.0999755859375,773.4299926757812,72452
2026-08-11 09:41:00-04:00,773.4299926757812,773.6500244140625,773.2999877929688,773.5999755859375,71874
2026-08-11 09:42:00-04:00,773.590087890625,773.7100219726562,773.3399047851562,773.5650024414062,80308
2026-08-11 09:43:00-04:00,773.5700073242188,773.6082763671875,773.3424072265625,773.3800048828125,35250
2026-08-11 09:44:00-04:00,773.3900146484375,773.587890625,773.2100219726562,773.2999877929688,64833
2026-08-11 09:45:00-04:00,773.2999877929688,773.4849853515625,772.9650268554688,773.0,83806
2026-08-11 09:46:00-04:00,772.9885864257812,773.0650024414062,772.6199951171875,772.9000244140625,188290
2026-08-11 09:47:00-04:00,772.9000244140625,772.9749755859375,772.6199951171875,772.7698974609375,101538
2026-08-11 09:48:00-04:00,772.77001953125,772.8499755859375,772.5800170898438,772.7901000976562,54890
2026-08-11 09:49:00-04:00,772.7999267578125,773.0,772.6599731445312,772.8400268554688,103613
2026-08-11 09:50:00-04:00,772.8350219726562,773.0499877929688,772.5900268554688,772.605712890625,81861
2026-08-11 09:51:00-04:00,772.60498046875,772.77001953125,772.5900268554688,772.75,54715
2026-08-11 09:52:00-04:00,772.7675170898438,773.0700073242188,772.6873779296875,773.0599975585938,50523
2026-08-11 09:53:00-04:00,773.0549926757812,773.1400146484375,772.8499755859375,773.0650024414062,75777
2026-08-11 09:54:00-04:00,773.0300903320312,773.0800170898438,772.8400268554688,772.9199829101562,35794
2026-08-11 09:55:00-04:00,772.8800048828125,773.10498046875,772.7999877929688,773.0499877929688,48069
2026-08-11 09:56:00-04:00,773.0499877929688,773.3200073242188,773.0250244140625,773.3200073242188,90452
2026-08-11 09:57:00-04:00,773.3300170898438,773.4600219726562,773.22998046875,773.4099731445312,138535
2026-08-11 09:58:00-04:00,773.4099731445312,773.4498901367188,773.1799926757812,773.3099975585938,47086
2026-08-11 09:59:00-04:00,773.2899780273438,773.6400146484375,773.27001953125,773.614990234375,56802
2026-08-11 10:00:00-04:00,773.614990234375,774.030029296875,773.489990234375,774.0289916992188,186835
2026-08-11 10:01:00-04:00,774.010009765625,774.0800170898438,773.8499755859375,773.97998046875,57767
2026-08-11 10:02:00-04:00,774.010009765625,774.02001953125,773.8200073242188,773.8900146484375,91256
2026-08-11 10:03:00-04:00,773.9000244140625,773.9600219726562,773.719970703125,773.9000244140625,72184
2026-08-11 10:04:00-04:00,773.89501953125,773.9500122070312,773.8099975585938,773.8699951171875,45410
2026-08-11 10:05:00-04:00,773.85498046875,773.969970703125,773.6995849609375,773.9450073242188,52671
2026-08-11 10:06:00-04:00,773.9299926757812,773.969970703125,773.8300170898438,773.8499755859375,59420
2026-08-11 10:07:00-04:00,773.8350219726562,773.8499755859375,773.5599975585938,773.7449951171875,104442
2026-08-11 10:08:00-04:00,773.739990234375,773.780029296875,773.5499877929688,773.7000122070312,56376
2026-08-11 10:09:00-04:00,773.75,773.8599853515625,773.6199951171875,773.7899780273438,56422
2026-08-11 10:10:00-04:00,773.8018188476562,773.9761962890625,773.7849731445312,773.8300170898438,51869
2026-08-11 10:11:00-04:00,773.8214721679688,773.8499755859375,773.6699829101562,773.719970703125,72592
2026-08-11 10:12:00-04:00,773.6950073242188,773.760009765625,773.635009765625,773.7000122070312,49002
2026-08-11 10:13:00-04:00,773.7000122070312,773.7750244140625,773.5900268554688,773.6900024414062,42541
2026-08-11 10:14:00-04:00,773.6699829101562,773.819091796875,773.5999755859375,773.780029296875,35063
2026-08-11 10:15:00-04:00,773.7999877929688,773.9199829101562,773.6199951171875,773.875,38414
2026-08-11 10:16:00-04:00,773.8699951171875,773.9500122070312,773.7546997070312,773.7999877929688,29270
2026-08-11 10:17:00-04:00,773.8099975585938,773.8200073242188,773.45068359375,773.469970703125,35586
2026-08-11 10:18:00-04:00,773.47998046875,773.6199951171875,773.3800048828125,773.5499267578125,33170
2026-08-11 10:19:00-04:00,773.52001953125,773.7332763671875,773.52001953125,773.6300048828125,23766
2026-08-11 10:20:00-04:00,773.6400146484375,773.8699951171875,773.6201171875,773.7949829101562,29273
2026-08-11 10:21:00-04:00,773.780029296875,773.7979125976562,773.5900268554688,773.6799926757812,48399
2026-08-11 10:22:00-04:00,773.6950073242188,773.75,773.47998046875,773.489990234375,100175
2026-08-11 10:23:00-04:00,773.489990234375,773.6699829101562,773.489990234375,773.55908203125,65278
2026-08-11 10:24:00-04:00,773.5399780273438,773.6099853515625,773.3800048828125,773.405029296875,48813
2026-08-11 10:25:00-04:00,773.3900146484375,773.5499877929688,773.3300170898438,773.5499877929688,80769
2026-08-11 10:26:00-04:00,773.5700073242188,773.6099853515625,773.4299926757812,773.52001953125,34185
2026-08-11 10:27:00-04:00,773.530029296875,773.6699829101562,773.4000244140625,773.5,84262
2026-08-11 10:28:00-04:00,773.489990234375,773.8099975585938,773.4600219726562,773.8049926757812,106100
2026-08-11 10:29:00-04:00,773.8099975585938,773.9498901367188,773.7000122070312,773.8699951171875,101269
2026-08-11 10:30:00-04:00,773.8800048828125,773.9299926757812,773.5234985351562,773.5234985351562,40527
2026-08-11 10:31:00-04:00,773.52001953125,773.6699829101562,773.4600219726562,773.5599975585938,101557
2026-08-11 10:32:00-04:00,773.5499877929688,773.6300048828125,773.510009765625,773.5700073242188,32047
2026-08-11 10:33:00-04:00,773.5599975585938,773.7000122070312,773.5599975585938,773.6199951171875,32402
2026-08-11 10:34:00-04:00,773.5999755859375,773.6699829101562,773.5050048828125,773.6699829101562,36500
2026-08-11 10:35:00-04:00,773.6699829101562,773.7750244140625,773.5900268554688,773.7000122070312,29190
2026-08-11 10:36:00-04:00,773.7100219726562,773.72998046875,773.6300048828125,773.7100219726562,33116
2026-08-11 10:37:00-04:00,773.7100219726562,773.739990234375,773.3599853515625,773.4099731445312,76135
2026-08-11 10:38:00-04:00,773.4000244140625,773.4199829101562,773.2100219726562,773.3499755859375,124377
2026-08-11 10:39:00-04:00,773.344970703125,773.4500122070312,773.3200073242188,773.344970703125,120266
2026-08-11 10:40:00-04:00,773.3699951171875,773.530029296875,773.3200073242188,773.52001953125,36961
2026-08-11 10:41:00-04:00,773.5050048828125,773.5900268554688,773.4400024414062,773.5800170898438,29273
2026-08-11 10:42:00-04:00,773.5999755859375,773.6199951171875,773.2899780273438,773.5250244140625,38389
2026-08-11 10:43:00-04:00,773.5800170898438,773.60498046875,773.3599853515625,773.4099731445312,49564
2026-08-11 10:44:00-04:00,773.4199829101562,773.4299926757812,773.280029296875,773.369873046875,47701
2026-08-11 10:45:00-04:00,773.3599853515625,773.5800170898438,773.3499755859375,773.5800170898438,37220
2026-08-11 10:46:00-04:00,773.5900268554688,773.8099975585938,773.5900268554688,773.739990234375,31181
2026-08-11 10:47:00-04:00,773.72998046875,773.7777709960938,773.6300048828125,773.77001953125,51915
2026-08-11 10:48:00-04:00,773.760009765625,773.9299926757812,773.75,773.9000244140625,34476
2026-08-11 10:49:00-04:00,773.9000244140625,773.9099731445312,773.77001953125,773.9000244140625,387546
2026-08-11 10:50:00-04:00,773.8800048828125,773.8900146484375,773.5,773.52587890625,51475
2026-08-11 10:51:00-04:00,773.5499877929688,773.9000244140625,773.4600219726562,773.8699951171875,59407
2026-08-11 10:52:00-04:00,773.864990234375,774.0349731445312,773.7999877929688,773.97998046875,51500
2026-08-11 10:53:00-04:00,773.97998046875,773.989990234375,773.6649780273438,773.6649780273438,51887
2026-08-11 10:54:00-04:00,773.6799926757812,773.9550170898438,773.6798706054688,773.8900146484375,46130
2026-08-11 10:55:00-04:00,773.8900146484375,774.030029296875,773.77001953125,773.7899169921875,40791
2026-08-11 10:56:00-04:00,773.7899780273438,773.8900146484375,773.7000732421875,773.7000732421875,52379
2026-08-11 10:57:00-04:00,773.72998046875,773.77001953125,773.6799926757812,773.72998046875,67827
2026-08-11 10:58:00-04:00,773.7431030273438,773.8300170898438,773.6900024414062,773.7100219726562,52554
2026-08-11 10:59:00-04:00,773.719970703125,773.7349853515625,773.5449829101562,773.6199951171875,57582
2026-08-11 11:00:00-04:00,773.6300048828125,773.8074951171875,773.6300048828125,773.760009765625,42082
2026-08-11 11:01:00-04:00,773.75,773.8099975585938,773.7000122070312,773.7899780273438,33806
2026-08-11 11:02:00-04:00,773.780029296875,773.7899780273438,773.5100708007812,773.5302734375,33599
2026-08-11 11:03:00-04:00,773.5399780273438,773.5900268554688,773.4600219726562,773.4876708984375,52237
2026-08-11 11:04:00-04:00,773.5,773.5499877929688,773.375,773.5,46107
2026-08-11 11:05:00-04:00,773.5050048828125,773.5098876953125,773.239990234375,773.2750244140625,47428
2026-08-11 11:06:00-04:00,773.2750244140625,773.280029296875,773.0344848632812,773.0999755859375,72735
2026-08-11 11:07:00-04:00,773.10498046875,773.1599731445312,773.030029296875,773.0499267578125,56346
2026-08-11 11:08:00-04:00,773.030029296875,773.0700073242188,772.77001953125,772.8800048828125,225785
2026-08-11 11:09:00-04:00,772.875,772.9249877929688,772.719970703125,772.8049926757812,57784
2026-08-11 11:10:00-04:00,772.7899780273438,772.8699951171875,772.75,772.7999877929688,66206
2026-08-11 11:11:00-04:00,772.7999877929688,772.8200073242188,772.5499877929688,772.75,65814
2026-08-11 11:12:00-04:00,772.739990234375,772.9450073242188,772.6950073242188,772.8300170898438,94812
2026-08-11 11:13:00-04:00,772.8150024414062,772.9000244140625,772.6099853515625,772.6099853515625,74610
2026-08-11 11:14:00-04:00,772.6099853515625,772.7686767578125,772.5999755859375,772.6599731445312,60232
2026-08-11 11:15:00-04:00,772.6599731445312,772.6699829101562,772.5150146484375,772.6400146484375,51875
2026-08-11 11:16:00-04:00,772.6300048828125,772.6799926757812,772.530029296875,772.530029296875,92407
2026-08-11 11:17:00-04:00,772.5399780273438,772.6799926757812,772.47998046875,772.4901123046875,78604
2026-08-11 11:18:00-04:00,772.489990234375,772.489990234375,772.2050170898438,772.2199096679688,105444
2026-08-11 11:19:00-04:00,772.2100219726562,772.5,772.2000122070312,772.4500122070312,73258
2026-08-11 11:20:00-04:00,772.4500122070312,772.5700073242188,772.4000244140625,772.5399780273438,54034
2026-08-11 11:21:00-04:00,772.5449829101562,772.7849731445312,772.5399780273438,772.780029296875,85130
2026-08-11 11:22:00-04:00,772.77001953125,772.8400268554688,772.7000732421875,772.7449951171875,62504
2026-08-11 11:23:00-04:00,772.75,772.75,772.6199951171875,772.6400146484375,52414
2026-08-11 11:24:00-04:00,772.6300048828125,772.6527709960938,772.47998046875,772.510009765625,42650
2026-08-11 11:25:00-04:00,772.52001953125,772.6199951171875,772.4099731445312,772.6199951171875,40903
2026-08-11 11:26:00-04:00,772.5999755859375,772.7000122070312,772.5700073242188,772.6199951171875,55542
2026-08-11 11:27:00-04:00,772.6099853515625,772.6300048828125,772.4600219726562,772.4600219726562,55111
2026-08-11 11:28:00-04:00,772.469970703125,772.5399780273438,772.4000244140625,772.422607421875,22301
2026-08-11 11:29:00-04:00,772.4500122070312,772.530029296875,772.4000244140625,772.4010009765625,26648
2026-08-11 11:30:00-04:00,772.4099731445312,772.510009765625,772.4000244140625,772.510009765625,46322
2026-08-11 11:31:00-04:00,772.510009765625,772.5599975585938,772.3499755859375,772.3599853515625,34951
2026-08-11 11:32:00-04:00,772.3800048828125,772.489990234375,772.260009765625,772.4600219726562,115164
2026-08-11 11:33:00-04:00,772.489990234375,772.5399780273438,772.3400268554688,772.3699951171875,30181
2026-08-11 11:34:00-04:00,772.3699951171875,772.3900146484375,771.8049926757812,771.9450073242188,109984
2026-08-11 11:35:00-04:00,771.9500122070312,772.1099853515625,771.864990234375,772.010009765625,118489
2026-08-11 11:36:00-04:00,772.0,772.0999755859375,771.9299926757812,772.0499877929688,87509
2026-08-11 11:37:00-04:00,772.0399780273438,772.10498046875,771.8699951171875,771.9849853515625,77942
2026-08-11 11:38:00-04:00,771.97998046875,772.0599975585938,771.8900146484375,771.9852294921875,35271
2026-08-11 11:39:00-04:00,771.989990234375,772.1300048828125,771.75,771.8599853515625,76619
2026-08-11 11:40:00-04:00,771.85498046875,772.030029296875,771.780029296875,771.989990234375,37812
2026-08-11 11:41:00-04:00,771.989990234375,772.0700073242188,771.8699951171875,771.97998046875,40055
2026-08-11 11:42:00-04:00,772.0,772.1300048828125,771.8804931640625,772.114013671875,58769
2026-08-11 11:43:00-04:00,772.1199951171875,772.2100219726562,772.0900268554688,772.1799926757812,74742
2026-08-11 11:44:00-04:00,772.1799926757812,772.1950073242188,772.02001953125,772.1799926757812,84510
2026-08-11 11:45:00-04:00,772.1699829101562,772.1763916015625,772.030029296875,772.0900268554688,43490
2026-08-11 11:46:00-04:00,772.0800170898438,772.1300048828125,771.97998046875,771.97998046875,54303
2026-08-11 11:47:00-04:00,771.9749755859375,772.030029296875,771.9099731445312,771.9099731445312,34118
2026-08-11 11:48:00-04:00,771.9199829101562,772.030029296875,771.8905029296875,772.0,36396
2026-08-11 11:49:00-04:00,772.0,772.1298828125,771.9249877929688,771.9949951171875,45700
2026-08-11 11:50:00-04:00,772.0,772.2479858398438,771.989990234375,772.2249755859375,50689
2026-08-11 11:51:00-04:00,772.2200927734375,772.22998046875,771.9199829101562,771.9299926757812,41015
2026-08-11 11:52:00-04:00,771.9299926757812,771.9600219726562,771.8300170898438,771.8441772460938,61593
2026-08-11 11:53:00-04:00,771.8400268554688,771.9099731445312,771.7708740234375,771.7899780273438,46178
2026-08-11 11:54:00-04:00,771.7899780273438,771.8800048828125,771.77001953125,771.8399047851562,47169
2026-08-11 11:55:00-04:00,771.8400268554688,771.969970703125,771.7899780273438,771.7899780273438,71256
2026-08-11 11:56:00-04:00,771.7999877929688,771.9299926757812,771.7899780273438,771.9099731445312,79447
2026-08-11 11:57:00-04:00,771.9000244140625,771.9600219726562,771.8499755859375,771.8599853515625,81924
2026-08-11 11:58:00-04:00,771.8499755859375,772.02001953125,771.8300170898438,772.0050048828125,44340
2026-08-11 11:59:00-04:00,772.02001953125,772.1400146484375,772.0,772.0,38315
2026-08-11 12:00:00-04:00,772.030029296875,772.3099975585938,772.030029296875,772.2899780273438,85825
2026-08-11 12:01:00-04:00,772.280029296875,772.2949829101562,772.0499877929688,772.0999755859375,46080
2026-08-11 12:02:00-04:00,772.0999755859375,772.1900024414062,772.0800170898438,772.1599731445312,22148
2026-08-11 12:03:00-04:00,772.1699829101562,772.1799926757812,772.02099609375,772.0303955078125,28861
2026-08-11 12:04:00-04:00,772.0399169921875,772.1300048828125,772.010009765625,772.0399780273438,29794
2026-08-11 12:05:00-04:00,772.030029296875,772.3480224609375,771.969970703125,772.3480224609375,394462
2026-08-11 12:06:00-04:00,772.3499755859375,772.3900146484375,772.3099975585938,772.3150024414062,63160
2026-08-11 12:07:00-04:00,772.3200073242188,772.3800048828125,772.239990234375,772.260009765625,74765
2026-08-11 12:08:00-04:00,772.239990234375,772.3099975585938,772.1749877929688,772.27001953125,31838
2026-08-11 12:09:00-04:00,772.280029296875,772.3099975585938,772.219970703125,772.3099975585938,28599
2026-08-11 12:10:00-04:00,772.318115234375,772.3300170898438,772.1900024414062,772.27001953125,95259
2026-08-11 12:11:00-04:00,772.2899780273438,772.2999877929688,772.010009765625,772.1099853515625,62636
2026-08-11 12:12:00-04:00,772.0900268554688,772.1699829101562,772.0399780273438,772.0999755859375,20926
2026-08-11 12:13:00-04:00,772.0999755859375,772.1300048828125,772.0599975585938,772.0999755859375,23762
2026-08-11 12:14:00-04:00,772.0999755859375,772.2100219726562,771.9299926757812,771.9550170898438,103622
2026-08-11 12:15:00-04:00,771.969970703125,772.1500244140625,771.9661865234375,772.1373901367188,21054
2026-08-11 12:16:00-04:00,772.1400146484375,772.3599853515625,772.0999755859375,772.3400268554688,39153
2026-08-11 12:17:00-04:00,772.3300170898438,772.4500122070312,772.3099975585938,772.3499755859375,865368
2026-08-11 12:18:00-04:00,772.3499755859375,772.3499755859375,772.1799926757812,772.22998046875,30740
2026-08-11 12:19:00-04:00,772.2150268554688,772.2349853515625,772.030029296875,772.0800170898438,29979
2026-08-11 12:20:00-04:00,772.0800170898438,772.1599731445312,772.010009765625,772.0499877929688,25117
2026-08-11 12:21:00-04:00,772.0401000976562,772.12939453125,772.02001953125,772.12939453125,25649
2026-08-11 12:22:00-04:00,772.1199951171875,772.2000122070312,772.0700073242188,772.1599731445312,41018
2026-08-11 12:23:00-04:00,772.1699829101562,772.1799926757812,772.0150146484375,772.02001953125,88933
2026-08-11 12:24:00-04:00,772.0050048828125,772.0499877929688,771.6300048828125,771.7050170898438,116085
2026-08-11 12:25:00-04:00,771.7000122070312,771.7000122070312,771.3800048828125,771.6300048828125,135757
2026-08-11 12:26:00-04:00,771.6199951171875,771.75,771.5,771.655029296875,95639
2026-08-11 12:27:00-04:00,771.655029296875,771.8900146484375,771.6400146484375,771.875,176378
2026-08-11 12:28:00-04:00,771.8599853515625,771.8599853515625,771.5900268554688,771.6699829101562,114649
2026-08-11 12:29:00-04:00,771.6900024414062,771.8400268554688,771.6500244140625,771.8189697265625,159437
2026-08-11 12:30:00-04:00,771.8175048828125,771.9199829101562,771.760009765625,771.830078125,43983
2026-08-11 12:31:00-04:00,771.8300170898438,771.8300170898438,771.5399780273438,771.5399780273438,79626
2026-08-11 12:32:00-04:00,771.5599975585938,771.6400146484375,771.4600219726562,771.5050048828125,88444
2026-08-11 12:33:00-04:00,771.52001953125,771.6199951171875,771.5150146484375,771.5599975585938,51912
2026-08-11 12:34:00-04:00,771.5700073242188,771.6300048828125,771.5399780273438,771.5599975585938,31607
2026-08-11 12:35:00-04:00,771.5549926757812,771.77001953125,771.52001953125,771.7399291992188,45691
2026-08-11 12:36:00-04:00,771.7387084960938,771.8900146484375,771.7379760742188,771.8099975585938,67942
2026-08-11 12:37:00-04:00,771.8200073242188,772.010009765625,771.8099975585938,771.9099731445312,50067
2026-08-11 12:38:00-04:00,771.9099731445312,771.9199829101562,771.7650146484375,771.8699951171875,32510
2026-08-11 12:39:00-04:00,771.8599853515625,771.8900146484375,771.8300170898438,771.8699951171875,20117
2026-08-11 12:40:00-04:00,771.8599853515625,771.8599853515625,771.6400146484375,771.739990234375,156995
2026-08-11 12:41:00-04:00,771.72998046875,771.8200073242188,771.7100219726562,771.72998046875,21965
2026-08-11 12:42:00-04:00,771.7100219726562,771.75,771.6799926757812,771.7100219726562,17808
2026-08-11 12:43:00-04:00,771.7100219726562,771.7349853515625,771.5800170898438,771.5800170898438,26607
2026-08-11 12:44:00-04:00,771.5800170898438,771.6599731445312,771.5499877929688,771.5800170898438,66857
2026-08-11 12:45:00-04:00,771.5800170898438,771.5999755859375,771.4500122070312,771.469970703125,33875
2026-08-11 12:46:00-04:00,771.47998046875,771.52001953125,771.2999877929688,771.3599853515625,51010
2026-08-11 12:47:00-04:00,771.3499755859375,771.4099731445312,771.3099975585938,771.3599853515625,31793
2026-08-11 12:48:00-04:00,771.35498046875,771.3900146484375,771.280029296875,771.3699951171875,34666
2026-08-11 12:49:00-04:00,771.3599853515625,771.5,771.3300170898438,771.4299926757812,448205
2026-08-11 12:50:00-04:00,771.4400024414062,771.5599975585938,771.3499755859375,771.3800048828125,35004
2026-08-11 12:51:00-04:00,771.3699951171875,771.469970703125,771.3400268554688,771.4450073242188,45943
2026-08-11 12:52:00-04:00,771.4450073242188,771.47998046875,771.3699951171875,771.3900146484375,32817
2026-08-11 12:53:00-04:00,771.3800048828125,771.4099731445312,771.3001098632812,771.3300170898438,37241
2026-08-11 12:54:00-04:00,771.3300170898438,771.4299926757812,771.3099975585938,771.3800048828125,27646
2026-08-11 12:55:00-04:00,771.3800048828125,771.4099731445312,771.280029296875,771.2899780273438,38736
2026-08-11 12:56:00-04:00,771.2899780273438,771.2899780273438,771.1199951171875,771.1950073242188,209324
2026-08-11 12:57:00-04:00,771.1950073242188,771.2100219726562,771.1099853515625,771.1400146484375,91388
2026-08-11 12:58:00-04:00,771.1400146484375,771.2100219726562,771.0399780273438,771.0750122070312,72130
2026-08-11 12:59:00-04:00,771.0700073242188,771.219970703125,771.0700073242188,771.1400146484375,53008
2026-08-11 13:00:00-04:00,771.1500244140625,771.260009765625,770.9550170898438,771.02001953125,47667
2026-08-11 13:01:00-04:00,771.0399169921875,771.0999755859375,770.97998046875,771.0700073242188,57400
2026-08-11 13:02:00-04:00,771.0599975585938,771.0599975585938,770.7999877929688,770.8599853515625,63822
2026-08-11 13:03:00-04:00,770.864990234375,770.97998046875,770.8400268554688,770.97998046875,46537
2026-08-11 13:04:00-04:00,770.989990234375,771.0499877929688,770.780029296875,770.7849731445312,53540
2026-08-11 13:05:00-04:00,770.780029296875,770.9299926757812,770.760009765625,770.8400268554688,37850
2026-08-11 13:06:00-04:00,770.8300170898438,771.0900268554688,770.8275146484375,771.030029296875,36129
2026-08-11 13:07:00-04:00,771.02001953125,771.0999755859375,770.9500122070312,770.97998046875,38935
2026-08-11 13:08:00-04:00,770.97998046875,771.0499877929688,770.8900146484375,770.9099731445312,35698
2026-08-11 13:09:00-04:00,770.9099731445312,770.9500122070312,770.8499755859375,770.8800048828125,50215
2026-08-11 13:10:00-04:00,770.8800048828125,770.8800048828125,770.719970703125,770.780029296875,47465
2026-08-11 13:11:00-04:00,770.7899780273438,770.7999877929688,770.5050048828125,770.5499877929688,71311
2026-08-11 13:12:00-04:00,770.5449829101562,770.5499877929688,770.4199829101562,770.469970703125,43783
2026-08-11 13:13:00-04:00,770.4600219726562,770.489990234375,770.3200073242188,770.469970703125,36537
2026-08-11 13:14:00-04:00,770.469970703125,770.5499877929688,770.2999877929688,770.3265991210938,45912
2026-08-11 13:15:00-04:00,770.3099975585938,770.47998046875,770.260009765625,770.4450073242188,72805
2026-08-11 13:16:00-04:00,770.4349975585938,770.489990234375,770.3300170898438,770.3699951171875,47167
2026-08-11 13:17:00-04:00,770.39501953125,770.655029296875,770.3900146484375,770.64501953125,58061
2026-08-11 13:18:00-04:00,770.6300048828125,770.76171875,770.625,770.6799926757812,46271
2026-08-11 13:19:00-04:00,770.6699829101562,770.8399047851562,770.6400146484375,770.7550048828125,61088
2026-08-11 13:20:00-04:00,770.760009765625,770.8298950195312,770.6699829101562,770.739990234375,55130
2026-08-11 13:21:00-04:00,770.75,771.0,770.5999755859375,770.9400024414062,55461
2026-08-11 13:22:00-04:00,770.9400024414062,770.9600219726562,770.6900024414062,770.72998046875,23157
2026-08-11 13:23:00-04:00,770.7326049804688,770.8300170898438,770.6500244140625,770.75,31357
2026-08-11 13:24:00-04:00,770.75,770.9000244140625,770.7150268554688,770.9000244140625,26530
2026-08-11 13:25:00-04:00,770.8900146484375,771.010009765625,770.719970703125,770.75,34642
2026-08-11 13:26:00-04:00,770.760009765625,770.8099975585938,770.7000122070312,770.7999877929688,29201
2026-08-11 13:27:00-04:00,770.77001953125,770.780029296875,770.6599731445312,770.7249755859375,23613
2026-08-11 13:28:00-04:00,770.738525390625,770.9500122070312,770.6901245117188,770.8800048828125,28480
2026-08-11 13:29:00-04:00,770.8699951171875,770.9700927734375,770.8400268554688,770.8499755859375,42379
2026-08-11 13:30:00-04:00,770.8499755859375,770.9000244140625,770.739990234375,770.8099975585938,31513
2026-08-11 13:31:00-04:00,770.7999877929688,770.8400268554688,770.72998046875,770.77001953125,34667
2026-08-11 13:32:00-04:00,770.77001953125,770.7999877929688,770.72998046875,770.72998046875,22306
2026-08-11 13:33:00-04:00,770.75,770.8900146484375,770.75,770.7949829101562,20687
2026-08-11 13:34:00-04:00,770.8099975585938,770.9500122070312,770.75,770.9400024414062,47532
2026-08-11 13:35:00-04:00,770.9450073242188,771.1300048828125,770.9450073242188,771.0399780273438,49683
2026-08-11 13:36:00-04:00,771.0399780273438,771.0700073242188,770.969970703125,771.010009765625,43204
2026-08-11 13:37:00-04:00,771.0,771.010009765625,770.905029296875,770.9398803710938,67445
2026-08-11 13:38:00-04:00,770.9199829101562,770.9500122070312,770.77001953125,770.780029296875,55312
2026-08-11 13:39:00-04:00,770.77001953125,770.9149780273438,770.77001953125,770.875,19976
2026-08-11 13:40:00-04:00,770.8900146484375,771.02001953125,770.7899780273438,771.0,50540
2026-08-11 13:41:00-04:00,770.989990234375,771.1599731445312,770.9000244140625,771.1400146484375,33851
2026-08-11 13:42:00-04:00,771.1400146484375,771.280029296875,771.1300048828125,771.260009765625,80571
2026-08-11 13:43:00-04:00,771.239990234375,771.3099975585938,771.2000122070312,771.2100219726562,33455
2026-08-11 13:44:00-04:00,771.2100219726562,771.280029296875,771.2000122070312,771.27001953125,32269
2026-08-11 13:45:00-04:00,771.260009765625,771.27001953125,771.1199951171875,771.2100219726562,27761
2026-08-11 13:46:00-04:00,771.25,771.260009765625,771.1400146484375,771.22998046875,26218
2026-08-11 13:47:00-04:00,771.22998046875,771.25,771.1500244140625,771.25,25678
2026-08-11 13:48:00-04:00,771.27001953125,771.35498046875,771.239990234375,771.3099975585938,33962
2026-08-11 13:49:00-04:00,771.2999877929688,771.3300170898438,771.1500244140625,771.1702880859375,26498
2026-08-11 13:50:00-04:00,771.1950073242188,771.2999877929688,771.1950073242188,771.25,27522
2026-08-11 13:51:00-04:00,771.27001953125,771.2899780273438,771.1500244140625,771.219970703125,25284
2026-08-11 13:52:00-04:00,771.2000122070312,771.2786865234375,771.1699829101562,771.260009765625,28706
2026-08-11 13:53:00-04:00,771.2550048828125,771.260009765625,771.1699829101562,771.25,36933
2026-08-11 13:54:00-04:00,771.25,771.3300170898438,771.22998046875,771.2949829101562,32138
2026-08-11 13:55:00-04:00,771.3099975585938,771.3099975585938,771.2000122070312,771.239990234375,41616
2026-08-11 13:56:00-04:00,771.239990234375,771.239990234375,771.114990234375,771.1500244140625,47190
2026-08-11 13:57:00-04:00,771.1599731445312,771.25,771.1199951171875,771.1400146484375,24332
2026-08-11 13:58:00-04:00,771.1199951171875,771.27001953125,771.1099853515625,771.260009765625,31468
2026-08-11 13:59:00-04:00,771.25,771.2899780273438,771.1950073242188,771.2399291992188,23779
2026-08-11 14:00:00-04:00,771.219970703125,771.239501953125,771.0800170898438,771.1599731445312,40136
2026-08-11 14:01:00-04:00,771.1102905273438,771.1699829101562,771.0399780273438,771.0499877929688,74513
2026-08-11 14:02:00-04:00,771.0399780273438,771.0499877929688,770.9000244140625,770.97998046875,44469
2026-08-11 14:03:00-04:00,770.97998046875,771.1199951171875,770.969970703125,771.1099853515625,82538
2026-08-11 14:04:00-04:00,771.1099853515625,771.1400146484375,770.97998046875,771.0650024414062,46593
2026-08-11 14:05:00-04:00,771.0700073242188,771.1599731445312,770.9450073242188,771.0,29593
2026-08-11 14:06:00-04:00,771.0050048828125,771.0499877929688,770.760009765625,770.760009765625,57172
2026-08-11 14:07:00-04:00,770.760009765625,770.8900146484375,770.72998046875,770.8250122070312,44937
2026-08-11 14:08:00-04:00,770.8499755859375,770.8900146484375,770.7100219726562,770.72998046875,30306
2026-08-11 14:09:00-04:00,770.739990234375,770.8200073242188,770.6699829101562,770.6900024414062,30599
2026-08-11 14:10:00-04:00,770.7000122070312,770.780029296875,770.6500244140625,770.75,39047
2026-08-11 14:11:00-04:00,770.760009765625,770.8900146484375,770.739990234375,770.8499755859375,108755
2026-08-11 14:12:00-04:00,770.8499755859375,770.9000244140625,770.760009765625,770.780029296875,46501
2026-08-11 14:13:00-04:00,770.8099975585938,770.9099731445312,770.75,770.780029296875,62076
2026-08-11 14:14:00-04:00,770.7899780273438,770.8699951171875,770.77001953125,770.8350219726562,28591
2026-08-11 14:15:00-04:00,770.8400268554688,770.9400024414062,770.7899780273438,770.7899780273438,29629
2026-08-11 14:16:00-04:00,770.8049926757812,770.8250122070312,770.719970703125,770.7249755859375,29172
2026-08-11 14:17:00-04:00,770.719970703125,770.75,770.6500244140625,770.6599731445312,45969
2026-08-11 14:18:00-04:00,770.6500244140625,770.760009765625,770.6400146484375,770.72998046875,44253
2026-08-11 14:19:00-04:00,770.739990234375,770.8400268554688,770.6900024414062,770.75,40389
2026-08-11 14:20:00-04:00,770.739990234375,770.75,770.5,770.52001953125,49513
2026-08-11 14:21:00-04:00,770.5349731445312,770.5399780273438,770.3300170898438,770.4199829101562,57253
2026-08-11 14:22:00-04:00,770.4000244140625,770.4500122070312,770.3599853515625,770.4099731445312,50750
2026-08-11 14:23:00-04:00,770.4099731445312,770.4400024414062,770.280029296875,770.3131713867188,37313
2026-08-11 14:24:00-04:00,770.3400268554688,770.510009765625,770.3099975585938,770.489990234375,80688
2026-08-11 14:25:00-04:00,770.5,770.5599975585938,770.469970703125,770.5499877929688,34137
2026-08-11 14:26:00-04:00,770.5499877929688,770.5499877929688,770.3800048828125,770.3800048828125,41879
2026-08-11 14:27:00-04:00,770.3900146484375,770.4099731445312,770.0599975585938,770.10498046875,71253
2026-08-11 14:28:00-04:00,770.0900268554688,770.0999755859375,769.8609008789062,769.89501953125,106315
2026-08-11 14:29:00-04:00,769.9000244140625,769.9298706054688,769.2000122070312,769.5,215925
2026-08-11 14:30:00-04:00,769.52001953125,769.8599853515625,769.5150146484375,769.8049926757812,108591
2026-08-11 14:31:00-04:00,769.7999877929688,769.989990234375,769.780029296875,769.969970703125,565666
2026-08-11 14:32:00-04:00,769.969970703125,770.0449829101562,769.8400268554688,769.9849853515625,63120
2026-08-11 14:33:00-04:00,769.97998046875,770.0499877929688,769.8599853515625,769.875,59733
2026-08-11 14:34:00-04:00,769.8900146484375,770.0499877929688,769.8900146484375,770.0,34541
2026-08-11 14:35:00-04:00,770.0050048828125,770.1599731445312,769.9299926757812,770.080078125,66863
2026-08-11 14:36:00-04:00,770.1005249023438,770.1649780273438,770.0625,770.1099853515625,35601
2026-08-11 14:37:00-04:00,770.1099853515625,770.219970703125,770.0,770.0150146484375,123835
2026-08-11 14:38:00-04:00,770.010009765625,770.0599975585938,769.9299926757812,770.0,57176
2026-08-11 14:39:00-04:00,770.0,770.02001953125,769.9400024414062,770.010009765625,25174
2026-08-11 14:40:00-04:00,770.0,770.0,769.8300170898438,769.8400268554688,64827
2026-08-11 14:41:00-04:00,769.8499755859375,769.9000244140625,769.6799926757812,769.6846923828125,105429
2026-08-11 14:42:00-04:00,769.6950073242188,769.8400268554688,769.6599731445312,769.8400268554688,103139
2026-08-11 14:43:00-04:00,769.8300170898438,769.8499755859375,769.72998046875,769.8200073242188,65771
2026-08-11 14:44:00-04:00,769.8099975585938,769.9299926757812,769.780029296875,769.7899780273438,47119
2026-08-11 14:45:00-04:00,769.780029296875,769.969970703125,769.780029296875,769.9199829101562,40577
2026-08-11 14:46:00-04:00,769.9199829101562,770.030029296875,769.9199829101562,769.9600219726562,65217
2026-08-11 14:47:00-04:00,769.969970703125,770.0700073242188,769.9500122070312,769.989990234375,50504
2026-08-11 14:48:00-04:00,770.0,770.1799926757812,770.0,770.1699829101562,35336
2026-08-11 14:49:00-04:00,770.1599731445312,770.3499755859375,770.1300048828125,770.3400268554688,47800
2026-08-11 14:50:00-04:00,770.3250122070312,770.364990234375,770.239990234375,770.239990234375,47463
2026-08-11 14:51:00-04:00,770.2349853515625,770.27001953125,770.1400146484375,770.27001953125,86881
2026-08-11 14:52:00-04:00,770.280029296875,770.3599853515625,770.25,770.3599853515625,41043
2026-08-11 14:53:00-04:00,770.3599853515625,770.4650268554688,770.2550048828125,770.2999877929688,51290
2026-08-11 14:54:00-04:00,770.3099975585938,770.4199829101562,770.2899780273438,770.3699951171875,60426
2026-08-11 14:55:00-04:00,770.35498046875,770.3800048828125,770.27001953125,770.280029296875,24898
2026-08-11 14:56:00-04:00,770.280029296875,770.2999877929688,770.1801147460938,770.1900024414062,40805
2026-08-11 14:57:00-04:00,770.1900024414062,770.3599853515625,770.1699829101562,770.3300170898438,28825
2026-08-11 14:58:00-04:00,770.3250122070312,770.3250122070312,770.0900268554688,770.125,43936
2026-08-11 14:59:00-04:00,770.1300048828125,770.1599731445312,770.0599975585938,770.0750122070312,25082
2026-08-11 15:00:00-04:00,770.0900268554688,770.2100219726562,769.8900146484375,769.9749755859375,46070
2026-08-11 15:01:00-04:00,769.989990234375,770.155029296875,769.9500122070312,769.989990234375,27272
2026-08-11 15:02:00-04:00,770.0050048828125,770.1300048828125,770.0,770.0900268554688,40032
2026-08-11 15:03:00-04:00,770.0599975585938,770.1500244140625,770.0399780273438,770.0999755859375,48328
2026-08-11 15:04:00-04:00,770.0999755859375,770.1519775390625,770.02001953125,770.094970703125,47268
2026-08-11 15:05:00-04:00,770.094970703125,770.1199951171875,770.010009765625,770.0800170898438,48174
2026-08-11 15:06:00-04:00,770.0800170898438,770.1699829101562,769.97998046875,770.030029296875,36852
2026-08-11 15:07:00-04:00,770.010009765625,770.010009765625,769.8499755859375,769.8889770507812,100772
2026-08-11 15:08:00-04:00,769.8800048828125,770.010009765625,769.8699951171875,769.969970703125,85428
2026-08-11 15:09:00-04:00,769.97998046875,770.0872192382812,769.8900146484375,770.0800170898438,30435
2026-08-11 15:10:00-04:00,770.0900268554688,770.27001953125,770.02001953125,770.1799926757812,64297
2026-08-11 15:11:00-04:00,770.2000122070312,770.27001953125,770.1799926757812,770.25,42352
2026-08-11 15:12:00-04:00,770.25,770.2750244140625,770.16748046875,770.2000122070312,30993
2026-08-11 15:13:00-04:00,770.1799926757812,770.3699951171875,770.1799926757812,770.3499755859375,39727
2026-08-11 15:14:00-04:00,770.3599853515625,770.3800048828125,770.1799926757812,770.239990234375,38321
2026-08-11 15:15:00-04:00,770.27001953125,770.2999877929688,770.1900024414062,770.2100219726562,36530
2026-08-11 15:16:00-04:00,770.2100219726562,770.3400268554688,770.1699829101562,770.3300170898438,44081
2026-08-11 15:17:00-04:00,770.3399047851562,770.4000244140625,770.2449951171875,770.260009765625,102916
2026-08-11 15:18:00-04:00,770.27001953125,770.4099731445312,770.260009765625,770.3800048828125,40733
2026-08-11 15:19:00-04:00,770.375,770.4901123046875,770.3699951171875,770.4400024414062,95263
2026-08-11 15:20:00-04:00,770.4400024414062,770.4749755859375,770.3699951171875,770.4400024414062,42955
2026-08-11 15:21:00-04:00,770.448974609375,770.5499877929688,770.4099731445312,770.5157470703125,54353
2026-08-11 15:22:00-04:00,770.5150146484375,770.5399780273438,770.4199829101562,770.5,42354
2026-08-11 15:23:00-04:00,770.5,770.6199951171875,770.5,770.5349731445312,88640
2026-08-11 15:24:00-04:00,770.5349731445312,770.6699829101562,770.530029296875,770.6400146484375,48425
2026-08-11 15:25:00-04:00,770.6389770507812,770.6500244140625,770.5186767578125,770.6199951171875,55836
2026-08-11 15:26:00-04:00,770.6300048828125,770.6500244140625,770.5399780273438,770.5700073242188,99150
2026-08-11 15:27:00-04:00,770.5800170898438,770.5800170898438,770.4600219726562,770.52001953125,39874
2026-08-11 15:28:00-04:00,770.52001953125,770.6599731445312,770.4500122070312,770.6599731445312,57516
2026-08-11 15:29:00-04:00,770.6500244140625,770.6900024414062,770.5700073242188,770.6300048828125,182553
2026-08-11 15:30:00-04:00,770.6300048828125,770.8099975585938,770.5499877929688,770.6900024414062,219453
2026-08-11 15:31:00-04:00,770.6799926757812,770.8400268554688,770.6799926757812,770.760009765625,103668
2026-08-11 15:32:00-04:00,770.760009765625,770.7750244140625,770.5999755859375,770.6099853515625,67824
2026-08-11 15:33:00-04:00,770.5999755859375,770.72998046875,770.5800170898438,770.6900024414062,55951
2026-08-11 15:34:00-04:00,770.6799926757812,770.8099975585938,770.6799926757812,770.7999877929688,53893
2026-08-11 15:35:00-04:00,770.7899780273438,770.8599853515625,770.7750244140625,770.7949829101562,63885
2026-08-11 15:36:00-04:00,770.7899780273438,770.9600219726562,770.7000122070312,770.9598999023438,44263
2026-08-11 15:37:00-04:00,770.9517211914062,771.0399780273438,770.9100952148438,770.9249877929688,75156
2026-08-11 15:38:00-04:00,770.9149780273438,771.094970703125,770.9149780273438,771.0800170898438,67075
2026-08-11 15:39:00-04:00,771.0850219726562,771.0936279296875,770.9600219726562,771.0499877929688,69809
2026-08-11 15:40:00-04:00,771.0700073242188,771.0700073242188,770.8699951171875,770.9550170898438,66099
2026-08-11 15:41:00-04:00,770.9600219726562,770.989990234375,770.8400268554688,770.9000244140625,69362
2026-08-11 15:42:00-04:00,770.8900146484375,770.9299926757812,770.760009765625,770.77001953125,80712
2026-08-11 15:43:00-04:00,770.7650146484375,770.8800048828125,770.739990234375,770.8099975585938,112826
2026-08-11 15:44:00-04:00,770.7999877929688,770.8099975585938,770.6799926757812,770.7150268554688,48307
2026-08-11 15:45:00-04:00,770.719970703125,770.719970703125,770.4099731445312,770.469970703125,136037
2026-08-11 15:46:00-04:00,770.469970703125,770.5800170898438,770.4199829101562,770.52001953125,314606
2026-08-11 15:47:00-04:00,770.52001953125,770.5599975585938,770.4299926757812,770.47998046875,100382
2026-08-11 15:48:00-04:00,770.469970703125,770.489990234375,770.2899780273438,770.3416748046875,85334
2026-08-11 15:49:00-04:00,770.3499755859375,770.489990234375,770.2999877929688,770.3800048828125,161666
2026-08-11 15:50:00-04:00,770.3900146484375,770.469970703125,769.9299926757812,770.0698852539062,142242
2026-08-11 15:51:00-04:00,770.0599975585938,770.25,770.0,770.125,109985
2026-08-11 15:52:00-04:00,770.1300048828125,770.1599731445312,769.9000244140625,769.9099731445312,111889
2026-08-11 15:53:00-04:00,769.9099731445312,769.989990234375,769.7899780273438,769.9600219726562,105750
2026-08-11 15:54:00-04:00,769.9600219726562,770.4099731445312,769.8499755859375,770.4000244140625,140717
2026-08-11 15:55:00-04:00,770.4099731445312,770.47998046875,770.1500244140625,770.2349853515625,200012
2026-08-11 15:56:00-04:00,770.22998046875,770.3350219726562,770.0599975585938,770.1500244140625,164570
2026-08-11 15:57:00-04:00,770.1694946289062,770.1950073242188,770.0499877929688,770.0750122070312,803046
2026-08-11 15:58:00-04:00,770.0800170898438,770.3300170898438,769.969970703125,770.3300170898438,334818
2026-08-11 15:59:00-04:00,770.3300170898438,770.5499877929688,769.8400268554688,770.47998046875,1159576
2026-08-12 09:30:00-04:00,774.7100219726562,774.9000244140625,773.760009765625,773.8699951171875,1885271
2026-08-12 09:31:00-04:00,773.8599853515625,773.8599853515625,773.0599975585938,773.1099853515625,217307
2026-08-12 09:32:00-04:00,773.135009765625,773.25,772.7999877929688,772.7999877929688,130033
2026-08-12 09:33:00-04:00,772.780029296875,773.2550048828125,772.719970703125,773.0399780273438,129030
2026-08-12 09:34:00-04:00,773.02001953125,773.2999877929688,772.9299926757812,773.0650024414062,111422
2026-08-12 09:35:00-04:00,773.0499877929688,773.25,772.8599853515625,773.1500244140625,148902
2026-08-12 09:36:00-04:00,773.1300048828125,773.4400024414062,773.0399780273438,773.3599853515625,101915
2026-08-12 09:37:00-04:00,773.3800048828125,773.5150146484375,773.0399780273438,773.0399780273438,101873
2026-08-12 09:38:00-04:00,773.030029296875,773.3049926757812,772.9099731445312,773.02001953125,83184
2026-08-12 09:39:00-04:00,773.0399780273438,773.1300048828125,772.8049926757812,772.8800048828125,109813
2026-08-12 09:40:00-04:00,772.8900146484375,772.9199829101562,772.4550170898438,772.7100219726562,214258
2026-08-12 09:41:00-04:00,772.7000122070312,773.02001953125,772.7000122070312,773.010009765625,85045
2026-08-12 09:42:00-04:00,772.989990234375,773.1199951171875,772.7999877929688,772.9299926757812,83784
2026-08-12 09:43:00-04:00,772.9400024414062,773.02001953125,772.7849731445312,772.9000244140625,95434
2026-08-12 09:44:00-04:00,772.8900146484375,772.9550170898438,772.6400146484375,772.8095092773438,63005
2026-08-12 09:45:00-04:00,772.8200073242188,773.030029296875,772.7000122070312,772.75,74080
2026-08-12 09:46:00-04:00,772.75,772.780029296875,772.3619995117188,772.5800170898438,138124
2026-08-12 09:47:00-04:00,772.5900268554688,772.780029296875,772.5349731445312,772.719970703125,97656
2026-08-12 09:48:00-04:00,772.719970703125,773.6500244140625,772.719970703125,773.5250244140625,212518
2026-08-12 09:49:00-04:00,773.52001953125,773.635009765625,773.3699951171875,773.5399780273438,159434
2026-08-12 09:50:00-04:00,773.5399780273438,773.5399780273438,773.2849731445312,773.3900146484375,83651
2026-08-12 09:51:00-04:00,773.3699951171875,773.4400024414062,772.9500122070312,773.114990234375,123980
2026-08-12 09:52:00-04:00,773.114990234375,773.1199951171875,772.625,772.7150268554688,100903
2026-08-12 09:53:00-04:00,772.719970703125,772.9091796875,772.5999755859375,772.9091796875,76699
2026-08-12 09:54:00-04:00,772.9000244140625,772.9713134765625,772.5650024414062,772.614990234375,89867
2026-08-12 09:55:00-04:00,772.614990234375,772.6649780273438,772.4199829101562,772.5650024414062,88311
2026-08-12 09:56:00-04:00,772.5599975585938,772.6500244140625,772.0900268554688,772.159912109375,111138
2026-08-12 09:57:00-04:00,772.1561889648438,772.4224853515625,772.1099853515625,772.3300170898438,85250
2026-08-12 09:58:00-04:00,772.3400268554688,772.6900024414062,772.3267211914062,772.6364135742188,75728
2026-08-12 09:59:00-04:00,772.6699829101562,772.780029296875,772.5700073242188,772.5900268554688,59682
2026-08-12 10:00:00-04:00,772.594970703125,772.6400146484375,772.260009765625,772.5499877929688,85678
2026-08-12 10:01:00-04:00,772.5700073242188,772.8200073242188,772.47998046875,772.5700073242188,102570
2026-08-12 10:02:00-04:00,772.5999755859375,772.5999755859375,772.219970703125,772.2899780273438,95734
2026-08-12 10:03:00-04:00,772.2849731445312,772.3499755859375,772.1599731445312,772.1599731445312,78842
2026-08-12 10:04:00-04:00,772.1500244140625,772.1799926757812,771.9299926757812,771.9400024414062,139992
2026-08-12 10:05:00-04:00,771.9400024414062,772.35009765625,771.8800048828125,772.2999877929688,160727
2026-08-12 10:06:00-04:00,772.3099975585938,772.4099731445312,772.22998046875,772.3400268554688,60370
2026-08-12 10:07:00-04:00,772.3400268554688,772.3699951171875,772.2000122070312,772.2550048828125,44191
2026-08-12 10:08:00-04:00,772.239990234375,772.36767578125,772.1453247070312,772.340576171875,68600
2026-08-12 10:09:00-04:00,772.3499755859375,772.510009765625,772.2000122070312,772.4000244140625,135097
2026-08-12 10:10:00-04:00,772.4199829101562,772.6494140625,772.280029296875,772.635009765625,73062
2026-08-12 10:11:00-04:00,772.635009765625,772.719970703125,772.4400024414062,772.4849853515625,104906
2026-08-12 10:12:00-04:00,772.47998046875,772.52001953125,772.3499755859375,772.4249877929688,61575
2026-08-12 10:13:00-04:00,772.4249877929688,772.4400024414062,772.1599731445312,772.3699951171875,49377
2026-08-12 10:14:00-04:00,772.361083984375,772.5399780273438,772.3250122070312,772.3800048828125,40570
2026-08-12 10:15:00-04:00,772.3599853515625,772.6300048828125,772.22998046875,772.5399780273438,44581
2026-08-12 10:16:00-04:00,772.5399780273438,772.6699829101562,772.4949951171875,772.5150146484375,94217
2026-08-12 10:17:00-04:00,772.52001953125,772.719970703125,772.4650268554688,772.6849975585938,94819
2026-08-12 10:18:00-04:00,772.6900024414062,773.02001953125,772.6900024414062,772.9550170898438,100888
2026-08-12 10:19:00-04:00,772.969970703125,773.0150146484375,772.469970703125,772.5,62733
2026-08-12 10:20:00-04:00,772.5,772.5546875,772.1799926757812,772.4874877929688,69153
2026-08-12 10:21:00-04:00,772.469970703125,772.5599975585938,772.3300170898438,772.530029296875,52432
2026-08-12 10:22:00-04:00,772.5250244140625,772.8200073242188,772.469970703125,772.5800170898438,61150
2026-08-12 10:23:00-04:00,772.5599975585938,772.8699951171875,772.5599975585938,772.85009765625,36526
2026-08-12 10:24:00-04:00,772.8699951171875,773.030029296875,772.8599853515625,772.9650268554688,89431
2026-08-12 10:25:00-04:00,772.9400024414062,772.97998046875,772.760009765625,772.8150024414062,59006
2026-08-12 10:26:00-04:00,772.8200073242188,773.280029296875,772.77001953125,773.260009765625,87811
2026-08-12 10:27:00-04:00,773.280029296875,773.3049926757812,773.1199951171875,773.1900024414062,49861
2026-08-12 10:28:00-04:00,773.1950073242188,773.2999877929688,773.010009765625,773.0399780273438,59884
2026-08-12 10:29:00-04:00,773.0599975585938,773.1300048828125,772.5900268554688,772.7949829101562,94126
2026-08-12 10:30:00-04:00,772.7899780273438,772.9807739257812,772.6300048828125,772.739990234375,109901
2026-08-12 10:31:00-04:00,772.739990234375,772.7999877929688,771.2899780273438,772.47998046875,566088
2026-08-12 10:32:00-04:00,772.469970703125,772.5800170898438,772.1900024414062,772.239990234375,122980
2026-08-12 10:33:00-04:00,772.27001953125,772.5399780273438,772.260009765625,772.4500122070312,66766
2026-08-12 10:34:00-04:00,772.4400024414062,772.4400024414062,771.9500122070312,772.0700073242188,75336
2026-08-12 10:35:00-04:00,772.0599975585938,772.3400268554688,771.9199829101562,772.25,91780
2026-08-12 10:36:00-04:00,772.27001953125,772.4600219726562,772.1500244140625,772.3900146484375,46454
2026-08-12 10:37:00-04:00,772.372314453125,772.7100219726562,772.3599853515625,772.655029296875,47733
2026-08-12 10:38:00-04:00,772.6099853515625,772.780029296875,772.50048828125,772.5499877929688,71129
2026-08-12 10:39:00-04:00,772.5399780273438,772.7899780273438,772.4600219726562,772.7899780273438,70346
2026-08-12 10:40:00-04:00,772.7799072265625,772.9099731445312,772.7000122070312,772.864990234375,58278
2026-08-12 10:41:00-04:00,772.8900146484375,773.010009765625,772.8300170898438,772.9114990234375,63018
2026-08-12 10:42:00-04:00,772.9000244140625,772.9299926757812,772.6799926757812,772.8099975585938,142667
2026-08-12 10:43:00-04:00,772.8200073242188,773.030029296875,772.7999877929688,773.0,39300
2026-08-12 10:44:00-04:00,772.97998046875,773.0900268554688,772.9099731445312,773.0599975585938,53755
2026-08-12 10:45:00-04:00,773.0599975585938,773.1300048828125,772.9500122070312,773.0974731445312,46266
2026-08-12 10:46:00-04:00,773.0900268554688,773.2000122070312,772.969970703125,773.0289916992188,45356
2026-08-12 10:47:00-04:00,773.030029296875,773.030029296875,772.469970703125,772.5499877929688,58317
2026-08-12 10:48:00-04:00,772.5599975585938,772.6300048828125,772.4199829101562,772.5299072265625,54755
2026-08-12 10:49:00-04:00,772.510009765625,772.6900024414062,772.4600219726562,772.6799926757812,42541
2026-08-12 10:50:00-04:00,772.6799926757812,772.7100219726562,772.260009765625,772.2999877929688,52283
2026-08-12 10:51:00-04:00,772.2899780273438,772.3800048828125,772.1300048828125,772.3400268554688,50519
2026-08-12 10:52:00-04:00,772.3400268554688,772.4600219726562,772.219970703125,772.4600219726562,49354
2026-08-12 10:53:00-04:00,772.4500122070312,772.4600219726562,772.22998046875,772.4429931640625,51166
2026-08-12 10:54:00-04:00,772.4650268554688,772.5700073242188,771.989990234375,772.0599975585938,66961
2026-08-12 10:55:00-04:00,772.0399780273438,772.0900268554688,771.8200073242188,771.919921875,55001
2026-08-12 10:56:00-04:00,771.8900756835938,772.280029296875,771.8900146484375,772.0599975585938,140425
2026-08-12 10:57:00-04:00,772.0700073242188,772.2899780273438,772.0499877929688,772.1500244140625,46514
2026-08-12 10:58:00-04:00,772.1699829101562,772.3400268554688,772.1400146484375,772.1950073242188,36037
2026-08-12 10:59:00-04:00,772.1950073242188,772.3200073242188,772.1099853515625,772.219970703125,33107
2026-08-12 11:00:00-04:00,772.2208862304688,772.2899780273438,771.9168701171875,772.1199951171875,47482
2026-08-12 11:01:00-04:00,772.1400146484375,772.22998046875,772.0800170898438,772.219970703125,38043
2026-08-12 11:02:00-04:00,772.22998046875,772.25,771.969970703125,772.0999755859375,31865
2026-08-12 11:03:00-04:00,772.0999755859375,772.1400146484375,771.760009765625,771.8099975585938,38123
2026-08-12 11:04:00-04:00,771.7999877929688,771.9149780273438,771.760009765625,771.8699951171875,61625
2026-08-12 11:05:00-04:00,771.864990234375,771.9199829101562,771.7100219726562,771.8499755859375,76964
2026-08-12 11:06:00-04:00,771.8599853515625,772.2100219726562,771.72998046875,772.1801147460938,71721
2026-08-12 11:07:00-04:00,772.2000122070312,772.2000122070312,772.010009765625,772.1199951171875,61513
2026-08-12 11:08:00-04:00,772.1099853515625,772.1300048828125,771.97998046875,772.0850219726562,33024
2026-08-12 11:09:00-04:00,772.0599975585938,772.1895141601562,772.0399780273438,772.0900268554688,38730
2026-08-12 11:10:00-04:00,772.1199951171875,772.1300048828125,771.860107421875,771.8699951171875,25937
2026-08-12 11:11:00-04:00,771.8900146484375,771.969970703125,771.77001953125,771.9650268554688,96217
2026-08-12 11:12:00-04:00,771.969970703125,772.3150024414062,771.9299926757812,772.3099975585938,23299
2026-08-12 11:13:00-04:00,772.3200073242188,772.4099731445312,772.1950073242188,772.260009765625,57128
2026-08-12 11:14:00-04:00,772.25,772.3300170898438,772.1300048828125,772.1699829101562,31751
2026-08-12 11:15:00-04:00,772.1300048828125,772.1699829101562,771.9899291992188,772.0800170898438,24653
2026-08-12 11:16:00-04:00,772.094970703125,772.3198852539062,772.094970703125,772.2100830078125,31532
2026-08-12 11:17:00-04:00,772.2100219726562,772.280029296875,772.1199951171875,772.260009765625,27410
2026-08-12 11:18:00-04:00,772.280029296875,772.2890014648438,771.97998046875,772.010009765625,31691
2026-08-12 11:19:00-04:00,771.989990234375,772.1300048828125,771.9400024414062,772.0999755859375,28056
2026-08-12 11:20:00-04:00,772.1220092773438,772.1900024414062,772.010009765625,772.0599975585938,32389
2026-08-12 11:21:00-04:00,772.0499877929688,772.1699829101562,771.989990234375,772.1099853515625,18512
2026-08-12 11:22:00-04:00,772.1099853515625,772.1099853515625,771.8400268554688,771.8900146484375,426875
2026-08-12 11:23:00-04:00,771.8900146484375,771.8900146484375,771.719970703125,771.885009765625,34296
2026-08-12 11:24:00-04:00,771.8900146484375,771.97998046875,771.780029296875,771.9089965820312,27583
2026-08-12 11:25:00-04:00,771.8900146484375,772.010009765625,771.8499755859375,771.9400024414062,24426
2026-08-12 11:26:00-04:00,771.9299926757812,772.030029296875,771.8599853515625,771.97998046875,24523
2026-08-12 11:27:00-04:00,771.989990234375,772.02001953125,771.844970703125,771.9600219726562,16005
2026-08-12 11:28:00-04:00,771.989990234375,772.1599731445312,771.8599853515625,772.14501953125,24059
2026-08-12 11:29:00-04:00,772.1500244140625,772.3699951171875,772.0900268554688,772.3699951171875,27517
2026-08-12 11:30:00-04:00,772.4000244140625,772.469970703125,772.1900024414062,772.3275146484375,64677
2026-08-12 11:31:00-04:00,772.3049926757812,772.3250122070312,772.1300048828125,772.1500244140625,37498
2026-08-12 11:32:00-04:00,772.1699829101562,772.2199096679688,771.8800048828125,772.0,43537
2026-08-12 11:33:00-04:00,772.010009765625,772.030029296875,771.72998046875,771.77001953125,48923
2026-08-12 11:34:00-04:00,771.77001953125,771.9400024414062,771.6649780273438,771.9000244140625,41040
2026-08-12 11:35:00-04:00,771.8900146484375,772.0700073242188,771.8900146484375,771.9299926757812,44372
2026-08-12 11:36:00-04:00,771.9099731445312,772.1900024414062,771.8699951171875,772.1300048828125,34015
2026-08-12 11:37:00-04:00,772.1400146484375,772.1500244140625,771.9400024414062,771.9500122070312,32089
2026-08-12 11:38:00-04:00,771.969970703125,772.0800170898438,771.9212036132812,771.9650268554688,33809
2026-08-12 11:39:00-04:00,771.969970703125,772.0,771.6649780273438,771.6849975585938,42657
2026-08-12 11:40:00-04:00,771.6699829101562,771.72998046875,771.5900268554688,771.5900268554688,34190
2026-08-12 11:41:00-04:00,771.5800170898438,771.8400268554688,771.5599975585938,771.8400268554688,326110
2026-08-12 11:42:00-04:00,771.844970703125,771.9099731445312,771.780029296875,771.7999877929688,97174
2026-08-12 11:43:00-04:00,771.7999877929688,771.9400024414062,771.7999877929688,771.9199829101562,44765
2026-08-12 11:44:00-04:00,771.9099731445312,771.969970703125,771.761474609375,771.7999877929688,52854
2026-08-12 11:45:00-04:00,771.7999877929688,771.9400024414062,771.7698974609375,771.8499755859375,29699
2026-08-12 11:46:00-04:00,771.8400268554688,771.9199829101562,771.7750244140625,771.9000244140625,36070
2026-08-12 11:47:00-04:00,771.9000244140625,772.0499877929688,771.8400268554688,772.0499877929688,25946
2026-08-12 11:48:00-04:00,772.0349731445312,772.0499877929688,771.8200073242188,771.8800048828125,17909
2026-08-12 11:49:00-04:00,771.8701171875,772.1699829101562,771.8699951171875,772.1699829101562,21651
2026-08-12 11:50:00-04:00,772.1900024414062,772.1900024414062,771.8400268554688,771.8900146484375,37534
2026-08-12 11:51:00-04:00,771.8900146484375,771.9400024414062,771.8400268554688,771.9000244140625,28679
2026-08-12 11:52:00-04:00,771.9000244140625,772.010009765625,771.8699951171875,772.010009765625,26935
2026-08-12 11:53:00-04:00,772.0050048828125,772.1199951171875,771.97998046875,772.0900268554688,29234
2026-08-12 11:54:00-04:00,772.0900268554688,772.10498046875,771.97998046875,771.97998046875,32878
2026-08-12 11:55:00-04:00,771.9400024414062,772.02001953125,771.8800048828125,771.8800048828125,25346
2026-08-12 11:56:00-04:00,771.8699951171875,772.0599975585938,771.8699951171875,771.9600219726562,40703
2026-08-12 11:57:00-04:00,771.97998046875,772.0800170898438,771.9749755859375,772.010009765625,27911
2026-08-12 11:58:00-04:00,772.0001220703125,772.030029296875,771.9500122070312,771.9949951171875,40140
2026-08-12 11:59:00-04:00,771.9650268554688,772.0700073242188,771.9400024414062,772.030029296875,26509
2026-08-12 12:00:00-04:00,772.0150146484375,772.280029296875,771.969970703125,772.280029296875,57750
2026-08-12 12:01:00-04:00,772.2999267578125,772.4299926757812,772.27001953125,772.3674926757812,35457
2026-08-12 12:02:00-04:00,772.3699951171875,772.4000244140625,772.3049926757812,772.340087890625,30065
2026-08-12 12:03:00-04:00,772.3499755859375,772.3699951171875,772.1900024414062,772.2199096679688,30665
2026-08-12 12:04:00-04:00,772.219970703125,772.3099975585938,772.1903076171875,772.219970703125,33231
2026-08-12 12:05:00-04:00,772.219970703125,772.2999877929688,772.2000122070312,772.27001953125,33145
2026-08-12 12:06:00-04:00,772.27001953125,772.3099975585938,772.1300048828125,772.1306762695312,36650
2026-08-12 12:07:00-04:00,772.135009765625,772.1900024414062,772.0399780273438,772.0399780273438,42202
2026-08-12 12:08:00-04:00,772.0401000976562,772.25,771.97998046875,772.25,28164
2026-08-12 12:09:00-04:00,772.2449951171875,772.3599853515625,772.219970703125,772.3499755859375,34773
2026-08-12 12:10:00-04:00,772.3699951171875,772.375,772.2000122070312,772.2899780273438,46538
2026-08-12 12:11:00-04:00,772.2999877929688,772.4400024414062,772.280029296875,772.4400024414062,52722
2026-08-12 12:12:00-04:00,772.4310913085938,772.4500122070312,772.2899780273438,772.385009765625,175238
2026-08-12 12:13:00-04:00,772.385009765625,772.5499877929688,772.385009765625,772.52001953125,77173
2026-08-12 12:14:00-04:00,772.5150146484375,772.6199951171875,772.489990234375,772.5198974609375,56172
2026-08-12 12:15:00-04:00,772.530029296875,772.5599975585938,772.4400024414062,772.52001953125,43534
2026-08-12 12:16:00-04:00,772.510009765625,772.6199951171875,772.4199829101562,772.530029296875,45941
2026-08-12 12:17:00-04:00,772.5399780273438,772.5499877929688,772.4105224609375,772.5098876953125,45163
2026-08-12 12:18:00-04:00,772.510009765625,772.5800170898438,772.489990234375,772.5,55955
2026-08-12 12:19:00-04:00,772.47998046875,772.510009765625,772.3599853515625,772.434326171875,55318
2026-08-12 12:20:00-04:00,772.435302734375,772.489990234375,772.3699951171875,772.3699951171875,49159
2026-08-12 12:21:00-04:00,772.3699951171875,772.52001953125,772.3200073242188,772.4749145507812,37866
2026-08-12 12:22:00-04:00,772.4600219726562,772.5999755859375,772.4099731445312,772.5999755859375,40708
2026-08-12 12:23:00-04:00,772.5999755859375,772.6400146484375,772.5250244140625,772.5499877929688,46799
2026-08-12 12:24:00-04:00,772.5700073242188,772.5800170898438,772.4650268554688,772.5700073242188,34541
2026-08-12 12:25:00-04:00,772.5800170898438,772.6699829101562,772.5150146484375,772.635009765625,43573
2026-08-12 12:26:00-04:00,772.6400146484375,772.6400146484375,772.510009765625,772.510009765625,40274
2026-08-12 12:27:00-04:00,772.5,772.530029296875,772.4099731445312,772.469970703125,39171
2026-08-12 12:28:00-04:00,772.47998046875,772.530029296875,772.4400024414062,772.4500122070312,31797
2026-08-12 12:29:00-04:00,772.4500122070312,772.47998046875,772.4099731445312,772.4500122070312,26494
2026-08-12 12:30:00-04:00,772.4500122070312,772.530029296875,772.4249877929688,772.469970703125,41190
2026-08-12 12:31:00-04:00,772.47998046875,772.47998046875,772.2000122070312,772.2849731445312,59590
2026-08-12 12:32:00-04:00,772.280029296875,772.4199829101562,772.260009765625,772.4000244140625,67842
2026-08-12 12:33:00-04:00,772.4099731445312,772.4400024414062,772.2849731445312,772.3200073242188,58138
2026-08-12 12:34:00-04:00,772.3400268554688,772.3499755859375,772.1799926757812,772.2000122070312,43172
2026-08-12 12:35:00-04:00,772.2000122070312,772.3599853515625,772.1799926757812,772.27001953125,32260
2026-08-12 12:36:00-04:00,772.260009765625,772.4600219726562,772.25,772.3099975585938,34114
2026-08-12 12:37:00-04:00,772.3099975585938,772.594970703125,772.3099975585938,772.594970703125,30847
2026-08-12 12:38:00-04:00,772.5900268554688,772.7000122070312,772.5800170898438,772.60498046875,47221
2026-08-12 12:39:00-04:00,772.6099853515625,772.77001953125,772.5999755859375,772.760009765625,45778
2026-08-12 12:40:00-04:00,772.760009765625,772.8248291015625,772.7249755859375,772.780029296875,42296
2026-08-12 12:41:00-04:00,772.7849731445312,772.9099731445312,772.77001953125,772.7949829101562,68273
2026-08-12 12:42:00-04:00,772.7899780273438,772.8200073242188,772.739990234375,772.7899780273438,34200
2026-08-12 12:43:00-04:00,772.7899780273438,772.8499755859375,772.7000122070312,772.7199096679688,35516
2026-08-12 12:44:00-04:00,772.719970703125,772.7890014648438,772.6599731445312,772.739990234375,23799
2026-08-12 12:45:00-04:00,772.760009765625,772.760009765625,772.610107421875,772.639892578125,32214
2026-08-12 12:46:00-04:00,772.6400146484375,772.6950073242188,772.5599975585938,772.6599731445312,43894
2026-08-12 12:47:00-04:00,772.6400756835938,772.719970703125,772.635009765625,772.6599731445312,22577
2026-08-12 12:48:00-04:00,772.6599731445312,772.8200073242188,772.6500244140625,772.780029296875,31104
2026-08-12 12:49:00-04:00,772.780029296875,772.8870239257812,772.7750244140625,772.8499755859375,56109
2026-08-12 12:50:00-04:00,772.8499755859375,773.094970703125,772.8400268554688,773.0750122070312,50606
2026-08-12 12:51:00-04:00,773.0700073242188,773.1599731445312,773.0599975585938,773.0999755859375,59328
2026-08-12 12:52:00-04:00,773.0999755859375,773.2000122070312,773.030029296875,773.1900024414062,47682
2026-08-12 12:53:00-04:00,773.1900024414062,773.2000122070312,773.114990234375,773.1400756835938,65942
2026-08-12 12:54:00-04:00,773.1300048828125,773.1599731445312,773.0599975585938,773.0650024414062,40642
2026-08-12 12:55:00-04:00,773.0599975585938,773.0800170898438,772.9400024414062,772.97900390625,45533
2026-08-12 12:56:00-04:00,772.97998046875,773.02001953125,772.9307861328125,772.989990234375,37965
2026-08-12 12:57:00-04:00,772.989990234375,773.010009765625,772.9099731445312,772.9299926757812,31216
2026-08-12 12:58:00-04:00,772.9299926757812,772.9500122070312,772.8300170898438,772.8400268554688,45901
2026-08-12 12:59:00-04:00,772.8499755859375,772.969970703125,772.8099975585938,772.905029296875,62256
2026-08-12 13:00:00-04:00,772.9099731445312,772.9600219726562,772.8400268554688,772.9099731445312,65850
2026-08-12 13:01:00-04:00,772.9299926757812,773.0900268554688,772.9299926757812,773.0399780273438,36881
2026-08-12 13:02:00-04:00,773.030029296875,773.0499877929688,772.9400024414062,772.969970703125,38602
2026-08-12 13:03:00-04:00,772.97998046875,773.030029296875,772.9299926757812,773.030029296875,29920
2026-08-12 13:04:00-04:00,773.02001953125,773.0999755859375,773.0,773.0499877929688,34807
2026-08-12 13:05:00-04:00,773.0549926757812,773.0999755859375,773.0,773.0999755859375,39096
2026-08-12 13:06:00-04:00,773.1099853515625,773.1900024414062,773.0549926757812,773.1900024414062,39580
2026-08-12 13:07:00-04:00,773.1998901367188,773.2899780273438,773.1799926757812,773.260009765625,58715
2026-08-12 13:08:00-04:00,773.25,773.2899780273438,773.1799926757812,773.2000122070312,48649
2026-08-12 13:09:00-04:00,773.1900024414062,773.1900024414062,773.010009765625,773.010009765625,37772
2026-08-12 13:10:00-04:00,773.0198974609375,773.0700073242188,772.9299926757812,773.0,42117
2026-08-12 13:11:00-04:00,773.0,773.030029296875,772.8699951171875,772.8699951171875,37117
2026-08-12 13:12:00-04:00,772.8699951171875,772.9299926757812,772.77001953125,772.9201049804688,33122
2026-08-12 13:13:00-04:00,772.9212036132812,772.97998046875,772.905029296875,772.9600219726562,30528
2026-08-12 13:14:00-04:00,772.969970703125,773.0399780273438,772.9299926757812,773.030029296875,23780
2026-08-12 13:15:00-04:00,773.030029296875,773.030029296875,772.7000122070312,772.75,94479
2026-08-12 13:16:00-04:00,772.739990234375,772.77001953125,772.6599731445312,772.7150268554688,53267
2026-08-12 13:17:00-04:00,772.7249755859375,772.7597045898438,772.6699829101562,772.6900024414062,51791
2026-08-12 13:18:00-04:00,772.6950073242188,772.77001953125,772.6799926757812,772.72998046875,58313
2026-08-12 13:19:00-04:00,772.7349853515625,772.77001953125,772.6099853515625,772.77001953125,43080
2026-08-12 13:20:00-04:00,772.77001953125,772.8699951171875,772.760009765625,772.8099975585938,41062
2026-08-12 13:21:00-04:00,772.8200073242188,772.905029296875,772.72998046875,772.8319702148438,39238
2026-08-12 13:22:00-04:00,772.8499755859375,772.8599853515625,772.719970703125,772.72998046875,26094
2026-08-12 13:23:00-04:00,772.719970703125,772.7999877929688,772.6599731445312,772.719970703125,21023
2026-08-12 13:24:00-04:00,772.72998046875,772.8300170898438,772.7100219726562,772.7899780273438,25987
2026-08-12 13:25:00-04:00,772.780029296875,772.9199829101562,772.75,772.9199829101562,30193
2026-08-12 13:26:00-04:00,772.9199829101562,773.02001953125,772.9155883789062,773.02001953125,41535
2026-08-12 13:27:00-04:00,773.02001953125,773.0250244140625,772.9099731445312,772.9500122070312,53375
2026-08-12 13:28:00-04:00,772.9500122070312,772.9500122070312,772.8400268554688,772.875,26537
2026-08-12 13:29:00-04:00,772.8800048828125,772.9000244140625,772.72998046875,772.780029296875,23388
2026-08-12 13:30:00-04:00,772.8300170898438,772.8300170898438,772.7000122070312,772.7899780273438,30252
2026-08-12 13:31:00-04:00,772.7899780273438,772.8350219726562,772.7550048828125,772.77001953125,24727
2026-08-12 13:32:00-04:00,772.7750244140625,772.9099731445312,772.7750244140625,772.8599853515625,54688
2026-08-12 13:33:00-04:00,772.8699951171875,773.0,772.8499755859375,772.9199829101562,175461
2026-08-12 13:34:00-04:00,772.9099731445312,772.9299926757812,772.8300170898438,772.9000244140625,22559
2026-08-12 13:35:00-04:00,772.9000244140625,772.9000244140625,772.7899780273438,772.8200073242188,25282
2026-08-12 13:36:00-04:00,772.8200073242188,772.9400024414062,772.8090209960938,772.9349975585938,23591
2026-08-12 13:37:00-04:00,772.9312744140625,772.9500122070312,772.905029296875,772.9099731445312,33049
2026-08-12 13:38:00-04:00,772.9149780273438,772.9199829101562,772.8499755859375,772.8499755859375,35678
2026-08-12 13:39:00-04:00,772.85498046875,772.8800048828125,772.760009765625,772.864990234375,44072
2026-08-12 13:40:00-04:00,772.8599853515625,772.9400024414062,772.719970703125,772.9199829101562,55805
2026-08-12 13:41:00-04:00,772.919921875,772.9450073242188,772.864990234375,772.9400024414062,26244
2026-08-12 13:42:00-04:00,772.9450073242188,772.969970703125,772.9299926757812,772.9500122070312,26974
2026-08-12 13:43:00-04:00,772.9500122070312,772.969970703125,772.9299926757812,772.9400024414062,25746
2026-08-12 13:44:00-04:00,772.9400024414062,772.9500122070312,772.8200073242188,772.8800048828125,40461
2026-08-12 13:45:00-04:00,772.8599853515625,772.9000244140625,772.7999877929688,772.8099975585938,31903
2026-08-12 13:46:00-04:00,772.8200073242188,772.8900146484375,772.8049926757812,772.8699951171875,25850
2026-08-12 13:47:00-04:00,772.864990234375,772.9600219726562,772.8599853515625,772.9000244140625,30350
2026-08-12 13:48:00-04:00,772.89501953125,772.9199829101562,772.7899780273438,772.8150024414062,31618
2026-08-12 13:49:00-04:00,772.8150024414062,772.8800048828125,772.760009765625,772.7999877929688,25629
2026-08-12 13:50:00-04:00,772.7899780273438,772.9000244140625,772.739990234375,772.8900146484375,43053
2026-08-12 13:51:00-04:00,772.9000244140625,772.969970703125,772.8599853515625,772.9149780273438,52874
2026-08-12 13:52:00-04:00,772.9149780273438,772.9600219726562,772.8699951171875,772.9099731445312,23920
2026-08-12 13:53:00-04:00,772.905029296875,772.97998046875,772.8400268554688,772.8400268554688,35051
2026-08-12 13:54:00-04:00,772.8300170898438,772.8499755859375,772.72998046875,772.75,48221
2026-08-12 13:55:00-04:00,772.75,772.7899780273438,772.6414184570312,772.6950073242188,32857
2026-08-12 13:56:00-04:00,772.7100219726562,772.82470703125,772.7000122070312,772.7899780273438,30524
2026-08-12 13:57:00-04:00,772.8049926757812,772.8350219726562,772.7750244140625,772.8350219726562,17080
2026-08-12 13:58:00-04:00,772.8400268554688,772.8900146484375,772.7899780273438,772.875,23604
2026-08-12 13:59:00-04:00,772.8699951171875,772.89501953125,772.8101196289062,772.8101196289062,30314
2026-08-12 14:00:00-04:00,772.8099975585938,772.9400024414062,772.7999877929688,772.8099975585938,46336
2026-08-12 14:01:00-04:00,772.7999877929688,772.8900146484375,772.780029296875,772.8699951171875,52907
2026-08-12 14:02:00-04:00,772.8599853515625,772.9000244140625,772.8200073242188,772.8599853515625,36175
2026-08-12 14:03:00-04:00,772.8599853515625,772.9400024414062,772.8499755859375,772.8900146484375,23881
2026-08-12 14:04:00-04:00,772.9000244140625,772.9600219726562,772.8599853515625,772.9099731445312,36242
2026-08-12 14:05:00-04:00,772.8900146484375,772.97998046875,772.8200073242188,772.9349975585938,36760
2026-08-12 14:06:00-04:00,772.9500122070312,772.9600219726562,772.8300170898438,772.8599853515625,25331
2026-08-12 14:07:00-04:00,772.8499755859375,772.8800048828125,772.8099975585938,772.864990234375,25611
2026-08-12 14:08:00-04:00,772.8800048828125,772.9400024414062,772.8300170898438,772.8599853515625,47130
2026-08-12 14:09:00-04:00,772.8499755859375,772.8900146484375,772.8300170898438,772.8900146484375,19354
2026-08-12 14:10:00-04:00,772.8887329101562,772.97998046875,772.8887329101562,772.9099731445312,37231
2026-08-12 14:11:00-04:00,772.9400024414062,773.1900024414062,772.9099731445312,773.1749877929688,47245
2026-08-12 14:12:00-04:00,773.1599731445312,773.2100219726562,773.0999755859375,773.1300048828125,43034
2026-08-12 14:13:00-04:00,773.1400146484375,773.1799926757812,773.1199951171875,773.1699829101562,64517
2026-08-12 14:14:00-04:00,773.1749877929688,773.1749877929688,773.1099853515625,773.1099853515625,27949
2026-08-12 14:15:00-04:00,773.1099853515625,773.125,773.0399780273438,773.1199951171875,33258
2026-08-12 14:16:00-04:00,773.1099853515625,773.1300048828125,773.0700073242188,773.0999755859375,32050
2026-08-12 14:17:00-04:00,773.0800170898438,773.0900268554688,772.989990234375,772.989990234375,59029
2026-08-12 14:18:00-04:00,772.9996948242188,773.0349731445312,772.97998046875,773.0349731445312,41218
2026-08-12 14:19:00-04:00,773.030029296875,773.1300048828125,773.030029296875,773.1300048828125,157568
2026-08-12 14:20:00-04:00,773.1199951171875,773.1599731445312,772.9600219726562,773.010009765625,56826
2026-08-12 14:21:00-04:00,773.02001953125,773.1500244140625,772.9849853515625,773.1400146484375,33075
2026-08-12 14:22:00-04:00,773.1400146484375,773.1500244140625,773.0700073242188,773.1099853515625,31590
2026-08-12 14:23:00-04:00,773.10498046875,773.1300048828125,773.0599975585938,773.1300048828125,32590
2026-08-12 14:24:00-04:00,773.1300048828125,773.22998046875,773.0800170898438,773.2249755859375,54041
2026-08-12 14:25:00-04:00,773.22998046875,773.3099975585938,773.1599731445312,773.1699829101562,44362
2026-08-12 14:26:00-04:00,773.1799926757812,773.2150268554688,773.1199951171875,773.2000122070312,29424
2026-08-12 14:27:00-04:00,773.1900024414062,773.22998046875,773.1500244140625,773.2000122070312,44640
2026-08-12 14:28:00-04:00,773.1799926757812,773.1799926757812,773.0999755859375,773.1500244140625,40095
2026-08-12 14:29:00-04:00,773.1699829101562,773.2000122070312,773.0700073242188,773.0900268554688,30809
2026-08-12 14:30:00-04:00,773.0900268554688,773.22998046875,773.0900268554688,773.219970703125,33807
2026-08-12 14:31:00-04:00,773.219970703125,773.3300170898438,773.1599731445312,773.3200073242188,39749
2026-08-12 14:32:00-04:00,773.3200073242188,773.4299926757812,773.3099975585938,773.4199829101562,41629
2026-08-12 14:33:00-04:00,773.4199829101562,773.468994140625,773.3699951171875,773.3900146484375,40677
2026-08-12 14:34:00-04:00,773.39501953125,773.4099731445312,773.3099975585938,773.344970703125,42907
2026-08-12 14:35:00-04:00,773.3300170898438,773.4199829101562,773.3300170898438,773.4199829101562,32213
2026-08-12 14:36:00-04:00,773.4199829101562,773.489990234375,773.4099731445312,773.4600219726562,51527
2026-08-12 14:37:00-04:00,773.4600219726562,773.469970703125,773.4199829101562,773.4199829101562,42132
2026-08-12 14:38:00-04:00,773.4199829101562,773.47998046875,773.3900146484375,773.4500122070312,59172
2026-08-12 14:39:00-04:00,773.4500122070312,773.4600219726562,773.3900146484375,773.4249877929688,28036
2026-08-12 14:40:00-04:00,773.4199829101562,773.5499877929688,773.4199829101562,773.5399780273438,53792
2026-08-12 14:41:00-04:00,773.5449829101562,773.6199951171875,773.5449829101562,773.594970703125,55384
2026-08-12 14:42:00-04:00,773.5999755859375,773.6300048828125,773.5399780273438,773.5599975585938,40604
2026-08-12 14:43:00-04:00,773.5599975585938,773.60498046875,773.5449829101562,773.5700073242188,46487
2026-08-12 14:44:00-04:00,773.5499877929688,773.5689697265625,773.510009765625,773.510009765625,26274
2026-08-12 14:45:00-04:00,773.5150146484375,773.530029296875,773.4099731445312,773.4249877929688,71072
2026-08-12 14:46:00-04:00,773.4299926757812,773.52001953125,773.4199829101562,773.5198974609375,41268
2026-08-12 14:47:00-04:00,773.5,773.52001953125,773.3800048828125,773.47998046875,37492
2026-08-12 14:48:00-04:00,773.47998046875,773.5399780273438,773.4600219726562,773.5399780273438,70376
2026-08-12 14:49:00-04:00,773.5399780273438,773.5499877929688,773.4849853515625,773.5250244140625,27918
2026-08-12 14:50:00-04:00,773.530029296875,773.5900268554688,773.5150146484375,773.5399780273438,48777
2026-08-12 14:51:00-04:00,773.5399780273438,773.5900268554688,773.530029296875,773.5850219726562,27359
2026-08-12 14:52:00-04:00,773.5800170898438,773.6300048828125,773.530029296875,773.5349731445312,37671
2026-08-12 14:53:00-04:00,773.530029296875,773.5399780273438,773.47998046875,773.47998046875,38798
2026-08-12 14:54:00-04:00,773.47998046875,773.4949951171875,773.4400024414062,773.4400024414062,45467
2026-08-12 14:55:00-04:00,773.4500122070312,773.4500122070312,773.3200073242188,773.3300170898438,83606
2026-08-12 14:56:00-04:00,773.3350219726562,773.3800048828125,773.280029296875,773.2899780273438,33317
2026-08-12 14:57:00-04:00,773.280029296875,773.3099975585938,773.0499877929688,773.078125,70854
2026-08-12 14:58:00-04:00,773.0800170898438,773.1900024414062,773.0700073242188,773.114990234375,56533
2026-08-12 14:59:00-04:00,773.1300048828125,773.1900024414062,773.0399780273438,773.0599975585938,55070
2026-08-12 15:00:00-04:00,773.0349731445312,773.2999877929688,773.02001953125,773.2999877929688,83866
2026-08-12 15:01:00-04:00,773.2999877929688,773.3250122070312,773.219970703125,773.2905883789062,33085
2026-08-12 15:02:00-04:00,773.2999877929688,773.2999877929688,773.2100219726562,773.280029296875,40742
2026-08-12 15:03:00-04:00,773.2750244140625,773.3049926757812,773.22998046875,773.25,38392
2026-08-12 15:04:00-04:00,773.2550048828125,773.2899780273438,773.2449951171875,773.2503051757812,26351
2026-08-12 15:05:00-04:00,773.2559814453125,773.3400268554688,773.239990234375,773.3400268554688,33580
2026-08-12 15:06:00-04:00,773.3499755859375,773.3699951171875,773.3099975585938,773.3300170898438,44395
2026-08-12 15:07:00-04:00,773.3200073242188,773.3800048828125,773.2999877929688,773.2999877929688,159828
2026-08-12 15:08:00-04:00,773.2899780273438,773.3300170898438,773.2100219726562,773.2849731445312,68014
2026-08-12 15:09:00-04:00,773.280029296875,773.3099975585938,773.2100219726562,773.22998046875,184211
2026-08-12 15:10:00-04:00,773.22998046875,773.280029296875,773.1500244140625,773.155029296875,40099
2026-08-12 15:11:00-04:00,773.1400146484375,773.239990234375,773.0900268554688,773.1300048828125,42285
2026-08-12 15:12:00-04:00,773.1300048828125,773.1500244140625,773.0598754882812,773.1199951171875,44039
2026-08-12 15:13:00-04:00,773.1199951171875,773.1998901367188,773.094970703125,773.1599731445312,27213
2026-08-12 15:14:00-04:00,773.1699829101562,773.1699829101562,773.0,773.0700073242188,50509
2026-08-12 15:15:00-04:00,773.0700073242188,773.155029296875,773.0549926757812,773.0599975585938,33265
2026-08-12 15:16:00-04:00,773.0700073242188,773.1749877929688,773.0700073242188,773.1699829101562,239174
2026-08-12 15:17:00-04:00,773.1699829101562,773.219970703125,773.1400146484375,773.1599731445312,38146
2026-08-12 15:18:00-04:00,773.1599731445312,773.2000122070312,773.1500244140625,773.1649780273438,41673
2026-08-12 15:19:00-04:00,773.1649780273438,773.1649780273438,773.0800170898438,773.14501953125,47921
2026-08-12 15:20:00-04:00,773.1400146484375,773.1599731445312,772.9600219726562,772.9749755859375,47225
2026-08-12 15:21:00-04:00,772.97998046875,772.989990234375,772.7999877929688,772.8599853515625,75040
2026-08-12 15:22:00-04:00,772.844970703125,772.9400024414062,772.844970703125,772.9299926757812,44157
2026-08-12 15:23:00-04:00,772.9099731445312,772.9099731445312,772.8400268554688,772.906982421875,51390
2026-08-12 15:24:00-04:00,772.9099731445312,772.9600219726562,772.8699951171875,772.8699951171875,39181
2026-08-12 15:25:00-04:00,772.8699951171875,772.9650268554688,772.844970703125,772.9400024414062,27930
2026-08-12 15:26:00-04:00,772.9299926757812,772.989990234375,772.9099731445312,772.9500122070312,41064
2026-08-12 15:27:00-04:00,772.9600219726562,772.97998046875,772.8400268554688,772.8400268554688,160443
2026-08-12 15:28:00-04:00,772.8400268554688,772.8800048828125,772.8099975585938,772.8699951171875,65385
2026-08-12 15:29:00-04:00,772.8800048828125,772.97998046875,772.8499755859375,772.97998046875,43735
2026-08-12 15:30:00-04:00,772.97998046875,772.989990234375,772.8099975585938,772.9000244140625,75473
2026-08-12 15:31:00-04:00,772.9000244140625,772.989990234375,772.8800048828125,772.969970703125,55219
2026-08-12 15:32:00-04:00,772.97998046875,773.02001953125,772.9299926757812,772.9600219726562,65851
2026-08-12 15:33:00-04:00,772.969970703125,772.9799194335938,772.7999877929688,772.8200073242188,76863
2026-08-12 15:34:00-04:00,772.8099975585938,772.9000244140625,772.7999877929688,772.8800048828125,48851
2026-08-12 15:35:00-04:00,772.8699951171875,772.9500122070312,772.8599853515625,772.9099731445312,83410
2026-08-12 15:36:00-04:00,772.9099731445312,772.97998046875,772.9000244140625,772.9500122070312,105103
2026-08-12 15:37:00-04:00,772.9500122070312,772.969970703125,772.8800048828125,772.9000244140625,72764
2026-08-12 15:38:00-04:00,772.9000244140625,773.0,772.8800048828125,772.9650268554688,54448
2026-08-12 15:39:00-04:00,772.9650268554688,772.97998046875,772.8400268554688,772.8900146484375,53382
2026-08-12 15:40:00-04:00,772.8800048828125,772.9099731445312,772.719970703125,772.8300170898438,62961
2026-08-12 15:41:00-04:00,772.844970703125,772.8499145507812,772.7100219726562,772.719970703125,43940
2026-08-12 15:42:00-04:00,772.7249755859375,772.760009765625,772.57373046875,772.5999755859375,67771
2026-08-12 15:43:00-04:00,772.6099853515625,772.739990234375,772.5599975585938,772.719970703125,76091
2026-08-12 15:44:00-04:00,772.7249755859375,772.864990234375,772.7249755859375,772.864990234375,50703
2026-08-12 15:45:00-04:00,772.8599853515625,772.97998046875,772.760009765625,772.7750854492188,95998
2026-08-12 15:46:00-04:00,772.780029296875,772.7899780273438,772.7000122070312,772.739990234375,77897
2026-08-12 15:47:00-04:00,772.739990234375,772.9299926757812,772.72998046875,772.9199829101562,84879
2026-08-12 15:48:00-04:00,772.9000244140625,773.0,772.843994140625,772.9849853515625,99656
2026-08-12 15:49:00-04:00,772.989990234375,773.0,772.8699951171875,772.8800048828125,94272
2026-08-12 15:50:00-04:00,772.8800048828125,772.9000244140625,772.5,772.5,216787
2026-08-12 15:51:00-04:00,772.489990234375,772.52001953125,772.3200073242188,772.3699951171875,144245
2026-08-12 15:52:00-04:00,772.3699951171875,772.469970703125,772.3499755859375,772.409912109375,121209
2026-08-12 15:53:00-04:00,772.4099731445312,772.4500122070312,772.3300170898438,772.4199829101562,122574
2026-08-12 15:54:00-04:00,772.4199829101562,772.5,772.1699829101562,772.239990234375,233197
2026-08-12 15:55:00-04:00,772.260009765625,772.3200073242188,772.0,772.0700073242188,216938
2026-08-12 15:56:00-04:00,772.0800170898438,772.280029296875,772.02001953125,772.280029296875,188041
2026-08-12 15:57:00-04:00,772.25,772.2899780273438,772.0900268554688,772.25,225573
2026-08-12 15:58:00-04:00,772.260009765625,772.4199829101562,772.22998046875,772.4000854492188,350687
2026-08-12 15:59:00-04:00,772.4000244140625,772.719970703125,772.2999877929688,772.52001953125,549542
2026-08-13 09:30:00-04:00,774.8699951171875,774.9500122070312,774.1199951171875,774.3499755859375,984697
2026-08-13 09:31:00-04:00,774.3300170898438,774.72998046875,774.2750244140625,774.47998046875,97893
2026-08-13 09:32:00-04:00,774.4600219726562,774.760009765625,774.4293823242188,774.7100219726562,59327
2026-08-13 09:33:00-04:00,774.6699829101562,775.0900268554688,774.6699829101562,774.9949951171875,114885
2026-08-13 09:34:00-04:00,775.0,775.489990234375,774.97998046875,775.3807983398438,119302
2026-08-13 09:35:00-04:00,775.3900146484375,775.7999877929688,775.3599853515625,775.7119750976562,177701
2026-08-13 09:36:00-04:00,775.719970703125,776.0999755859375,775.719970703125,776.0999755859375,153362
2026-08-13 09:37:00-04:00,776.0850219726562,776.219970703125,776.0499877929688,776.1749877929688,116061
2026-08-13 09:38:00-04:00,776.1799926757812,776.2100219726562,776.0399780273438,776.1500854492188,124135
2026-08-13 09:39:00-04:00,776.14501953125,776.469970703125,776.0999755859375,776.4400024414062,138664
2026-08-13 09:40:00-04:00,776.4400024414062,776.4400024414062,776.22998046875,776.2449951171875,101404
2026-08-13 09:41:00-04:00,776.239990234375,776.389892578125,776.1099853515625,776.1099853515625,110375
2026-08-13 09:42:00-04:00,776.114990234375,776.2000122070312,776.0700073242188,776.1300048828125,61847
2026-08-13 09:43:00-04:00,776.1300048828125,776.1599731445312,775.739990234375,775.739990234375,103297
2026-08-13 09:44:00-04:00,775.75,775.8300170898438,775.5499877929688,775.7100219726562,101622
2026-08-13 09:45:00-04:00,775.719970703125,776.280029296875,775.6199951171875,776.2205810546875,107080
2026-08-13 09:46:00-04:00,776.219970703125,776.6400146484375,776.219970703125,776.6199951171875,190963
2026-08-13 09:47:00-04:00,776.5999755859375,776.8599853515625,776.52001953125,776.8400268554688,74152
2026-08-13 09:48:00-04:00,776.8300170898438,776.9603271484375,776.77001953125,776.780029296875,83243
2026-08-13 09:49:00-04:00,776.780029296875,776.9500122070312,776.72998046875,776.8400268554688,104791
2026-08-13 09:50:00-04:00,776.8400268554688,776.9500122070312,776.6699829101562,776.875,178157
2026-08-13 09:51:00-04:00,776.8599853515625,777.030029296875,776.7899780273438,777.02001953125,135419
2026-08-13 09:52:00-04:00,777.0289916992188,777.0499877929688,776.77001953125,776.9749755859375,76880
2026-08-13 09:53:00-04:00,776.9600219726562,776.969970703125,776.8499755859375,776.8900146484375,54021
2026-08-13 09:54:00-04:00,776.885009765625,777.1699829101562,776.8599853515625,777.1500244140625,72352
2026-08-13 09:55:00-04:00,777.135009765625,777.135009765625,776.9299926757812,777.02001953125,121230
2026-08-13 09:56:00-04:00,777.010009765625,777.3699951171875,776.9299926757812,777.344970703125,157055
2026-08-13 09:57:00-04:00,777.3499755859375,777.4500122070312,777.3099975585938,777.4000244140625,82469
2026-08-13 09:58:00-04:00,777.4000244140625,777.6900024414062,777.3599853515625,777.6500244140625,78769
2026-08-13 09:59:00-04:00,777.6400146484375,777.6699829101562,777.5599975585938,777.6099853515625,78672
2026-08-13 10:00:00-04:00,777.5999755859375,777.989990234375,777.52001953125,777.969970703125,147686
2026-08-13 10:01:00-04:00,777.9400024414062,778.010009765625,777.8499755859375,777.9901123046875,73349
2026-08-13 10:02:00-04:00,777.989990234375,778.25,777.989990234375,778.25,102008
2026-08-13 10:03:00-04:00,778.25,778.25,777.9600219726562,778.0250244140625,116557
2026-08-13 10:04:00-04:00,778.02001953125,778.25,777.9650268554688,778.2249755859375,89456
2026-08-13 10:05:00-04:00,778.2249755859375,778.3900146484375,778.1900024414062,778.2261962890625,133830
2026-08-13 10:06:00-04:00,778.219970703125,778.22998046875,778.0501098632812,778.1199951171875,77655
2026-08-13 10:07:00-04:00,778.1199951171875,778.1799926757812,777.9299926757812,778.0700073242188,87238
2026-08-13 10:08:00-04:00,778.0700073242188,778.0999755859375,777.9299926757812,778.0700073242188,77269
2026-08-13 10:09:00-04:00,778.0800170898438,778.219970703125,778.0750122070312,778.1400146484375,72947
2026-08-13 10:10:00-04:00,778.1500244140625,778.2100219726562,778.1300048828125,778.1900024414062,38779
2026-08-13 10:11:00-04:00,778.1799926757812,778.5,778.1500244140625,778.4600219726562,82854
2026-08-13 10:12:00-04:00,778.469970703125,778.5499877929688,778.385009765625,778.469970703125,109915
2026-08-13 10:13:00-04:00,778.469970703125,778.5399780273438,778.4000244140625,778.4614868164062,64556
2026-08-13 10:14:00-04:00,778.4650268554688,778.5250244140625,778.3699951171875,778.510009765625,57207
2026-08-13 10:15:00-04:00,778.5250244140625,778.5549926757812,778.385009765625,778.4450073242188,76263
2026-08-13 10:16:00-04:00,778.4400024414062,778.4500122070312,778.219970703125,778.25,96479
2026-08-13 10:17:00-04:00,778.2550048828125,778.3499755859375,778.023193359375,778.3499755859375,75666
2026-08-13 10:18:00-04:00,778.35498046875,778.5900268554688,778.3223876953125,778.5800170898438,43651
2026-08-13 10:19:00-04:00,778.5800170898438,778.6599731445312,778.4702758789062,778.530029296875,56166
2026-08-13 10:20:00-04:00,778.5399780273438,778.5549926757812,778.3900146484375,778.5499877929688,51772
2026-08-13 10:21:00-04:00,778.5700073242188,778.8599853515625,778.5300903320312,778.830078125,64933
2026-08-13 10:22:00-04:00,778.8350219726562,778.989990234375,778.7999877929688,778.9500122070312,65095
2026-08-13 10:23:00-04:00,778.9600219726562,779.2100219726562,778.9500122070312,779.0999755859375,209786
2026-08-13 10:24:00-04:00,779.0999755859375,779.1699829101562,779.0050048828125,779.0294799804688,62293
2026-08-13 10:25:00-04:00,779.030029296875,779.1300048828125,778.9400024414062,779.1199951171875,47491
2026-08-13 10:26:00-04:00,779.1389770507812,779.1400146484375,778.9600219726562,779.0399780273438,40636
2026-08-13 10:27:00-04:00,779.0449829101562,779.1400146484375,778.9099731445312,779.030029296875,47288
2026-08-13 10:28:00-04:00,779.010009765625,779.25,779.010009765625,779.2200927734375,49634
2026-08-13 10:29:00-04:00,779.2249755859375,779.239990234375,779.1400146484375,779.1900024414062,86682
2026-08-13 10:30:00-04:00,779.1900024414062,779.2100219726562,778.97998046875,778.989990234375,92952
2026-08-13 10:31:00-04:00,778.97998046875,779.239990234375,778.97998046875,779.22998046875,73406
2026-08-13 10:32:00-04:00,779.25,779.3699951171875,779.219970703125,779.2849731445312,114530
2026-08-13 10:33:00-04:00,779.2899780273438,779.2899780273438,779.030029296875,779.10498046875,115147
2026-08-13 10:34:00-04:00,779.0900268554688,779.25,779.0900268554688,779.219970703125,68827
2026-08-13 10:35:00-04:00,779.219970703125,779.3699951171875,779.135009765625,779.3099975585938,89580
2026-08-13 10:36:00-04:00,779.3049926757812,779.3098754882812,779.2150268554688,779.260009765625,78895
2026-08-13 10:37:00-04:00,779.2449951171875,779.25,779.0800170898438,779.1199951171875,48890
2026-08-13 10:38:00-04:00,779.0999755859375,779.1099853515625,778.8200073242188,778.9099731445312,77657
2026-08-13 10:39:00-04:00,778.9199829101562,779.1300048828125,778.75,779.0650024414062,121696
2026-08-13 10:40:00-04:00,779.0650024414062,779.1099853515625,778.969970703125,779.0399780273438,87789
2026-08-13 10:41:00-04:00,779.0250244140625,779.030029296875,778.7899780273438,778.7899780273438,40213
2026-08-13 10:42:00-04:00,778.7949829101562,778.8499755859375,778.7100219726562,778.8200073242188,135577
2026-08-13 10:43:00-04:00,778.8200073242188,778.8499755859375,778.5800170898438,778.6849975585938,91041
2026-08-13 10:44:00-04:00,778.719970703125,778.77001953125,778.5695190429688,778.5695190429688,36871
2026-08-13 10:45:00-04:00,778.5399780273438,778.5499877929688,778.1849975585938,778.1849975585938,54072
2026-08-13 10:46:00-04:00,778.1849975585938,778.3897094726562,778.1099853515625,778.3300170898438,108773
2026-08-13 10:47:00-04:00,778.3400268554688,778.3900146484375,778.0999755859375,778.1500244140625,57208
2026-08-13 10:48:00-04:00,778.1500244140625,778.2000122070312,777.8400268554688,777.905029296875,100305
2026-08-13 10:49:00-04:00,777.9000244140625,777.905029296875,777.530029296875,777.6799926757812,169581
2026-08-13 10:50:00-04:00,777.6900024414062,777.9349975585938,777.5700073242188,777.5989990234375,145464
2026-08-13 10:51:00-04:00,777.5999755859375,777.8800048828125,777.5900268554688,777.8200073242188,78141
2026-08-13 10:52:00-04:00,777.8099975585938,777.8800048828125,777.6500244140625,777.7899780273438,55619
2026-08-13 10:53:00-04:00,777.8099975585938,777.8099975585938,777.5999755859375,777.72998046875,297179
2026-08-13 10:54:00-04:00,777.7349853515625,777.8400268554688,777.6403198242188,777.8400268554688,51896
2026-08-13 10:55:00-04:00,777.8400268554688,777.8400268554688,777.3800048828125,777.4299926757812,64415
2026-08-13 10:56:00-04:00,777.4600219726562,777.6699829101562,777.4199829101562,777.5800170898438,50530
2026-08-13 10:57:00-04:00,777.5700073242188,777.8300170898438,777.5700073242188,777.8099975585938,44429
2026-08-13 10:58:00-04:00,777.8099975585938,777.969970703125,777.75,777.9509887695312,76105
2026-08-13 10:59:00-04:00,777.958984375,777.958984375,777.719970703125,777.760009765625,63722
2026-08-13 11:00:00-04:00,777.77001953125,778.1900024414062,777.7000122070312,778.135009765625,76121
2026-08-13 11:01:00-04:00,778.1300048828125,778.2000122070312,778.0900268554688,778.1599731445312,44559
2026-08-13 11:02:00-04:00,778.1699829101562,778.22998046875,777.8400268554688,777.8757934570312,57797
2026-08-13 11:03:00-04:00,777.864990234375,777.89501953125,777.510009765625,777.5399780273438,57428
2026-08-13 11:04:00-04:00,777.5399780273438,777.569091796875,777.3200073242188,777.3800048828125,56960
2026-08-13 11:05:00-04:00,777.3699951171875,777.60498046875,777.364990234375,777.60498046875,62254
2026-08-13 11:06:00-04:00,777.594970703125,777.594970703125,777.2899780273438,777.3300170898438,64483
2026-08-13 11:07:00-04:00,777.3350219726562,777.4099731445312,777.0900268554688,777.0900268554688,90797
2026-08-13 11:08:00-04:00,777.094970703125,777.219970703125,776.9650268554688,777.010009765625,80452
2026-08-13 11:09:00-04:00,777.010009765625,777.25,776.989990234375,777.2349853515625,66467
2026-08-13 11:10:00-04:00,777.239990234375,777.3699951171875,777.125,777.25,145558
2026-08-13 11:11:00-04:00,777.239990234375,777.3250122070312,777.1900024414062,777.239990234375,78401
2026-08-13 11:12:00-04:00,777.239990234375,777.3200073242188,777.030029296875,777.030029296875,48834
2026-08-13 11:13:00-04:00,777.030029296875,777.2000122070312,777.02001953125,777.1849975585938,70527
2026-08-13 11:14:00-04:00,777.1900024414062,777.219970703125,777.0501098632812,777.1199951171875,35956
2026-08-13 11:15:00-04:00,777.125,777.1729125976562,777.0250244140625,777.1199951171875,40894
2026-08-13 11:16:00-04:00,777.1400146484375,777.1400146484375,777.0,777.0499877929688,40792
2026-08-13 11:17:00-04:00,777.0399780273438,777.25,777.0,777.0399780273438,37859
2026-08-13 11:18:00-04:00,777.0499877929688,777.0549926757812,776.7213134765625,776.8200073242188,107789
2026-08-13 11:19:00-04:00,776.83837890625,777.1749877929688,776.7999877929688,777.1749877929688,42360
2026-08-13 11:20:00-04:00,777.1500244140625,777.22998046875,777.0900268554688,777.1790161132812,55265
2026-08-13 11:21:00-04:00,777.1500244140625,777.260009765625,777.030029296875,777.1500244140625,48786
2026-08-13 11:22:00-04:00,777.1749877929688,777.1921997070312,776.875,776.989990234375,65162
2026-08-13 11:23:00-04:00,776.97998046875,776.97998046875,776.8250122070312,776.97998046875,62143
2026-08-13 11:24:00-04:00,776.97998046875,777.0050048828125,776.9000244140625,776.9149780273438,79793
2026-08-13 11:25:00-04:00,776.9199829101562,776.9299926757812,776.6099853515625,776.610107421875,104609
2026-08-13 11:26:00-04:00,776.6162719726562,776.7249755859375,776.5150146484375,776.7050170898438,93700
2026-08-13 11:27:00-04:00,776.7000122070312,776.7899780273438,776.219970703125,776.4650268554688,331679
2026-08-13 11:28:00-04:00,776.4600219726562,776.4998779296875,775.9199829101562,775.969970703125,154329
2026-08-13 11:29:00-04:00,775.9749755859375,776.260009765625,775.9450073242188,776.1699829101562,99397
2026-08-13 11:30:00-04:00,776.1799926757812,776.2899780273438,776.02001953125,776.125,83072
2026-08-13 11:31:00-04:00,776.1300048828125,776.3099975585938,776.10498046875,776.1099853515625,73152
2026-08-13 11:32:00-04:00,776.1300048828125,776.219970703125,776.0449829101562,776.0449829101562,67429
2026-08-13 11:33:00-04:00,776.0499877929688,776.1600952148438,775.97998046875,775.989990234375,63606
2026-08-13 11:34:00-04:00,775.989990234375,776.0900268554688,775.7100219726562,775.72998046875,77633
2026-08-13 11:35:00-04:00,775.739990234375,776.1500244140625,775.7349853515625,776.0399780273438,131011
2026-08-13 11:36:00-04:00,776.0399780273438,776.0399780273438,775.7849731445312,775.9799194335938,98255
2026-08-13 11:37:00-04:00,775.9749755859375,775.97998046875,775.760009765625,775.8400268554688,77671
2026-08-13 11:38:00-04:00,775.8250122070312,775.8400268554688,775.5800170898438,775.7999877929688,153133
2026-08-13 11:39:00-04:00,775.7999877929688,776.0,775.7050170898438,775.9600219726562,383671
2026-08-13 11:40:00-04:00,775.9500122070312,775.9600219726562,775.7000122070312,775.77001953125,48116
2026-08-13 11:41:00-04:00,775.7899780273438,776.1599731445312,775.7899780273438,776.1256713867188,85467
2026-08-13 11:42:00-04:00,776.1400146484375,776.3699951171875,776.1400146484375,776.3099975585938,90425
2026-08-13 11:43:00-04:00,776.3001098632812,776.3001098632812,776.1300048828125,776.1300048828125,69100
2026-08-13 11:44:00-04:00,776.1400146484375,776.1950073242188,775.9600830078125,775.9650268554688,52376
2026-08-13 11:45:00-04:00,775.9600219726562,775.9600219726562,775.8400268554688,775.9099731445312,40236
2026-08-13 11:46:00-04:00,775.9199829101562,776.1099853515625,775.9199829101562,776.10498046875,48321
2026-08-13 11:47:00-04:00,776.1099853515625,776.1300048828125,775.9500122070312,776.02001953125,36139
2026-08-13 11:48:00-04:00,776.0294189453125,776.0349731445312,775.8499755859375,775.85498046875,42417
2026-08-13 11:49:00-04:00,775.85498046875,775.9400024414062,775.7000122070312,775.909912109375,70218
2026-08-13 11:50:00-04:00,775.89501953125,775.9299926757812,775.780029296875,775.9000244140625,37727
2026-08-13 11:51:00-04:00,775.9000244140625,775.9000244140625,775.6699829101562,775.7550048828125,43436
2026-08-13 11:52:00-04:00,775.75,775.75,775.52001953125,775.6900024414062,47959
2026-08-13 11:53:00-04:00,775.7000122070312,775.7899780273438,775.5999755859375,775.7899780273438,34875
2026-08-13 11:54:00-04:00,775.7979736328125,775.8099975585938,775.6300048828125,775.6599731445312,30046
2026-08-13 11:55:00-04:00,775.6599731445312,775.7899780273438,775.6099853515625,775.7050170898438,42626
2026-08-13 11:56:00-04:00,775.7100219726562,775.8400268554688,775.6649780273438,775.8350219726562,48776
2026-08-13 11:57:00-04:00,775.8350219726562,775.9299926757812,775.6500244140625,775.6799926757812,55525
2026-08-13 11:58:00-04:00,775.6699829101562,775.6799926757812,775.47998046875,775.5,51862
2026-08-13 11:59:00-04:00,775.5,775.5,775.3800048828125,775.489990234375,64697
2026-08-13 12:00:00-04:00,775.47998046875,775.719970703125,775.4600219726562,775.719970703125,43252
2026-08-13 12:01:00-04:00,775.719970703125,775.8099975585938,775.610107421875,775.7999877929688,36257
2026-08-13 12:02:00-04:00,775.802490234375,776.030029296875,775.7949829101562,776.0198974609375,76305
2026-08-13 12:03:00-04:00,776.0150146484375,776.0499877929688,775.8599853515625,776.030029296875,34562
2026-08-13 12:04:00-04:00,776.0250244140625,776.0399780273438,775.85498046875,775.89990234375,17209
2026-08-13 12:05:00-04:00,775.9099731445312,776.1871948242188,775.8900146484375,776.1749877929688,45971
2026-08-13 12:06:00-04:00,776.1799926757812,776.2899780273438,776.0900268554688,776.114990234375,46933
2026-08-13 12:07:00-04:00,776.0999755859375,776.1799926757812,776.0050048828125,776.030029296875,36946
2026-08-13 12:08:00-04:00,776.030029296875,776.0999755859375,776.0240478515625,776.0900268554688,35398
2026-08-13 12:09:00-04:00,776.0900268554688,776.094970703125,775.9149780273438,775.9650268554688,39265
2026-08-13 12:10:00-04:00,775.9650268554688,776.0549926757812,775.9299926757812,775.989990234375,34999
2026-08-13 12:11:00-04:00,775.9949951171875,776.1199951171875,775.97998046875,775.97998046875,16195
2026-08-13 12:12:00-04:00,775.9349975585938,776.0449829101562,775.8099975585938,775.8400268554688,28374
2026-08-13 12:13:00-04:00,775.8200073242188,775.875,775.7301025390625,775.7949829101562,42925
2026-08-13 12:14:00-04:00,775.7399291992188,775.780029296875,775.6749877929688,775.6900024414062,31514
2026-08-13 12:15:00-04:00,775.6923217773438,775.8400268554688,775.6923217773438,775.7000122070312,44306
2026-08-13 12:16:00-04:00,775.7100219726562,775.7650146484375,775.6199951171875,775.6300048828125,39529
2026-08-13 12:17:00-04:00,775.6400146484375,775.760009765625,775.5999755859375,775.739990234375,33866
2026-08-13 12:18:00-04:00,775.75,775.7999877929688,775.6749877929688,775.719970703125,43040
2026-08-13 12:19:00-04:00,775.72998046875,775.8800048828125,775.6900024414062,775.8499755859375,37824
2026-08-13 12:20:00-04:00,775.8499755859375,775.9849853515625,775.760009765625,775.97998046875,53322
2026-08-13 12:21:00-04:00,775.969970703125,775.989990234375,775.864990234375,775.9500122070312,38793
2026-08-13 12:22:00-04:00,775.969970703125,776.0900268554688,775.9299926757812,776.010009765625,53760
2026-08-13 12:23:00-04:00,776.0,776.010009765625,775.9249877929688,775.97998046875,27248
2026-08-13 12:24:00-04:00,776.0,776.0811157226562,775.969970703125,776.0599975585938,34201
2026-08-13 12:25:00-04:00,776.0650024414062,776.3599853515625,776.0449829101562,776.3599853515625,319621
2026-08-13 12:26:00-04:00,776.3599853515625,776.3699951171875,776.2849731445312,776.3300170898438,42756
2026-08-13 12:27:00-04:00,776.3298950195312,776.489990234375,776.3200073242188,776.3599853515625,94068
2026-08-13 12:28:00-04:00,776.3499755859375,776.4299926757812,776.3200073242188,776.405029296875,41826
2026-08-13 12:29:00-04:00,776.405029296875,776.52001953125,776.3699951171875,776.52001953125,45368
2026-08-13 12:30:00-04:00,776.5250244140625,776.6300048828125,776.47998046875,776.6199951171875,49646
2026-08-13 12:31:00-04:00,776.6300048828125,776.6649780273438,776.4500122070312,776.52001953125,67024
2026-08-13 12:32:00-04:00,776.52001953125,776.6099853515625,776.405029296875,776.5,51996
2026-08-13 12:33:00-04:00,776.489990234375,776.7000122070312,776.489990234375,776.6799926757812,80381
2026-08-13 12:34:00-04:00,776.6799926757812,776.7100219726562,776.6400146484375,776.6400146484375,29259
2026-08-13 12:35:00-04:00,776.6400146484375,776.7000122070312,776.5900268554688,776.6300048828125,106337
2026-08-13 12:36:00-04:00,776.6389770507812,776.6599731445312,776.4600219726562,776.510009765625,38098
2026-08-13 12:37:00-04:00,776.5,776.5599975585938,776.440185546875,776.5198974609375,33172
2026-08-13 12:38:00-04:00,776.489990234375,776.5850219726562,776.4299926757812,776.5650024414062,28013
2026-08-13 12:39:00-04:00,776.5599975585938,776.6400146484375,776.2199096679688,776.2899780273438,52531
2026-08-13 12:40:00-04:00,776.2857055664062,776.3198852539062,776.2050170898438,776.25,37263
2026-08-13 12:41:00-04:00,776.2449951171875,776.3900146484375,776.219970703125,776.3699951171875,26806
2026-08-13 12:42:00-04:00,776.3699951171875,776.510009765625,776.32861328125,776.510009765625,39272
2026-08-13 12:43:00-04:00,776.510009765625,776.510009765625,776.3900146484375,776.4600219726562,25005
2026-08-13 12:44:00-04:00,776.4400024414062,776.469970703125,776.4149780273438,776.4400024414062,31112
2026-08-13 12:45:00-04:00,776.4146728515625,776.5599975585938,776.4146728515625,776.510009765625,37014
2026-08-13 12:46:00-04:00,776.5050048828125,776.523193359375,776.4349975585938,776.52001953125,28359
2026-08-13 12:47:00-04:00,776.52001953125,776.6199951171875,776.510009765625,776.6199951171875,30662
2026-08-13 12:48:00-04:00,776.6099853515625,776.6699829101562,776.6099853515625,776.6400146484375,37546
2026-08-13 12:49:00-04:00,776.6599731445312,776.6699829101562,776.5599975585938,776.6099853515625,46705
2026-08-13 12:50:00-04:00,776.6099853515625,776.7000122070312,776.594970703125,776.7000122070312,35049
2026-08-13 12:51:00-04:00,776.7000122070312,776.7999877929688,776.6849975585938,776.7100219726562,42160
2026-08-13 12:52:00-04:00,776.719970703125,776.7650756835938,776.7000122070312,776.7050170898438,30915
2026-08-13 12:53:00-04:00,776.7000122070312,776.760009765625,776.6749877929688,776.6799926757812,23770
2026-08-13 12:54:00-04:00,776.6699829101562,776.719970703125,776.6199951171875,776.6900024414062,29075
2026-08-13 12:55:00-04:00,776.6799926757812,776.760009765625,776.5850219726562,776.72998046875,33963
2026-08-13 12:56:00-04:00,776.7100219726562,776.7100219726562,776.5999755859375,776.62060546875,24397
2026-08-13 12:57:00-04:00,776.6199951171875,776.7150268554688,776.6099853515625,776.6749877929688,18343
2026-08-13 12:58:00-04:00,776.6900024414062,776.7249755859375,776.6699829101562,776.7100219726562,23415
2026-08-13 12:59:00-04:00,776.7100219726562,776.75,776.6799926757812,776.7000122070312,26031
2026-08-13 13:00:00-04:00,776.7100219726562,776.9600219726562,776.7100219726562,776.9400024414062,45031
2026-08-13 13:01:00-04:00,776.9299926757812,777.030029296875,776.9099731445312,776.9998779296875,22759
2026-08-13 13:02:00-04:00,776.989990234375,776.989990234375,776.9100952148438,776.9199829101562,24994
2026-08-13 13:03:00-04:00,776.9099731445312,777.02001953125,776.8499755859375,777.010009765625,31085
2026-08-13 13:04:00-04:00,777.02001953125,777.0499877929688,776.9400024414062,776.989990234375,32228
2026-08-13 13:05:00-04:00,777.0,777.1199951171875,776.9299926757812,777.1199951171875,29622
2026-08-13 13:06:00-04:00,777.1199951171875,777.1699829101562,777.0399780273438,777.0850219726562,40265
2026-08-13 13:07:00-04:00,777.0700073242188,777.1900024414062,777.0700073242188,777.1199951171875,21598
2026-08-13 13:08:00-04:00,777.1300048828125,777.3800048828125,777.1199951171875,777.22998046875,54243
2026-08-13 13:09:00-04:00,777.22998046875,777.27001953125,777.1400146484375,777.25,22826
2026-08-13 13:10:00-04:00,777.25,777.260009765625,777.1849975585938,777.22998046875,32217
2026-08-13 13:11:00-04:00,777.22998046875,777.2999877929688,777.219970703125,777.27001953125,21434
2026-08-13 13:12:00-04:00,777.280029296875,777.280029296875,777.135009765625,777.1400146484375,30298
2026-08-13 13:13:00-04:00,777.1300048828125,777.2000122070312,777.0900268554688,777.1900024414062,20130
2026-08-13 13:14:00-04:00,777.1799926757812,777.2000122070312,777.1400146484375,777.1900024414062,17000
2026-08-13 13:15:00-04:00,777.1699829101562,777.3154907226562,777.1699829101562,777.219970703125,28790
2026-08-13 13:16:00-04:00,777.22998046875,777.3300170898438,777.2249755859375,777.3099975585938,39341
2026-08-13 13:17:00-04:00,777.3004150390625,777.3400268554688,777.2301025390625,777.2349853515625,26873
2026-08-13 13:18:00-04:00,777.22998046875,777.3499755859375,777.1799926757812,777.2844848632812,21639
2026-08-13 13:19:00-04:00,777.280029296875,777.4000244140625,777.25,777.4000244140625,23161
2026-08-13 13:20:00-04:00,777.405029296875,777.47998046875,777.32080078125,777.3350219726562,18721
2026-08-13 13:21:00-04:00,777.3300170898438,777.4099731445312,777.2999877929688,777.3773803710938,16327
2026-08-13 13:22:00-04:00,777.3699951171875,777.375,777.25,777.260009765625,48345
2026-08-13 13:23:00-04:00,777.260009765625,777.2899780273438,777.1727294921875,777.1849975585938,18074
2026-08-13 13:24:00-04:00,777.1699829101562,777.280029296875,777.1699829101562,777.280029296875,21294
2026-08-13 13:25:00-04:00,777.2899780273438,777.3099975585938,777.2000122070312,777.260009765625,19482
2026-08-13 13:26:00-04:00,777.27001953125,777.27001953125,777.125,777.1300048828125,28142
2026-08-13 13:27:00-04:00,777.125,777.239990234375,777.114990234375,777.1900024414062,34522
2026-08-13 13:28:00-04:00,777.1801147460938,777.27001953125,777.1799926757812,777.219970703125,32976
2026-08-13 13:29:00-04:00,777.2249755859375,777.239990234375,777.0900268554688,777.1099853515625,19843
2026-08-13 13:30:00-04:00,777.0999755859375,777.239990234375,777.0999755859375,777.2000122070312,27584
2026-08-13 13:31:00-04:00,777.2050170898438,777.2050170898438,777.0900268554688,777.1099853515625,18318
2026-08-13 13:32:00-04:00,777.094970703125,777.1099853515625,777.0399780273438,777.0700073242188,24781
2026-08-13 13:33:00-04:00,777.0700073242188,777.0900268554688,776.8300170898438,776.8798217773438,39567
2026-08-13 13:34:00-04:00,776.8699951171875,776.9749755859375,776.8499755859375,776.9299926757812,29116
2026-08-13 13:35:00-04:00,776.9299926757812,776.9349975585938,776.8300170898438,776.8800048828125,38511
2026-08-13 13:36:00-04:00,776.860107421875,776.9099731445312,776.8101196289062,776.844970703125,26669
2026-08-13 13:37:00-04:00,776.844970703125,776.8499755859375,776.6799926757812,776.6799926757812,46198
2026-08-13 13:38:00-04:00,776.6799926757812,776.780029296875,776.6649780273438,776.7750244140625,21945
2026-08-13 13:39:00-04:00,776.77001953125,776.7899780273438,776.6799926757812,776.7899780273438,36836
2026-08-13 13:40:00-04:00,776.7864990234375,776.9000244140625,776.7420043945312,776.8900146484375,27208
2026-08-13 13:41:00-04:00,776.880126953125,776.88623046875,776.760009765625,776.8099975585938,22798
2026-08-13 13:42:00-04:00,776.8099975585938,776.8200073242188,776.7100219726562,776.77001953125,21602
2026-08-13 13:43:00-04:00,776.760009765625,776.8200073242188,776.72998046875,776.7849731445312,24187
2026-08-13 13:44:00-04:00,776.7899780273438,776.7899780273438,776.6199951171875,776.6199951171875,19590
2026-08-13 13:45:00-04:00,776.6199951171875,776.9199829101562,776.6199951171875,776.8300170898438,30495
2026-08-13 13:46:00-04:00,776.8206787109375,776.8400268554688,776.780029296875,776.7994995117188,23588
2026-08-13 13:47:00-04:00,776.7949829101562,776.8400268554688,776.780029296875,776.8250122070312,16104
2026-08-13 13:48:00-04:00,776.8300170898438,776.9099731445312,776.7899780273438,776.8499755859375,23813
2026-08-13 13:49:00-04:00,776.8499755859375,776.8599853515625,776.7650146484375,776.8300170898438,15112
2026-08-13 13:50:00-04:00,776.8400268554688,776.9199829101562,776.827392578125,776.8900146484375,15303
2026-08-13 13:51:00-04:00,776.8900146484375,776.9299926757812,776.739990234375,776.7899780273438,20309
2026-08-13 13:52:00-04:00,776.7999877929688,776.8499755859375,776.739990234375,776.8499755859375,22584
2026-08-13 13:53:00-04:00,776.8400268554688,776.9099731445312,776.7899780273438,776.9000244140625,11957
2026-08-13 13:54:00-04:00,776.9000244140625,776.9000244140625,776.75,776.77001953125,16543
2026-08-13 13:55:00-04:00,776.780029296875,776.8099975585938,776.7000122070312,776.77001953125,43333
2026-08-13 13:56:00-04:00,776.7694702148438,776.7999877929688,776.6699829101562,776.6699829101562,26632
2026-08-13 13:57:00-04:00,776.6699829101562,776.8900146484375,776.6699829101562,776.8800048828125,36068
2026-08-13 13:58:00-04:00,776.8699951171875,776.9400024414062,776.844970703125,776.8900146484375,22390
2026-08-13 13:59:00-04:00,776.8699951171875,776.8699951171875,776.72998046875,776.7449951171875,20229
2026-08-13 14:00:00-04:00,776.75,776.9400024414062,776.739990234375,776.8099975585938,25061
2026-08-13 14:01:00-04:00,776.8200073242188,776.8699951171875,776.7750244140625,776.7750244140625,18220
2026-08-13 14:02:00-04:00,776.780029296875,776.9000244140625,776.760009765625,776.7899780273438,26553
2026-08-13 14:03:00-04:00,776.7899780273438,776.9000244140625,776.760009765625,776.8900146484375,42214
2026-08-13 14:04:00-04:00,776.8900146484375,776.9299926757812,776.8300170898438,776.9099731445312,25279
2026-08-13 14:05:00-04:00,776.9299926757812,777.0399780273438,776.9099731445312,777.010009765625,65311
2026-08-13 14:06:00-04:00,777.02001953125,777.0399780273438,776.8400268554688,776.8400268554688,45894
2026-08-13 14:07:00-04:00,776.8499755859375,776.9299926757812,776.7999877929688,776.8250122070312,172005
2026-08-13 14:08:00-04:00,776.8250122070312,776.9000244140625,776.7999877929688,776.8300170898438,30895
2026-08-13 14:09:00-04:00,776.8200073242188,776.85498046875,776.8099975585938,776.8300170898438,21824
2026-08-13 14:10:00-04:00,776.8200073242188,776.9249877929688,776.6599731445312,776.8900146484375,42845
2026-08-13 14:11:00-04:00,776.9089965820312,776.989990234375,776.8499755859375,776.97998046875,52191
2026-08-13 14:12:00-04:00,776.989990234375,777.1400146484375,776.97998046875,777.0599975585938,58754
2026-08-13 14:13:00-04:00,777.0592041015625,777.1129760742188,777.0399780273438,777.0650024414062,24889
2026-08-13 14:14:00-04:00,777.0499877929688,777.1099853515625,777.0,777.0800170898438,22443
2026-08-13 14:15:00-04:00,777.0750122070312,777.1699829101562,777.0750122070312,777.0850219726562,43056
2026-08-13 14:16:00-04:00,777.0900268554688,777.0900268554688,776.9600219726562,776.9700927734375,308642
2026-08-13 14:17:00-04:00,776.969970703125,777.0499877929688,776.9199829101562,776.989990234375,58967
2026-08-13 14:18:00-04:00,777.0,777.0198974609375,776.9400024414062,776.9400024414062,25872
2026-08-13 14:19:00-04:00,776.9349975585938,776.97998046875,776.8900146484375,776.9500122070312,32342
2026-08-13 14:20:00-04:00,776.9299926757812,776.989990234375,776.8499755859375,776.97998046875,46618
2026-08-13 14:21:00-04:00,776.97998046875,776.97998046875,776.8699951171875,776.9299926757812,48365
2026-08-13 14:22:00-04:00,776.9400024414062,776.9500122070312,776.8900146484375,776.9450073242188,46307
2026-08-13 14:23:00-04:00,776.9450073242188,776.97998046875,776.780029296875,776.7899780273438,45442
2026-08-13 14:24:00-04:00,776.8099975585938,776.8099975585938,776.6799926757812,776.719970703125,38696
2026-08-13 14:25:00-04:00,776.72998046875,776.9000244140625,776.7100219726562,776.7999877929688,35229
2026-08-13 14:26:00-04:00,776.780029296875,776.9400024414062,776.780029296875,776.9099731445312,85256
2026-08-13 14:27:00-04:00,776.9099731445312,776.9299926757812,776.8200073242188,776.8800048828125,56681
2026-08-13 14:28:00-04:00,776.875,777.0449829101562,776.864990234375,777.0322875976562,38297
2026-08-13 14:29:00-04:00,777.030029296875,777.030029296875,776.969970703125,776.97998046875,38276
2026-08-13 14:30:00-04:00,776.989990234375,777.1649780273438,776.989990234375,777.1199951171875,53508
2026-08-13 14:31:00-04:00,777.1199951171875,777.1900024414062,777.0999755859375,777.1300048828125,49249
2026-08-13 14:32:00-04:00,777.1400146484375,777.1500244140625,777.0800170898438,777.0999755859375,32798
2026-08-13 14:33:00-04:00,777.0900268554688,777.25,777.0900268554688,777.239990234375,62904
2026-08-13 14:34:00-04:00,777.239990234375,777.260009765625,777.155029296875,777.2368774414062,38490
2026-08-13 14:35:00-04:00,777.25,777.3300170898438,777.2000122070312,777.3298950195312,70345
2026-08-13 14:36:00-04:00,777.3300170898438,777.385009765625,777.27001953125,777.2739868164062,47553
2026-08-13 14:37:00-04:00,777.2899780273438,777.3599853515625,777.2899780273438,777.3099975585938,51882
2026-08-13 14:38:00-04:00,777.2999877929688,777.409912109375,777.2999877929688,777.409912109375,42740
2026-08-13 14:39:00-04:00,777.4099731445312,777.4199829101562,777.3200073242188,777.4000244140625,40469
2026-08-13 14:40:00-04:00,777.4099731445312,777.4600219726562,777.3599853515625,777.4199829101562,35036
2026-08-13 14:41:00-04:00,777.4099731445312,777.6699829101562,777.4000244140625,777.6500244140625,73081
2026-08-13 14:42:00-04:00,777.6599731445312,777.739990234375,777.6199951171875,777.6400146484375,58236
2026-08-13 14:43:00-04:00,777.6300048828125,777.6500244140625,777.5700073242188,777.60498046875,33169
2026-08-13 14:44:00-04:00,777.6099853515625,777.6900024414062,777.5999755859375,777.6174926757812,51635
2026-08-13 14:45:00-04:00,777.614990234375,777.719970703125,777.6099853515625,777.6699829101562,30192
2026-08-13 14:46:00-04:00,777.6699829101562,777.72998046875,777.6055297851562,777.72998046875,36706
2026-08-13 14:47:00-04:00,777.719970703125,777.760009765625,777.7000732421875,777.72998046875,34517
2026-08-13 14:48:00-04:00,777.72998046875,777.75,777.6500244140625,777.6699829101562,41883
2026-08-13 14:49:00-04:00,777.6749877929688,777.7550048828125,777.6649780273438,777.75,22854
2026-08-13 14:50:00-04:00,777.75,777.8250122070312,777.7100219726562,777.760009765625,61937
2026-08-13 14:51:00-04:00,777.7650146484375,777.7999877929688,777.719970703125,777.72998046875,24445
2026-08-13 14:52:00-04:00,777.739990234375,777.780029296875,777.6300048828125,777.780029296875,46754
2026-08-13 14:53:00-04:00,777.780029296875,777.8800048828125,777.780029296875,777.8599853515625,34394
2026-08-13 14:54:00-04:00,777.85498046875,777.9299926757812,777.85498046875,777.8699951171875,76785
2026-08-13 14:55:00-04:00,777.8699951171875,777.9199829101562,777.8300170898438,777.8400268554688,27157
2026-08-13 14:56:00-04:00,777.8400268554688,777.9199829101562,777.8300170898438,777.85498046875,50176
2026-08-13 14:57:00-04:00,777.8400268554688,777.8800048828125,777.72998046875,777.75,28191
2026-08-13 14:58:00-04:00,777.7349853515625,777.77001953125,777.6699829101562,777.719970703125,40691
2026-08-13 14:59:00-04:00,777.72998046875,777.760009765625,777.6849975585938,777.739990234375,30630
2026-08-13 15:00:00-04:00,777.75,777.8800048828125,777.719970703125,777.8400268554688,45957
2026-08-13 15:01:00-04:00,777.8400268554688,777.9199829101562,777.8300170898438,777.9099731445312,68078
2026-08-13 15:02:00-04:00,777.9000244140625,777.9299926757812,777.8800048828125,777.89990234375,35499
2026-08-13 15:03:00-04:00,777.8800048828125,777.9301147460938,777.8599853515625,777.9301147460938,98000
2026-08-13 15:04:00-04:00,777.9299926757812,777.9299926757812,777.8499755859375,777.8800048828125,44494
2026-08-13 15:05:00-04:00,777.8800048828125,777.9600219726562,777.7999877929688,777.9500122070312,64172
2026-08-13 15:06:00-04:00,777.9500122070312,778.1683959960938,777.9500122070312,778.1400146484375,61253
2026-08-13 15:07:00-04:00,778.14501953125,778.219970703125,778.1400146484375,778.1799926757812,39919
2026-08-13 15:08:00-04:00,778.1900024414062,778.3699951171875,778.1699829101562,778.3099975585938,85261
2026-08-13 15:09:00-04:00,778.2999877929688,778.4299926757812,778.271484375,778.35498046875,58602
2026-08-13 15:10:00-04:00,778.3599853515625,778.3599853515625,778.239990234375,778.25,48413
2026-08-13 15:11:00-04:00,778.239990234375,778.2899780273438,778.1799926757812,778.260009765625,53079
2026-08-13 15:12:00-04:00,778.25,778.25,778.0399780273438,778.0499877929688,118838
2026-08-13 15:13:00-04:00,778.0399780273438,778.0700073242188,777.8400268554688,777.844970703125,117109
2026-08-13 15:14:00-04:00,777.844970703125,777.969970703125,777.8410034179688,777.9600219726562,61900
2026-08-13 15:15:00-04:00,777.9500122070312,777.989990234375,777.7899780273438,777.97998046875,83389
2026-08-13 15:16:00-04:00,777.981201171875,778.02001953125,777.7999877929688,777.8699951171875,56653
2026-08-13 15:17:00-04:00,777.860107421875,777.989990234375,777.8200073242188,777.969970703125,50781
2026-08-13 15:18:00-04:00,777.9650268554688,778.094970703125,777.9400024414062,778.0700073242188,96819
2026-08-13 15:19:00-04:00,778.0700073242188,778.1500244140625,778.0,778.1500244140625,182495
2026-08-13 15:20:00-04:00,778.14501953125,778.27001953125,778.1400146484375,778.25,87470
2026-08-13 15:21:00-04:00,778.2550048828125,778.27001953125,778.1300048828125,778.1901245117188,58635
2026-08-13 15:22:00-04:00,778.1950073242188,778.2999877929688,778.1950073242188,778.280029296875,51927
2026-08-13 15:23:00-04:00,778.2899780273438,778.3150024414062,778.25,778.2650146484375,40060
2026-08-13 15:24:00-04:00,778.27001953125,778.3300170898438,778.2000122070312,778.2949829101562,80481
2026-08-13 15:25:00-04:00,778.2899780273438,778.3699951171875,778.1500244140625,778.1699829101562,58528
2026-08-13 15:26:00-04:00,778.1699829101562,778.1799926757812,778.0150146484375,778.0599975585938,82238
2026-08-13 15:27:00-04:00,778.0650024414062,778.1500244140625,777.989990234375,778.1400146484375,61553
2026-08-13 15:28:00-04:00,778.1400146484375,778.2000122070312,778.1300048828125,778.1400146484375,53522
2026-08-13 15:29:00-04:00,778.1400146484375,778.1699829101562,777.97998046875,778.0300903320312,56902
2026-08-13 15:30:00-04:00,778.030029296875,778.2349853515625,777.9500122070312,778.2249755859375,118160
2026-08-13 15:31:00-04:00,778.2249755859375,778.239990234375,778.0999755859375,778.10009765625,87051
2026-08-13 15:32:00-04:00,778.0999755859375,778.2100219726562,778.0449829101562,778.0700073242188,215945
2026-08-13 15:33:00-04:00,778.0700073242188,778.1599731445312,778.030029296875,778.0399780273438,76464
2026-08-13 15:34:00-04:00,778.030029296875,778.0800170898438,777.97998046875,778.0399780273438,151259
2026-08-13 15:35:00-04:00,778.0399780273438,778.0599975585938,777.8400268554688,777.8499755859375,158164
2026-08-13 15:36:00-04:00,777.8400268554688,777.9000244140625,777.7999877929688,777.8200073242188,165065
2026-08-13 15:37:00-04:00,777.8099975585938,777.8900146484375,777.72998046875,777.8300170898438,107306
2026-08-13 15:38:00-04:00,777.8200073242188,777.9349975585938,777.8200073242188,777.844970703125,526400
2026-08-13 15:39:00-04:00,777.8400268554688,777.9550170898438,777.8099975585938,777.9550170898438,98608
2026-08-13 15:40:00-04:00,777.9600219726562,778.0150146484375,777.89501953125,777.9099731445312,79455
2026-08-13 15:41:00-04:00,777.9249877929688,777.969970703125,777.8300170898438,777.951904296875,78472
2026-08-13 15:42:00-04:00,777.9550170898438,778.030029296875,777.8400268554688,777.8499755859375,68352
2026-08-13 15:43:00-04:00,777.8599853515625,777.8800048828125,777.760009765625,777.8599853515625,59865
2026-08-13 15:44:00-04:00,777.8599853515625,777.8800048828125,777.6900024414062,777.719970703125,108392
2026-08-13 15:45:00-04:00,777.7100219726562,777.7999877929688,777.6715698242188,777.7100219726562,195013
2026-08-13 15:46:00-04:00,777.72998046875,777.8200073242188,777.719970703125,777.8200073242188,121277
2026-08-13 15:47:00-04:00,777.8099975585938,777.8200073242188,777.6900024414062,777.6900024414062,91506
2026-08-13 15:48:00-04:00,777.6900024414062,777.75,777.6400146484375,777.739990234375,165174
2026-08-13 15:49:00-04:00,777.739990234375,777.7999877929688,777.6400146484375,777.77001953125,142616
2026-08-13 15:50:00-04:00,777.75,777.75,777.4500122070312,777.4600219726562,172343
2026-08-13 15:51:00-04:00,777.4600219726562,777.489990234375,777.3499755859375,777.4199829101562,292059
2026-08-13 15:52:00-04:00,777.4199829101562,777.530029296875,777.4000244140625,777.4500122070312,396772
2026-08-13 15:53:00-04:00,777.4400024414062,777.5599975585938,777.4000244140625,777.532470703125,332543
2026-08-13 15:54:00-04:00,777.5499877929688,777.7100219726562,777.5,777.5150146484375,215056
2026-08-13 15:55:00-04:00,777.530029296875,777.6099853515625,777.364990234375,777.5399780273438,336220
2026-08-13 15:56:00-04:00,777.5399780273438,777.5499877929688,777.47998046875,777.5449829101562,165907
2026-08-13 15:57:00-04:00,777.5399780273438,777.72998046875,777.530029296875,777.6400146484375,398288
2026-08-13 15:58:00-04:00,777.6300048828125,777.7000122070312,777.5499877929688,777.6699829101562,641414
2026-08-13 15:59:00-04:00,777.6599731445312,777.9349975585938,777.530029296875,777.780029296875,1239796
2026-08-14 09:30:00-04:00,778.5399780273438,778.5800170898438,777.9199829101562,778.02001953125,860016
2026-08-14 09:31:00-04:00,778.010009765625,778.4400024414062,777.9199829101562,778.4000244140625,107870
2026-08-14 09:32:00-04:00,778.385009765625,778.5050048828125,778.2100219726562,778.3200073242188,65900
2026-08-14 09:33:00-04:00,778.280029296875,778.2899780273438,778.030029296875,778.1400146484375,78071
2026-08-14 09:34:00-04:00,778.1500244140625,778.239990234375,778.0449829101562,778.1900024414062,49077
2026-08-14 09:35:00-04:00,778.1649780273438,778.280029296875,778.0999755859375,778.1599731445312,76870
2026-08-14 09:36:00-04:00,778.1599731445312,778.2050170898438,777.760009765625,777.8049926757812,99971
2026-08-14 09:37:00-04:00,777.7999877929688,777.9099731445312,777.6599731445312,777.8499755859375,149595
2026-08-14 09:38:00-04:00,777.8499755859375,777.989990234375,777.77001953125,777.89501953125,99251
2026-08-14 09:39:00-04:00,777.89501953125,778.0399780273438,777.8200073242188,778.02001953125,53109
2026-08-14 09:40:00-04:00,778.0399780273438,778.0700073242188,777.8200073242188,777.9349975585938,237864
2026-08-14 09:41:00-04:00,777.9400024414062,778.1900024414062,777.8599853515625,778.0800170898438,47724
2026-08-14 09:42:00-04:00,778.0900268554688,778.3660278320312,778.0499877929688,778.3480224609375,53334
2026-08-14 09:43:00-04:00,778.3400268554688,778.4299926757812,778.2949829101562,778.3599853515625,89811
2026-08-14 09:44:00-04:00,778.3800048828125,778.4849853515625,778.3499755859375,778.3800048828125,81138
2026-08-14 09:45:00-04:00,778.3900146484375,778.5999755859375,778.3200073242188,778.489990234375,76402
2026-08-14 09:46:00-04:00,778.469970703125,778.5,778.0,778.0675048828125,87616
2026-08-14 09:47:00-04:00,778.0650024414062,778.10498046875,777.88037109375,778.0850219726562,89099
2026-08-14 09:48:00-04:00,778.0800170898438,778.219970703125,778.0,778.0900268554688,39171
2026-08-14 09:49:00-04:00,778.0800170898438,778.1199951171875,777.9400024414062,777.9500122070312,43050
2026-08-14 09:50:00-04:00,777.9600219726562,778.0800170898438,777.885009765625,778.0798950195312,56143
2026-08-14 09:51:00-04:00,778.0791015625,778.530029296875,777.8099975585938,778.4199829101562,185981
2026-08-14 09:52:00-04:00,778.4110107421875,778.5999755859375,778.4110107421875,778.4500122070312,51671
2026-08-14 09:53:00-04:00,778.4500122070312,778.469970703125,778.280029296875,778.4600219726562,56636
2026-08-14 09:54:00-04:00,778.4650268554688,778.5756225585938,778.4400024414062,778.469970703125,34505
2026-08-14 09:55:00-04:00,778.469970703125,778.469970703125,778.260009765625,778.3909912109375,43189
2026-08-14 09:56:00-04:00,778.3699951171875,778.4099731445312,778.2449951171875,778.3784790039062,54458
2026-08-14 09:57:00-04:00,778.3800048828125,778.4249877929688,778.1500244140625,778.2000122070312,37484
2026-08-14 09:58:00-04:00,778.2000122070312,778.2899780273438,778.0999755859375,778.280029296875,40672
2026-08-14 09:59:00-04:00,778.2999877929688,778.510009765625,778.1900024414062,778.4299926757812,52475
2026-08-14 10:00:00-04:00,778.4199829101562,778.510009765625,778.1599731445312,778.3800048828125,61787
2026-08-14 10:01:00-04:00,778.4000244140625,778.4500122070312,778.27001953125,778.2899780273438,39437
2026-08-14 10:02:00-04:00,778.27001953125,778.4699096679688,778.22998046875,778.4600219726562,48449
2026-08-14 10:03:00-04:00,778.4400024414062,778.4500122070312,778.2949829101562,778.3800048828125,38009
2026-08-14 10:04:00-04:00,778.3699951171875,778.5900268554688,778.3300170898438,778.5499877929688,44976
2026-08-14 10:05:00-04:00,778.5499877929688,778.739990234375,778.52001953125,778.72998046875,63482
2026-08-14 10:06:00-04:00,778.719970703125,778.7550048828125,778.6600952148438,778.6801147460938,32122
2026-08-14 10:07:00-04:00,778.6799926757812,778.719970703125,778.6300048828125,778.7100219726562,44901
2026-08-14 10:08:00-04:00,778.719970703125,778.7999877929688,778.5599975585938,778.5700073242188,76230
2026-08-14 10:09:00-04:00,778.5650024414062,778.72998046875,778.469970703125,778.52001953125,58190
2026-08-14 10:10:00-04:00,778.530029296875,778.6799926757812,778.4000244140625,778.4099731445312,38743
2026-08-14 10:11:00-04:00,778.4600219726562,778.530029296875,778.3099975585938,778.52001953125,25001
2026-08-14 10:12:00-04:00,778.510009765625,778.639404296875,778.4299926757812,778.5900268554688,40598
2026-08-14 10:13:00-04:00,778.5845947265625,778.6599731445312,778.4400024414062,778.489990234375,63187
2026-08-14 10:14:00-04:00,778.5,778.5999755859375,778.280029296875,778.280029296875,38097
2026-08-14 10:15:00-04:00,778.2750244140625,778.3400268554688,778.10498046875,778.22998046875,66213
2026-08-14 10:16:00-04:00,778.219970703125,778.2550048828125,778.0,778.1900024414062,70200
2026-08-14 10:17:00-04:00,778.1799926757812,778.260009765625,778.110107421875,778.1799926757812,38999
2026-08-14 10:18:00-04:00,778.1400146484375,778.1599731445312,777.8900146484375,777.9949951171875,79859
2026-08-14 10:19:00-04:00,778.0,778.0599975585938,777.7650146484375,777.8101196289062,98025
2026-08-14 10:20:00-04:00,777.8099975585938,777.9099731445312,777.6599731445312,777.7999877929688,85774
2026-08-14 10:21:00-04:00,777.7999877929688,777.8200073242188,777.3800048828125,777.6599731445312,129370
2026-08-14 10:22:00-04:00,777.6500244140625,777.6500244140625,777.4299926757812,777.5700073242188,63745
2026-08-14 10:23:00-04:00,777.5650024414062,777.7000122070312,777.47998046875,777.4949951171875,68485
2026-08-14 10:24:00-04:00,777.5,777.6099853515625,777.4199829101562,777.530029296875,66877
2026-08-14 10:25:00-04:00,777.527099609375,777.619873046875,777.4099731445312,777.4749755859375,47718
2026-08-14 10:26:00-04:00,777.4749755859375,777.530029296875,777.2999877929688,777.3400268554688,126375
2026-08-14 10:27:00-04:00,777.3499755859375,777.469970703125,777.2474975585938,777.3200073242188,54360
2026-08-14 10:28:00-04:00,777.2999877929688,777.3300170898438,777.1300048828125,777.260009765625,78983
2026-08-14 10:29:00-04:00,777.25,777.4299926757812,777.1300048828125,777.4099731445312,74078
2026-08-14 10:30:00-04:00,777.4000244140625,777.47998046875,776.9400024414062,776.9500122070312,126053
2026-08-14 10:31:00-04:00,776.9400024414062,777.1300048828125,776.8599853515625,777.0700073242188,103275
2026-08-14 10:32:00-04:00,777.0700073242188,777.1500244140625,776.8499755859375,776.967529296875,82290
2026-08-14 10:33:00-04:00,776.97998046875,776.99951171875,776.8200073242188,776.85498046875,53549
2026-08-14 10:34:00-04:00,776.8599853515625,776.9990844726562,776.8200073242188,776.8699951171875,70125
2026-08-14 10:35:00-04:00,776.8599853515625,777.0800170898438,776.8400268554688,777.02001953125,57536
2026-08-14 10:36:00-04:00,777.02001953125,777.2999877929688,776.9849853515625,777.2899780273438,103387
2026-08-14 10:37:00-04:00,777.2949829101562,777.4000244140625,777.1049194335938,777.1049194335938,48779
2026-08-14 10:38:00-04:00,777.0750122070312,777.280029296875,777.0750122070312,777.209716796875,37244
2026-08-14 10:39:00-04:00,777.22998046875,777.4400024414062,777.1699829101562,777.4000244140625,30669
2026-08-14 10:40:00-04:00,777.375,777.375,777.0399780273438,777.1099853515625,46044
2026-08-14 10:41:00-04:00,777.0700073242188,777.1300048828125,777.010009765625,777.1300048828125,49707
2026-08-14 10:42:00-04:00,777.1199951171875,777.239990234375,777.030029296875,777.1699829101562,73232
2026-08-14 10:43:00-04:00,777.1749877929688,777.239990234375,777.0650024414062,777.0900268554688,30354
2026-08-14 10:44:00-04:00,777.0800170898438,777.1699829101562,777.0150146484375,777.1300048828125,25932
2026-08-14 10:45:00-04:00,777.1199951171875,777.239990234375,777.030029296875,777.1199951171875,40042
2026-08-14 10:46:00-04:00,777.1500244140625,777.4000244140625,777.125,777.3099975585938,86505
2026-08-14 10:47:00-04:00,777.3099975585938,777.4299926757812,777.260009765625,777.2800903320312,42585
2026-08-14 10:48:00-04:00,777.3099975585938,777.4099731445312,777.280029296875,777.3400268554688,55517
2026-08-14 10:49:00-04:00,777.3400268554688,777.3400268554688,777.2000122070312,777.260009765625,73831
2026-08-14 10:50:00-04:00,777.2449951171875,777.3099975585938,777.1500244140625,777.2598876953125,53643
2026-08-14 10:51:00-04:00,777.239990234375,777.3099975585938,777.1699829101562,777.25,36463
2026-08-14 10:52:00-04:00,777.25,777.3400268554688,777.1849975585938,777.3200073242188,63503
2026-08-14 10:53:00-04:00,777.3099975585938,777.4392700195312,777.0499877929688,777.0601196289062,61589
2026-08-14 10:54:00-04:00,777.0700073242188,777.155029296875,776.9880981445312,777.0150146484375,38780
2026-08-14 10:55:00-04:00,777.02001953125,777.1400146484375,776.969970703125,777.1300048828125,32327
2026-08-14 10:56:00-04:00,777.1199951171875,777.1500244140625,776.9400024414062,776.9500122070312,40156
2026-08-14 10:57:00-04:00,776.9600219726562,777.0900268554688,776.9199829101562,776.9749755859375,24368
2026-08-14 10:58:00-04:00,776.97998046875,776.989990234375,776.9000244140625,776.9199829101562,40385
2026-08-14 10:59:00-04:00,776.9349975585938,776.9349975585938,776.739990234375,776.739990234375,62069
2026-08-14 11:00:00-04:00,776.7449951171875,777.0399780273438,776.7100219726562,777.0399780273438,49097
2026-08-14 11:01:00-04:00,777.0399780273438,777.1099853515625,776.8499755859375,777.010009765625,40030
2026-08-14 11:02:00-04:00,777.0250244140625,777.0750122070312,776.8001098632812,776.8300170898438,26143
2026-08-14 11:03:00-04:00,776.8400268554688,776.9600219726562,776.8200073242188,776.8900146484375,32163
2026-08-14 11:04:00-04:00,776.8900146484375,777.010009765625,776.7999877929688,776.9400024414062,38867
2026-08-14 11:05:00-04:00,776.9299926757812,777.0499877929688,776.9199829101562,777.010009765625,29586
2026-08-14 11:06:00-04:00,776.9879760742188,777.0599975585938,776.8400268554688,776.9099731445312,43844
2026-08-14 11:07:00-04:00,776.8900146484375,776.97998046875,776.7999877929688,776.8099975585938,29352
2026-08-14 11:08:00-04:00,776.8099975585938,776.8200073242188,776.6300048828125,776.64990234375,74759
2026-08-14 11:09:00-04:00,776.630126953125,776.7399291992188,776.5700073242188,776.6599731445312,46395
2026-08-14 11:10:00-04:00,776.6699829101562,776.739990234375,776.5700073242188,776.6500244140625,65337
2026-08-14 11:11:00-04:00,776.64501953125,776.780029296875,776.6099853515625,776.6699829101562,38062
2026-08-14 11:12:00-04:00,776.6799926757812,776.760009765625,776.5900268554688,776.760009765625,46185
2026-08-14 11:13:00-04:00,776.760009765625,776.780029296875,776.6199951171875,776.655029296875,35430
2026-08-14 11:14:00-04:00,776.655029296875,776.6699829101562,776.4199829101562,776.4550170898438,53173
2026-08-14 11:15:00-04:00,776.4500122070312,776.6199951171875,776.4450073242188,776.5150146484375,45805
2026-08-14 11:16:00-04:00,776.5050048828125,776.5399780273438,776.4299926757812,776.5399780273438,85356
2026-08-14 11:17:00-04:00,776.5399780273438,776.6199951171875,776.469970703125,776.5900268554688,36497
2026-08-14 11:18:00-04:00,776.5700073242188,776.6900024414062,776.5700073242188,776.6699829101562,55299
2026-08-14 11:19:00-04:00,776.6599731445312,776.6699829101562,776.5,776.5900268554688,43012
2026-08-14 11:20:00-04:00,776.5900268554688,776.6500244140625,776.5399780273438,776.5700073242188,36447
2026-08-14 11:21:00-04:00,776.5599975585938,776.5599975585938,776.3150024414062,776.3200073242188,99735
2026-08-14 11:22:00-04:00,776.3049926757812,776.35498046875,776.1400146484375,776.1699829101562,95511
2026-08-14 11:23:00-04:00,776.1699829101562,776.2550048828125,776.1400146484375,776.2150268554688,108831
2026-08-14 11:24:00-04:00,776.2100219726562,776.2100219726562,775.989990234375,776.0017700195312,122664
2026-08-14 11:25:00-04:00,776.0,776.1300048828125,775.9849853515625,776.010009765625,80470
2026-08-14 11:26:00-04:00,776.02001953125,776.0599975585938,775.8599853515625,776.010009765625,96553
2026-08-14 11:27:00-04:00,776.0150146484375,776.125,775.9749755859375,776.0700073242188,102516
2026-08-14 11:28:00-04:00,776.0599975585938,776.1400146484375,776.0,776.02001953125,83747
2026-08-14 11:29:00-04:00,776.02001953125,776.2999877929688,776.02001953125,776.2999877929688,122168
2026-08-14 11:30:00-04:00,776.2899780273438,776.4149780273438,776.1649780273438,776.2100219726562,164725
2026-08-14 11:31:00-04:00,776.2100219726562,776.25,776.010009765625,776.0499877929688,75017
2026-08-14 11:32:00-04:00,776.0549926757812,776.22998046875,776.010009765625,776.1500244140625,70520
2026-08-14 11:33:00-04:00,776.14501953125,776.239990234375,776.0399780273438,776.0800170898438,47120
2026-08-14 11:34:00-04:00,776.0800170898438,776.1900024414062,776.0700073242188,776.1699829101562,73060
2026-08-14 11:35:00-04:00,776.1799926757812,776.3200073242188,776.1599731445312,776.3099975585938,108769
2026-08-14 11:36:00-04:00,776.3200073242188,776.4600219726562,776.219970703125,776.239990234375,99961
2026-08-14 11:37:00-04:00,776.2249755859375,776.2249755859375,776.0599975585938,776.14501953125,44396
2026-08-14 11:38:00-04:00,776.1400146484375,776.3099975585938,776.0800170898438,776.27001953125,56958
2026-08-14 11:39:00-04:00,776.280029296875,776.3300170898438,776.0618286132812,776.0618286132812,70991
2026-08-14 11:40:00-04:00,776.0900268554688,776.1300048828125,775.9249877929688,775.9650268554688,59401
2026-08-14 11:41:00-04:00,775.9600219726562,776.0289916992188,775.8699951171875,775.9199829101562,72468
2026-08-14 11:42:00-04:00,775.909912109375,775.97998046875,775.8499755859375,775.8834228515625,57156
2026-08-14 11:43:00-04:00,775.9000244140625,775.9400024414062,775.864990234375,775.9000244140625,48117
2026-08-14 11:44:00-04:00,775.9099731445312,776.094970703125,775.905029296875,776.0499877929688,112705
2026-08-14 11:45:00-04:00,776.0549926757812,776.3150024414062,776.0499877929688,776.3099975585938,66294
2026-08-14 11:46:00-04:00,776.3099975585938,776.3699951171875,776.280029296875,776.3200073242188,101162
2026-08-14 11:47:00-04:00,776.3300170898438,776.3300170898438,776.0900268554688,776.0900268554688,57917
2026-08-14 11:48:00-04:00,776.0800170898438,776.1699829101562,775.8599853515625,775.9099731445312,64129
2026-08-14 11:49:00-04:00,775.9099731445312,775.9500122070312,775.8599853515625,775.8900146484375,57121
2026-08-14 11:50:00-04:00,775.8800048828125,775.969970703125,775.8300170898438,775.969970703125,68537
2026-08-14 11:51:00-04:00,775.9600219726562,775.99951171875,775.8099975585938,775.9949951171875,57267
2026-08-14 11:52:00-04:00,776.0,776.1533203125,775.9500122070312,776.14501953125,71975
2026-08-14 11:53:00-04:00,776.1400756835938,776.1599731445312,776.010009765625,776.1300048828125,74806
2026-08-14 11:54:00-04:00,776.1400146484375,776.2100219726562,776.1099853515625,776.114990234375,86320
2026-08-14 11:55:00-04:00,776.1199951171875,776.22998046875,776.1099853515625,776.1699829101562,50915
2026-08-14 11:56:00-04:00,776.155029296875,776.1900024414062,776.0499877929688,776.1300048828125,37590
2026-08-14 11:57:00-04:00,776.1300048828125,776.219970703125,776.02001953125,776.219970703125,46570
2026-08-14 11:58:00-04:00,776.22998046875,776.3499755859375,776.1900024414062,776.1900024414062,49997
2026-08-14 11:59:00-04:00,776.2000122070312,776.2691040039062,776.2000122070312,776.219970703125,33774
2026-08-14 12:00:00-04:00,776.22998046875,776.5399780273438,776.22998046875,776.5399780273438,54096
2026-08-14 12:01:00-04:00,776.5302124023438,776.5499877929688,776.4149780273438,776.4349975585938,65550
2026-08-14 12:02:00-04:00,776.4299926757812,776.4600219726562,776.3300170898438,776.3499755859375,43820
2026-08-14 12:03:00-04:00,776.3699951171875,776.4987182617188,776.280029296875,776.4987182617188,40350
2026-08-14 12:04:00-04:00,776.5,776.5900268554688,776.3900146484375,776.4398803710938,79504
2026-08-14 12:05:00-04:00,776.4099731445312,776.510009765625,776.3699951171875,776.4400024414062,34637
2026-08-14 12:06:00-04:00,776.4400024414062,776.4400024414062,776.2999877929688,776.3800048828125,36776
2026-08-14 12:07:00-04:00,776.3900146484375,776.5,776.3699951171875,776.3800048828125,48353
2026-08-14 12:08:00-04:00,776.4000244140625,776.4417724609375,776.2999877929688,776.2999877929688,31506
2026-08-14 12:09:00-04:00,776.2849731445312,776.3300170898438,776.0999755859375,776.239990234375,38022
2026-08-14 12:10:00-04:00,776.236328125,776.3200073242188,776.1699829101562,776.3150024414062,26449
2026-08-14 12:11:00-04:00,776.3200073242188,776.3300170898438,776.1849975585938,776.27001953125,32134
2026-08-14 12:12:00-04:00,776.27001953125,776.4299926757812,776.22998046875,776.4149780273438,175244
2026-08-14 12:13:00-04:00,776.4199829101562,776.469970703125,776.3099975585938,776.4550170898438,58635
2026-08-14 12:14:00-04:00,776.4500122070312,776.5599975585938,776.4299926757812,776.5499877929688,67427
2026-08-14 12:15:00-04:00,776.5499877929688,776.6599731445312,776.5499877929688,776.5936279296875,66550
2026-08-14 12:16:00-04:00,776.5999755859375,776.635009765625,776.5599975585938,776.635009765625,51712
2026-08-14 12:17:00-04:00,776.6300048828125,776.7100219726562,776.530029296875,776.7100219726562,70068
2026-08-14 12:18:00-04:00,776.7050170898438,776.75,776.6749877929688,776.7050170898438,101318
2026-08-14 12:19:00-04:00,776.7000122070312,776.7299194335938,776.5399780273438,776.5900268554688,173403
2026-08-14 12:20:00-04:00,776.5900268554688,776.5999145507812,776.4400024414062,776.5499877929688,54894
2026-08-14 12:21:00-04:00,776.5449829101562,776.7000122070312,776.5100708007812,776.6900024414062,47600
2026-08-14 12:22:00-04:00,776.6799926757812,776.6799926757812,776.5800170898438,776.5800170898438,27108
2026-08-14 12:23:00-04:00,776.5850219726562,776.6099853515625,776.52001953125,776.5650024414062,27733
2026-08-14 12:24:00-04:00,776.5651245117188,776.6795043945312,776.5499877929688,776.6699829101562,51609
2026-08-14 12:25:00-04:00,776.6749877929688,776.6799926757812,776.6224975585938,776.6799926757812,49198
2026-08-14 12:26:00-04:00,776.7000122070312,776.8200073242188,776.6799926757812,776.719970703125,50641
2026-08-14 12:27:00-04:00,776.739990234375,776.780029296875,776.655029296875,776.7100219726562,38684
2026-08-14 12:28:00-04:00,776.7030029296875,776.719970703125,776.6199951171875,776.6799926757812,33431
2026-08-14 12:29:00-04:00,776.6699829101562,776.760009765625,776.6500244140625,776.7100219726562,34665
2026-08-14 12:30:00-04:00,776.7000122070312,776.7349853515625,776.5700073242188,776.6898803710938,87226
2026-08-14 12:31:00-04:00,776.6900024414062,776.6900024414062,776.4600219726562,776.4949951171875,44882
2026-08-14 12:32:00-04:00,776.4949951171875,776.4949951171875,776.3300170898438,776.35498046875,57150
2026-08-14 12:33:00-04:00,776.3599853515625,776.4000244140625,776.2999877929688,776.4000244140625,44386
2026-08-14 12:34:00-04:00,776.3900146484375,776.4299926757812,776.3150024414062,776.375,32870
2026-08-14 12:35:00-04:00,776.3800048828125,776.47998046875,776.3400268554688,776.4349975585938,36694
2026-08-14 12:36:00-04:00,776.4400024414062,776.5599975585938,776.375,776.5499877929688,30801
2026-08-14 12:37:00-04:00,776.5599975585938,776.6300048828125,776.5399780273438,776.5900268554688,45473
2026-08-14 12:38:00-04:00,776.5900268554688,776.5999755859375,776.4600219726562,776.530029296875,52721
2026-08-14 12:39:00-04:00,776.530029296875,776.530029296875,776.4199829101562,776.469970703125,37258
2026-08-14 12:40:00-04:00,776.489990234375,776.489990234375,776.4000244140625,776.4149780273438,27742
2026-08-14 12:41:00-04:00,776.4199829101562,776.4199829101562,776.2249755859375,776.3499755859375,47157
2026-08-14 12:42:00-04:00,776.3499755859375,776.3599853515625,776.260009765625,776.3049926757812,26062
2026-08-14 12:43:00-04:00,776.2999877929688,776.4100952148438,776.2999877929688,776.3099975585938,43497
2026-08-14 12:44:00-04:00,776.3300170898438,776.3300170898438,776.135009765625,776.135009765625,39432
2026-08-14 12:45:00-04:00,776.1300048828125,776.1649780273438,776.0701293945312,776.0999755859375,36563
2026-08-14 12:46:00-04:00,776.0958251953125,776.0958251953125,775.9805297851562,776.0349731445312,26569
2026-08-14 12:47:00-04:00,776.0399780273438,776.10498046875,776.030029296875,776.030029296875,31371
2026-08-14 12:48:00-04:00,776.0399780273438,776.155029296875,776.030029296875,776.1300048828125,39429
2026-08-14 12:49:00-04:00,776.1300048828125,776.2100219726562,776.114990234375,776.1375122070312,46458
2026-08-14 12:50:00-04:00,776.1199951171875,776.1199951171875,775.8599853515625,775.9099731445312,34522
2026-08-14 12:51:00-04:00,775.905029296875,775.9500122070312,775.8599853515625,775.9000244140625,35017
2026-08-14 12:52:00-04:00,775.9000244140625,775.9500122070312,775.8599853515625,775.8699951171875,22959
2026-08-14 12:53:00-04:00,775.8699951171875,776.010009765625,775.8300170898438,775.8400268554688,49548
2026-08-14 12:54:00-04:00,775.8400268554688,775.9349975585938,775.8250122070312,775.9237060546875,38601
2026-08-14 12:55:00-04:00,775.9299926757812,775.9918212890625,775.9249877929688,775.9600219726562,28170
2026-08-14 12:56:00-04:00,775.9400024414062,776.010009765625,775.8599853515625,775.9874877929688,36877
2026-08-14 12:57:00-04:00,775.97998046875,775.9849853515625,775.8800048828125,775.8900146484375,42514
2026-08-14 12:58:00-04:00,775.89990234375,775.89990234375,775.6618041992188,775.6900024414062,51199
2026-08-14 12:59:00-04:00,775.7000122070312,775.739990234375,775.6599731445312,775.7000122070312,74894
2026-08-14 13:00:00-04:00,775.7000122070312,775.8499755859375,775.7000122070312,775.7899780273438,33535
2026-08-14 13:01:00-04:00,775.7949829101562,775.8599243164062,775.739990234375,775.8200073242188,25416
2026-08-14 13:02:00-04:00,775.8099975585938,775.8099975585938,775.6300048828125,775.6799926757812,50320
2026-08-14 13:03:00-04:00,775.6799926757812,775.8300170898438,775.6799926757812,775.8300170898438,39219
2026-08-14 13:04:00-04:00,775.8300170898438,775.8800048828125,775.780029296875,775.7899780273438,35230
2026-08-14 13:05:00-04:00,775.7899780273438,775.9500122070312,775.780029296875,775.8200073242188,35229
2026-08-14 13:06:00-04:00,775.8200073242188,775.9099731445312,775.8099975585938,775.8250122070312,30835
2026-08-14 13:07:00-04:00,775.8300170898438,775.969970703125,775.8300170898438,775.9299926757812,45897
2026-08-14 13:08:00-04:00,775.9299926757812,775.9500122070312,775.8200073242188,775.9500122070312,24601
2026-08-14 13:09:00-04:00,775.9489135742188,775.9500122070312,775.8200073242188,775.9000244140625,33265
2026-08-14 13:10:00-04:00,775.9099731445312,775.9500122070312,775.8300170898438,775.9000244140625,50939
2026-08-14 13:11:00-04:00,775.9000244140625,776.114990234375,775.8300170898438,776.030029296875,44553
2026-08-14 13:12:00-04:00,776.030029296875,776.0800170898438,775.8499755859375,776.0399780273438,76071
2026-08-14 13:13:00-04:00,776.0449829101562,776.0750122070312,775.9600219726562,775.97998046875,28176
2026-08-14 13:14:00-04:00,775.9749755859375,776.0599975585938,775.9600219726562,776.0599975585938,25188
2026-08-14 13:15:00-04:00,776.0499877929688,776.1099853515625,776.030029296875,776.0399780273438,34105
2026-08-14 13:16:00-04:00,776.030029296875,776.0549926757812,775.7899780273438,775.8300170898438,30964
2026-08-14 13:17:00-04:00,775.8250122070312,775.9600219726562,775.8150024414062,775.9500122070312,23209
2026-08-14 13:18:00-04:00,775.9600219726562,776.030029296875,775.9299926757812,775.969970703125,27836
2026-08-14 13:19:00-04:00,775.9600219726562,776.0499877929688,775.9199829101562,775.9650268554688,22058
2026-08-14 13:20:00-04:00,775.9600219726562,776.030029296875,775.8800048828125,776.010009765625,29175
2026-08-14 13:21:00-04:00,776.02001953125,776.0499877929688,775.9000244140625,775.9500122070312,25915
2026-08-14 13:22:00-04:00,775.9600219726562,776.1300048828125,775.9400024414062,776.0599975585938,35552
2026-08-14 13:23:00-04:00,776.0349731445312,776.0599975585938,775.969970703125,776.0,21652
2026-08-14 13:24:00-04:00,775.989990234375,776.0,775.780029296875,775.8300170898438,94423
2026-08-14 13:25:00-04:00,775.8200073242188,775.8200073242188,775.6699829101562,775.760009765625,42077
2026-08-14 13:26:00-04:00,775.7650146484375,775.780029296875,775.653076171875,775.780029296875,31129
2026-08-14 13:27:00-04:00,775.7899780273438,775.7999877929688,775.739990234375,775.7999877929688,24023
2026-08-14 13:28:00-04:00,775.7949829101562,775.8300170898438,775.77001953125,775.7899780273438,16323
2026-08-14 13:29:00-04:00,775.7899780273438,775.7999877929688,775.719970703125,775.77001953125,20823
2026-08-14 13:30:00-04:00,775.780029296875,775.8800048828125,775.75,775.75,30472
2026-08-14 13:31:00-04:00,775.8200073242188,775.8499755859375,775.739990234375,775.844970703125,35987
2026-08-14 13:32:00-04:00,775.7899780273438,775.97998046875,775.7899780273438,775.9400024414062,32346
2026-08-14 13:33:00-04:00,775.9299926757812,775.9349975585938,775.8099975585938,775.8200073242188,56443
2026-08-14 13:34:00-04:00,775.8200073242188,775.8400268554688,775.7424926757812,775.8300170898438,17644
2026-08-14 13:35:00-04:00,775.8200073242188,775.8200073242188,775.719970703125,775.780029296875,20523
2026-08-14 13:36:00-04:00,775.7899780273438,775.8200073242188,775.6500244140625,775.6796264648438,20209
2026-08-14 13:37:00-04:00,775.6799926757812,775.7000122070312,775.4301147460938,775.47998046875,50893
2026-08-14 13:38:00-04:00,775.489990234375,775.530029296875,775.4500122070312,775.489990234375,33435
2026-08-14 13:39:00-04:00,775.489990234375,775.5999755859375,775.4500122070312,775.5750122070312,23519
2026-08-14 13:40:00-04:00,775.5499877929688,775.6599731445312,775.47998046875,775.625,47415
2026-08-14 13:41:00-04:00,775.6300048828125,775.6300048828125,775.469970703125,775.5399780273438,47165
2026-08-14 13:42:00-04:00,775.530029296875,775.5900268554688,775.47998046875,775.5150146484375,44479
2026-08-14 13:43:00-04:00,775.510009765625,775.5700073242188,775.489990234375,775.5150146484375,34930
2026-08-14 13:44:00-04:00,775.510009765625,775.6298828125,775.489990234375,775.5999755859375,64185
2026-08-14 13:45:00-04:00,775.5999755859375,775.7100219726562,775.5599975585938,775.5800170898438,63240
2026-08-14 13:46:00-04:00,775.5900268554688,775.719970703125,775.5700073242188,775.7000122070312,32427
2026-08-14 13:47:00-04:00,775.6950073242188,775.7100219726562,775.6400146484375,775.7050170898438,26306
2026-08-14 13:48:00-04:00,775.6950073242188,775.7000122070312,775.6099853515625,775.64501953125,46830
2026-08-14 13:49:00-04:00,775.6199951171875,775.6599731445312,775.5399780273438,775.6099853515625,20069
2026-08-14 13:50:00-04:00,775.5999755859375,775.5999755859375,775.4650268554688,775.5250244140625,34030
2026-08-14 13:51:00-04:00,775.530029296875,775.6400146484375,775.5250244140625,775.6199951171875,29016
2026-08-14 13:52:00-04:00,775.6300048828125,775.719970703125,775.594970703125,775.6900024414062,26117
2026-08-14 13:53:00-04:00,775.6900024414062,775.7899780273438,775.6699829101562,775.7899780273438,40473
2026-08-14 13:54:00-04:00,775.77001953125,775.8099975585938,775.72998046875,775.7550048828125,24885
2026-08-14 13:55:00-04:00,775.7550048828125,775.7550048828125,775.6400146484375,775.7000122070312,33244
2026-08-14 13:56:00-04:00,775.705810546875,775.8189697265625,775.6900024414062,775.8099975585938,20180
2026-08-14 13:57:00-04:00,775.8200073242188,775.9299926757812,775.780029296875,775.8499755859375,25588
2026-08-14 13:58:00-04:00,775.8400268554688,775.9000244140625,775.8200073242188,775.8300170898438,23838
2026-08-14 13:59:00-04:00,775.8300170898438,775.8699951171875,775.8101196289062,775.8300170898438,21626
2026-08-14 14:00:00-04:00,775.8350219726562,775.864990234375,775.72998046875,775.7999877929688,34165
2026-08-14 14:01:00-04:00,775.7899780273438,775.8800048828125,775.77001953125,775.8400268554688,44698
2026-08-14 14:02:00-04:00,775.8400268554688,776.0900268554688,775.8400268554688,776.0800170898438,38955
2026-08-14 14:03:00-04:00,776.0800170898438,776.1099853515625,775.989990234375,776.02001953125,351014
2026-08-14 14:04:00-04:00,776.0150146484375,776.0599975585938,775.9849853515625,776.02001953125,21295
2026-08-14 14:05:00-04:00,776.02001953125,776.0499877929688,775.969970703125,776.0349731445312,21956
2026-08-14 14:06:00-04:00,776.030029296875,776.1300048828125,775.9550170898438,775.9550170898438,49005
2026-08-14 14:07:00-04:00,775.9500122070312,776.0499877929688,775.9500122070312,776.0050048828125,26629
2026-08-14 14:08:00-04:00,776.010009765625,776.1599731445312,776.0,776.0850219726562,54782
2026-08-14 14:09:00-04:00,776.0850219726562,776.15869140625,776.0399780273438,776.155029296875,42838
2026-08-14 14:10:00-04:00,776.1500244140625,776.22998046875,776.0700073242188,776.1900024414062,49308
2026-08-14 14:11:00-04:00,776.2000122070312,776.22998046875,776.1300048828125,776.1599731445312,51903
2026-08-14 14:12:00-04:00,776.1649780273438,776.219970703125,776.1300048828125,776.2000732421875,35386
2026-08-14 14:13:00-04:00,776.2050170898438,776.2999877929688,776.2050170898438,776.2449951171875,62452
2026-08-14 14:14:00-04:00,776.2650146484375,776.2650146484375,776.1500244140625,776.1599731445312,37228
2026-08-14 14:15:00-04:00,776.1500244140625,776.288818359375,776.1500244140625,776.2849731445312,73999
2026-08-14 14:16:00-04:00,776.2849731445312,776.3300170898438,776.27001953125,776.3049926757812,169794
2026-08-14 14:17:00-04:00,776.3099975585938,776.3300170898438,776.25,776.280029296875,188582
2026-08-14 14:18:00-04:00,776.27001953125,776.3200073242188,776.239990234375,776.260009765625,35263
2026-08-14 14:19:00-04:00,776.27001953125,776.27001953125,776.1199951171875,776.2050170898438,36453
2026-08-14 14:20:00-04:00,776.2100219726562,776.2150268554688,776.0800170898438,776.1599731445312,43506
2026-08-14 14:21:00-04:00,776.1599731445312,776.3049926757812,776.1599731445312,776.2999877929688,29102
2026-08-14 14:22:00-04:00,776.2899780273438,776.3200073242188,776.219970703125,776.2698974609375,29180
2026-08-14 14:23:00-04:00,776.260009765625,776.2799072265625,776.1699829101562,776.1950073242188,28020
2026-08-14 14:24:00-04:00,776.1900024414062,776.25,776.1749877929688,776.1749877929688,70453
2026-08-14 14:25:00-04:00,776.1799926757812,776.239990234375,776.1799926757812,776.22998046875,29170
2026-08-14 14:26:00-04:00,776.22998046875,776.27001953125,776.1500244140625,776.1599731445312,15646
2026-08-14 14:27:00-04:00,776.155029296875,776.1799926757812,776.0701293945312,776.0701293945312,18286
2026-08-14 14:28:00-04:00,776.0700073242188,776.0700073242188,775.8900146484375,775.905029296875,42728
2026-08-14 14:29:00-04:00,775.9099731445312,776.0,775.9099731445312,775.9249877929688,25266
2026-08-14 14:30:00-04:00,775.9299926757812,776.1099853515625,775.9099731445312,775.9899291992188,42329
2026-08-14 14:31:00-04:00,775.989990234375,776.0250244140625,775.9550170898438,775.9550170898438,23545
2026-08-14 14:32:00-04:00,775.9400024414062,775.9500122070312,775.875,775.9199829101562,33386
2026-08-14 14:33:00-04:00,775.9199829101562,775.9401245117188,775.8800048828125,775.89501953125,61370
2026-08-14 14:34:00-04:00,775.9000244140625,775.9000244140625,775.8200073242188,775.9000244140625,21859
2026-08-14 14:35:00-04:00,775.9000244140625,775.9400024414062,775.8300170898438,775.8499755859375,45200
2026-08-14 14:36:00-04:00,775.8300170898438,775.9400024414062,775.8200073242188,775.8699951171875,96686
2026-08-14 14:37:00-04:00,775.8800048828125,775.9500122070312,775.8400268554688,775.9500122070312,57590
2026-08-14 14:38:00-04:00,775.9500122070312,776.030029296875,775.9000244140625,776.0,66692
2026-08-14 14:39:00-04:00,775.989990234375,776.0399780273438,775.9801025390625,776.0050048828125,45235
2026-08-14 14:40:00-04:00,776.0050048828125,776.1099853515625,775.9500122070312,776.10498046875,35728
2026-08-14 14:41:00-04:00,776.10498046875,776.1699829101562,776.10498046875,776.1500244140625,38955
2026-08-14 14:42:00-04:00,776.1500244140625,776.219970703125,776.0999755859375,776.2050170898438,80592
2026-08-14 14:43:00-04:00,776.2100219726562,776.25,776.1699829101562,776.1799926757812,31025
2026-08-14 14:44:00-04:00,776.1900024414062,776.27001953125,776.1849975585938,776.2100219726562,34269
2026-08-14 14:45:00-04:00,776.2100219726562,776.22998046875,776.1300048828125,776.1400146484375,42742
2026-08-14 14:46:00-04:00,776.1400146484375,776.1400146484375,776.0399780273438,776.0800170898438,38556
2026-08-14 14:47:00-04:00,776.0800170898438,776.239990234375,776.0800170898438,776.1500244140625,39626
2026-08-14 14:48:00-04:00,776.1500244140625,776.1849975585938,776.1400146484375,776.1400146484375,24948
2026-08-14 14:49:00-04:00,776.1400146484375,776.260009765625,776.1400146484375,776.2550048828125,19406
2026-08-14 14:50:00-04:00,776.260009765625,776.4600219726562,776.260009765625,776.4199829101562,69129
2026-08-14 14:51:00-04:00,776.4199829101562,776.4918823242188,776.4099731445312,776.469970703125,86465
2026-08-14 14:52:00-04:00,776.4550170898438,776.4849853515625,776.3599853515625,776.3800048828125,52905
2026-08-14 14:53:00-04:00,776.3800048828125,776.4099731445312,776.3101196289062,776.3699951171875,41726
2026-08-14 14:54:00-04:00,776.3900146484375,776.4099731445312,776.3228759765625,776.3599853515625,29289
2026-08-14 14:55:00-04:00,776.3599853515625,776.3599853515625,776.239990234375,776.2401123046875,31582
2026-08-14 14:56:00-04:00,776.2449951171875,776.2999877929688,776.2100219726562,776.27001953125,19000
2026-08-14 14:57:00-04:00,776.260009765625,776.3095092773438,776.260009765625,776.280029296875,22671
2026-08-14 14:58:00-04:00,776.280029296875,776.280029296875,776.1710815429688,776.1900024414062,23944
2026-08-14 14:59:00-04:00,776.2000122070312,776.219970703125,776.1500244140625,776.1900024414062,25805
2026-08-14 15:00:00-04:00,776.1900024414062,776.219970703125,776.030029296875,776.0399780273438,52200
2026-08-14 15:01:00-04:00,776.030029296875,776.2100219726562,776.02001953125,776.1599731445312,56620
2026-08-14 15:02:00-04:00,776.1599731445312,776.2000122070312,776.0999755859375,776.0999755859375,23689
2026-08-14 15:03:00-04:00,776.0999755859375,776.159912109375,776.0800170898438,776.0900268554688,28387
2026-08-14 15:04:00-04:00,776.0800170898438,776.0900268554688,775.8900146484375,775.989990234375,51424
2026-08-14 15:05:00-04:00,775.9849853515625,776.0700073242188,775.9849853515625,776.0700073242188,15618
2026-08-14 15:06:00-04:00,776.0700073242188,776.0700073242188,775.9500122070312,776.0050048828125,16187
2026-08-14 15:07:00-04:00,776.0,776.02001953125,775.9600219726562,775.97998046875,20098
2026-08-14 15:08:00-04:00,775.969970703125,776.1099853515625,775.9600219726562,776.0800170898438,33764
2026-08-14 15:09:00-04:00,776.0900268554688,776.1900024414062,776.0599975585938,776.1599731445312,23503
2026-08-14 15:10:00-04:00,776.1699829101562,776.174072265625,776.0750122070312,776.1099853515625,36162
2026-08-14 15:11:00-04:00,776.1199951171875,776.1199951171875,776.0599975585938,776.0800170898438,17770
2026-08-14 15:12:00-04:00,776.0700073242188,776.1400146484375,776.0499877929688,776.1099853515625,279892
2026-08-14 15:13:00-04:00,776.10009765625,776.1849975585938,776.0900268554688,776.125,29677
2026-08-14 15:14:00-04:00,776.1199951171875,776.1799926757812,776.0399780273438,776.0499877929688,43161
2026-08-14 15:15:00-04:00,776.0499877929688,776.1300048828125,776.0401000976562,776.0999755859375,33276
2026-08-14 15:16:00-04:00,776.0900268554688,776.0900268554688,775.9099731445312,775.9299926757812,185409
2026-08-14 15:17:00-04:00,775.9400024414062,775.97998046875,775.8699951171875,775.9442749023438,141859
2026-08-14 15:18:00-04:00,775.958984375,776.0850219726562,775.8300170898438,776.0650024414062,52783
2026-08-14 15:19:00-04:00,776.0599975585938,776.0599975585938,775.989990234375,775.9949951171875,64685
2026-08-14 15:20:00-04:00,775.9949951171875,776.02001953125,775.9400024414062,775.989990234375,51384
2026-08-14 15:21:00-04:00,776.0,776.02001953125,775.8800048828125,775.9199829101562,86491
2026-08-14 15:22:00-04:00,775.9199829101562,775.9631958007812,775.8699951171875,775.9400024414062,65489
2026-08-14 15:23:00-04:00,775.9450073242188,776.0399780273438,775.9400024414062,776.0349731445312,63529
2026-08-14 15:24:00-04:00,776.0349731445312,776.1199951171875,776.010009765625,776.1099853515625,108670
2026-08-14 15:25:00-04:00,776.1099853515625,776.239990234375,776.1099853515625,776.239990234375,48021
2026-08-14 15:26:00-04:00,776.239990234375,776.27001953125,776.1900024414062,776.2449951171875,34977
2026-08-14 15:27:00-04:00,776.2550048828125,776.280029296875,776.1400146484375,776.1500244140625,33908
2026-08-14 15:28:00-04:00,776.1599731445312,776.3300170898438,776.1599731445312,776.2899780273438,45366
2026-08-14 15:29:00-04:00,776.2899780273438,776.2999877929688,776.1500244140625,776.155029296875,56560
2026-08-14 15:30:00-04:00,776.155029296875,776.1900024414062,776.0999755859375,776.135009765625,91790
2026-08-14 15:31:00-04:00,776.135009765625,776.1950073242188,776.1099853515625,776.1500244140625,53278
2026-08-14 15:32:00-04:00,776.155029296875,776.22998046875,776.155029296875,776.1799926757812,48353
2026-08-14 15:33:00-04:00,776.1699829101562,776.219970703125,776.1300048828125,776.1900024414062,62940
2026-08-14 15:34:00-04:00,776.1950073242188,776.3088989257812,776.1799926757812,776.2349853515625,58313
2026-08-14 15:35:00-04:00,776.239990234375,776.3200073242188,776.1900024414062,776.2000122070312,118109
2026-08-14 15:36:00-04:00,776.2000122070312,776.239990234375,776.1300048828125,776.1400146484375,182460
2026-08-14 15:37:00-04:00,776.1300048828125,776.1500244140625,776.0599975585938,776.0671997070312,209484
2026-08-14 15:38:00-04:00,776.0599975585938,776.1500244140625,776.030029296875,776.1500244140625,47566
2026-08-14 15:39:00-04:00,776.14501953125,776.1799926757812,776.1400146484375,776.1699829101562,85678
2026-08-14 15:40:00-04:00,776.1699829101562,776.3049926757812,776.1500244140625,776.2999877929688,47738
2026-08-14 15:41:00-04:00,776.27001953125,776.280029296875,776.1699829101562,776.2000122070312,54899
2026-08-14 15:42:00-04:00,776.2100219726562,776.25,776.1900024414062,776.219970703125,74396
2026-08-14 15:43:00-04:00,776.2100219726562,776.239990234375,776.1799926757812,776.239990234375,60913
2026-08-14 15:44:00-04:00,776.239990234375,776.25,776.114990234375,776.1649780273438,52670
2026-08-14 15:45:00-04:00,776.1599731445312,776.2100219726562,776.0599975585938,776.0700073242188,102736
2026-08-14 15:46:00-04:00,776.0700073242188,776.1199951171875,775.969970703125,775.97998046875,84077
2026-08-14 15:47:00-04:00,775.989990234375,776.0800170898438,775.97998046875,776.06201171875,74005
2026-08-14 15:48:00-04:00,776.0800170898438,776.1199951171875,776.0399780273438,776.0900268554688,60982
2026-08-14 15:49:00-04:00,776.0900268554688,776.219970703125,776.0599975585938,776.2000122070312,76964
2026-08-14 15:50:00-04:00,776.1900024414062,776.3599853515625,776.1699829101562,776.2999877929688,129842
2026-08-14 15:51:00-04:00,776.302490234375,776.4099731445312,776.2899780273438,776.3699951171875,115120
2026-08-14 15:52:00-04:00,776.3599853515625,776.3699951171875,776.1799926757812,776.22998046875,138564
2026-08-14 15:53:00-04:00,776.2349853515625,776.3499755859375,776.1400146484375,776.1900024414062,118085
2026-08-14 15:54:00-04:00,776.2100219726562,776.2999877929688,776.0999755859375,776.2000122070312,119357
2026-08-14 15:55:00-04:00,776.2100219726562,776.239990234375,776.02001953125,776.0850219726562,145651
2026-08-14 15:56:00-04:00,776.0900268554688,776.0900268554688,775.969970703125,776.030029296875,147175
2026-08-14 15:57:00-04:00,776.0399780273438,776.0700073242188,775.97998046875,776.0650024414062,114438
2026-08-14 15:58:00-04:00,776.0700073242188,776.0999755859375,775.97998046875,776.0499877929688,541211
2026-08-14 15:59:00-04:00,776.0499877929688,776.4199829101562,775.9199829101562,776.2999877929688,563581
