Datetime,Open,High,Low,Close,Volume,Dividends,Stock Splits,Capital Gains
2026-08-05 09:30:00-04:00,775.8499755859375,776.3699951171875,775.760009765625,776.260009765625,1546487,0.0,0.0,0.0
2026-08-05 09:31:00-04:00,776.260009765625,776.7899780273438,776.1099853515625,776.1912841796875,329230,0.0,0.0,0.0
2026-08-05 09:32:00-04:00,776.2100219726562,776.2299194335938,775.260009765625,775.6500244140625,224283,0.0,0.0,0.0
2026-08-05 09:33:00-04:00,775.6599731445312,776.030029296875,775.60498046875,775.8099975585938,124419,0.0,0.0,0.0
2026-08-05 09:34:00-04:00,775.8250122070312,776.2000122070312,775.6699829101562,776.1998901367188,131827,0.0,0.0,0.0
2026-08-05 09:35:00-04:00,776.1900024414062,776.5,775.969970703125,776.27001953125,132216,0.0,0.0,0.0
2026-08-05 09:36:00-04:00,776.3099975585938,776.3300170898438,775.3040161132812,775.5700073242188,156297,0.0,0.0,0.0
2026-08-05 09:37:00-04:00,775.5390014648438,775.8350219726562,775.4299926757812,775.5800170898438,131002,0.0,0.0,0.0
2026-08-05 09:38:00-04:00,775.5800170898438,776.135009765625,775.5399780273438,775.9199829101562,137450,0.0,0.0,0.0
2026-08-05 09:39:00-04:00,775.9000244140625,776.8499755859375,775.5549926757812,776.510009765625,1502576,0.0,0.0,0.0
2026-08-05 09:40:00-04:00,776.530029296875,776.8099975585938,776.1920166015625,776.3300170898438,120878,0.0,0.0,0.0
2026-08-05 09:41:00-04:00,776.3250122070312,776.510009765625,776.1500244140625,776.4400024414062,112045,0.0,0.0,0.0
2026-08-05 09:42:00-04:00,776.4299926757812,776.4600219726562,776.2550048828125,776.3599853515625,86249,0.0,0.0,0.0
2026-08-05 09:43:00-04:00,776.3599853515625,776.4598999023438,775.9500122070312,776.239990234375,134215,0.0,0.0,0.0
2026-08-05 09:44:00-04:00,776.280029296875,776.5499877929688,775.8599853515625,776.47998046875,112786,0.0,0.0,0.0
2026-08-05 09:45:00-04:00,776.5399780273438,776.6599731445312,775.530029296875,775.530029296875,177937,0.0,0.0,0.0
2026-08-05 09:46:00-04:00,775.52001953125,775.8350219726562,775.3837280273438,775.489013671875,108617,0.0,0.0,0.0
2026-08-05 09:47:00-04:00,775.4749755859375,775.8699951171875,775.4299926757812,775.8400268554688,182731,0.0,0.0,0.0
2026-08-05 09:48:00-04:00,775.8400268554688,776.1900024414062,775.7449951171875,775.8200073242188,111848,0.0,0.0,0.0
2026-08-05 09:49:00-04:00,775.8099975585938,775.864990234375,775.3400268554688,775.3900146484375,135689,0.0,0.0,0.0
2026-08-05 09:50:00-04:00,775.39501953125,775.4199829101562,774.3900146484375,774.72998046875,320655,0.0,0.0,0.0
2026-08-05 09:51:00-04:00,774.719970703125,775.0,774.5,774.9199829101562,194158,0.0,0.0,0.0
2026-08-05 09:52:00-04:00,774.9099731445312,775.3800048828125,774.8900146484375,775.1900024414062,184493,0.0,0.0,0.0
2026-08-05 09:53:00-04:00,775.1799926757812,775.739990234375,775.02001953125,775.3800048828125,153842,0.0,0.0,0.0
2026-08-05 09:54:00-04:00,775.4149780273438,775.889892578125,775.010009765625,775.889892578125,68533,0.0,0.0,0.0
2026-08-05 09:55:00-04:00,775.8800048828125,775.97998046875,775.4400024414062,775.6500244140625,117507,0.0,0.0,0.0
2026-08-05 09:56:00-04:00,775.6799926757812,775.8499755859375,775.364990234375,775.614990234375,159947,0.0,0.0,0.0
2026-08-05 09:57:00-04:00,775.614990234375,776.1799926757812,775.5900268554688,776.155029296875,129616,0.0,0.0,0.0
2026-08-05 09:58:00-04:00,776.1500244140625,776.625,776.1099853515625,776.625,134908,0.0,0.0,0.0
2026-08-05 09:59:00-04:00,776.6199951171875,776.70361328125,776.3599853515625,776.70361328125,104829,0.0,0.0,0.0
2026-08-05 10:00:00-04:00,776.6699829101562,776.7000122070312,775.5700073242188,776.0390014648438,179223,0.0,0.0,0.0
2026-08-05 10:01:00-04:00,776.010009765625,776.0750122070312,775.4500122070312,775.5999755859375,93897,0.0,0.0,0.0
2026-08-05 10:02:00-04:00,775.5999755859375,775.6099853515625,774.9500122070312,775.2698974609375,134529,0.0,0.0,0.0
2026-08-05 10:03:00-04:00,775.260009765625,775.9299926757812,775.260009765625,775.8200073242188,134262,0.0,0.0,0.0
2026-08-05 10:04:00-04:00,775.8300170898438,775.9749755859375,775.3599853515625,775.7899780273438,162730,0.0,0.0,0.0
2026-08-05 10:05:00-04:00,775.8099975585938,776.5499267578125,775.77001953125,775.9749755859375,108276,0.0,0.0,0.0
2026-08-05 10:06:00-04:00,775.97998046875,776.239990234375,775.6199951171875,776.0,160530,0.0,0.0,0.0
2026-08-05 10:07:00-04:00,775.989990234375,776.27001953125,775.739990234375,775.8800048828125,107819,0.0,0.0,0.0
2026-08-05 10:08:00-04:00,775.8900146484375,776.22998046875,775.8699951171875,775.8800048828125,119688,0.0,0.0,0.0
2026-08-05 10:09:00-04:00,775.8800048828125,776.3499755859375,775.85498046875,776.0599975585938,84351,0.0,0.0,0.0
2026-08-05 10:10:00-04:00,776.0700073242188,776.3300170898438,775.8099975585938,776.3040771484375,75859,0.0,0.0,0.0
2026-08-05 10:11:00-04:00,776.3499755859375,776.3900146484375,775.8300170898438,775.9450073242188,99155,0.0,0.0,0.0
2026-08-05 10:12:00-04:00,775.9299926757812,776.1500244140625,775.8099975585938,775.8699951171875,51022,0.0,0.0,0.0
2026-08-05 10:13:00-04:00,775.8699951171875,776.2357177734375,775.7999877929688,776.1749877929688,65235,0.0,0.0,0.0
2026-08-05 10:14:00-04:00,776.1799926757812,776.510009765625,776.0700073242188,776.1599731445312,52761,0.0,0.0,0.0
2026-08-05 10:15:00-04:00,776.1799926757812,776.4600219726562,776.1298217773438,776.239990234375,45487,0.0,0.0,0.0
2026-08-05 10:16:00-04:00,776.25,776.3599853515625,775.875,775.8800048828125,56513,0.0,0.0,0.0
2026-08-05 10:17:00-04:00,775.8699951171875,776.1900024414062,775.8699951171875,776.1900024414062,44242,0.0,0.0,0.0
2026-08-05 10:18:00-04:00,776.2000122070312,776.280029296875,776.010009765625,776.280029296875,50727,0.0,0.0,0.0
2026-08-05 10:19:00-04:00,776.260009765625,776.2899780273438,775.6599731445312,775.6699829101562,71043,0.0,0.0,0.0
2026-08-05 10:20:00-04:00,775.6799926757812,775.739990234375,775.4000244140625,775.614990234375,84082,0.0,0.0,0.0
2026-08-05 10:21:00-04:00,775.625,775.8200073242188,775.280029296875,775.405029296875,80294,0.0,0.0,0.0
2026-08-05 10:22:00-04:00,775.4199829101562,775.469970703125,775.0700073242188,775.2000122070312,76993,0.0,0.0,0.0
2026-08-05 10:23:00-04:00,775.219970703125,775.260009765625,774.77001953125,774.9849853515625,118002,0.0,0.0,0.0
2026-08-05 10:24:00-04:00,775.0150146484375,775.77001953125,774.9600219726562,775.7550048828125,70259,0.0,0.0,0.0
2026-08-05 10:25:00-04:00,775.760009765625,776.1799926757812,775.6099853515625,775.6400146484375,200342,0.0,0.0,0.0
2026-08-05 10:26:00-04:00,775.6599731445312,775.780029296875,775.3499755859375,775.3699951171875,85757,0.0,0.0,0.0
2026-08-05 10:27:00-04:00,775.3900146484375,775.5599975585938,775.2999877929688,775.5549926757812,62445,0.0,0.0,0.0
2026-08-05 10:28:00-04:00,775.5499877929688,775.5499877929688,775.0399780273438,775.0800170898438,98445,0.0,0.0,0.0
2026-08-05 10:29:00-04:00,775.0800170898438,775.2100219726562,774.75,774.7808837890625,47379,0.0,0.0,0.0
2026-08-05 10:30:00-04:00,774.780029296875,774.8499755859375,774.3800048828125,774.739990234375,123775,0.0,0.0,0.0
2026-08-05 10:31:00-04:00,774.75,774.8900146484375,774.2343139648438,774.27001953125,106832,0.0,0.0,0.0
2026-08-05 10:32:00-04:00,774.25,774.6699829101562,774.22998046875,774.6199951171875,142184,0.0,0.0,0.0
2026-08-05 10:33:00-04:00,774.6199951171875,775.02001953125,774.510009765625,774.8900146484375,113348,0.0,0.0,0.0
2026-08-05 10:34:00-04:00,774.9144287109375,775.0200805664062,774.489990234375,774.5999755859375,131741,0.0,0.0,0.0
2026-08-05 10:35:00-04:00,774.5700073242188,774.8300170898438,774.4409790039062,774.5999755859375,359506,0.0,0.0,0.0
2026-08-05 10:36:00-04:00,774.5800170898438,774.5800170898438,774.0908203125,774.2849731445312,136030,0.0,0.0,0.0
2026-08-05 10:37:00-04:00,774.2999877929688,774.5499877929688,773.9400024414062,773.9600219726562,97609,0.0,0.0,0.0
2026-08-05 10:38:00-04:00,773.97998046875,774.3400268554688,773.8400268554688,774.280029296875,105825,0.0,0.0,0.0
2026-08-05 10:39:00-04:00,774.3200073242188,774.489990234375,773.9099731445312,773.9199829101562,75576,0.0,0.0,0.0
2026-08-05 10:40:00-04:00,773.9199829101562,774.2100219726562,773.75,773.7799072265625,215260,0.0,0.0,0.0
2026-08-05 10:41:00-04:00,773.780029296875,774.0797119140625,773.6199951171875,774.0399780273438,91123,0.0,0.0,0.0
2026-08-05 10:42:00-04:00,774.0496826171875,774.4299926757812,773.780029296875,774.280029296875,142897,0.0,0.0,0.0
2026-08-05 10:43:00-04:00,774.2750244140625,774.3599853515625,773.9299926757812,774.2000732421875,73024,0.0,0.0,0.0
2026-08-05 10:44:00-04:00,774.2050170898438,774.3300170898438,773.72998046875,774.0349731445312,72947,0.0,0.0,0.0
2026-08-05 10:45:00-04:00,774.030029296875,774.280029296875,773.844970703125,773.989990234375,59711,0.0,0.0,0.0
2026-08-05 10:46:00-04:00,774.0,774.5850219726562,773.989990234375,774.4600219726562,144665,0.0,0.0,0.0
2026-08-05 10:47:00-04:00,774.4299926757812,774.5499877929688,774.3099975585938,774.3499755859375,62035,0.0,0.0,0.0
2026-08-05 10:48:00-04:00,774.3400268554688,774.4249877929688,774.2000122070312,774.3200073242188,91462,0.0,0.0,0.0
2026-08-05 10:49:00-04:00,774.3300170898438,774.719970703125,774.25,774.5750122070312,77716,0.0,0.0,0.0
2026-08-05 10:50:00-04:00,774.6046752929688,774.8400268554688,774.260009765625,774.3300170898438,106451,0.0,0.0,0.0
2026-08-05 10:51:00-04:00,774.3099975585938,774.3800048828125,773.780029296875,773.905029296875,94723,0.0,0.0,0.0
2026-08-05 10:52:00-04:00,773.9190063476562,773.9600219726562,773.4400024414062,773.5999755859375,126784,0.0,0.0,0.0
2026-08-05 10:53:00-04:00,773.6300048828125,773.635009765625,772.5700073242188,772.89990234375,238391,0.0,0.0,0.0
2026-08-05 10:54:00-04:00,772.9000244140625,773.1599731445312,772.75,773.1300048828125,153685,0.0,0.0,0.0
2026-08-05 10:55:00-04:00,773.1599731445312,773.2000122070312,772.72998046875,773.0999755859375,120875,0.0,0.0,0.0
2026-08-05 10:56:00-04:00,773.0850219726562,773.176513671875,772.7899780273438,773.1749877929688,96825,0.0,0.0,0.0
2026-08-05 10:57:00-04:00,773.1799926757812,773.7598876953125,773.1099853515625,773.5250244140625,145150,0.0,0.0,0.0
2026-08-05 10:58:00-04:00,773.52001953125,773.708984375,773.1099853515625,773.1370239257812,107601,0.0,0.0,0.0
2026-08-05 10:59:00-04:00,773.1400146484375,773.6500244140625,773.1300048828125,773.469970703125,48370,0.0,0.0,0.0
2026-08-05 11:00:00-04:00,773.4600219726562,773.9400024414062,773.4099731445312,773.8599853515625,70165,0.0,0.0,0.0
2026-08-05 11:01:00-04:00,773.8400268554688,773.9299926757812,773.3499755859375,773.5549926757812,69168,0.0,0.0,0.0
2026-08-05 11:02:00-04:00,773.5800170898438,773.9500122070312,773.5599975585938,773.77001953125,71445,0.0,0.0,0.0
2026-08-05 11:03:00-04:00,773.719970703125,773.75,773.405029296875,773.5,101742,0.0,0.0,0.0
2026-08-05 11:04:00-04:00,773.5,773.6400146484375,773.3499755859375,773.6300048828125,66318,0.0,0.0,0.0
2026-08-05 11:05:00-04:00,773.6300048828125,773.75,773.3800048828125,773.3989868164062,93172,0.0,0.0,0.0
2026-08-05 11:06:00-04:00,773.3599853515625,773.6199951171875,773.1649780273438,773.52001953125,98100,0.0,0.0,0.0
2026-08-05 11:07:00-04:00,773.52001953125,773.7349853515625,773.489990234375,773.5499877929688,87813,0.0,0.0,0.0
2026-08-05 11:08:00-04:00,773.5549926757812,773.5900268554688,773.2899780273438,773.3049926757812,68843,0.0,0.0,0.0
2026-08-05 11:09:00-04:00,773.3099975585938,773.864990234375,773.280029296875,773.6300048828125,65336,0.0,0.0,0.0
2026-08-05 11:10:00-04:00,773.6300048828125,773.780029296875,773.4600219726562,773.780029296875,80844,0.0,0.0,0.0
2026-08-05 11:11:00-04:00,773.77001953125,773.9149780273438,773.385009765625,773.4600219726562,54971,0.0,0.0,0.0
2026-08-05 11:12:00-04:00,773.4450073242188,773.7100219726562,773.4099731445312,773.4099731445312,48416,0.0,0.0,0.0
2026-08-05 11:13:00-04:00,773.4000244140625,773.4099731445312,773.030029296875,773.0499877929688,67056,0.0,0.0,0.0
2026-08-05 11:14:00-04:00,773.0449829101562,773.219482421875,773.010009765625,773.0599975585938,47449,0.0,0.0,0.0
2026-08-05 11:15:00-04:00,773.0700073242188,773.1599731445312,772.530029296875,772.5399780273438,89689,0.0,0.0,0.0
2026-08-05 11:16:00-04:00,772.5399780273438,772.6649780273438,772.3499755859375,772.6649780273438,224378,0.0,0.0,0.0
2026-08-05 11:17:00-04:00,772.6500244140625,772.6798706054688,772.0750122070312,772.0750122070312,152409,0.0,0.0,0.0
2026-08-05 11:18:00-04:00,772.0800170898438,772.0999755859375,771.0,771.8099975585938,419590,0.0,0.0,0.0
2026-08-05 11:19:00-04:00,771.8200073242188,772.4500122070312,771.780029296875,772.4199829101562,136149,0.0,0.0,0.0
2026-08-05 11:20:00-04:00,772.409912109375,772.489990234375,772.0900268554688,772.489990234375,102976,0.0,0.0,0.0
2026-08-05 11:21:00-04:00,772.4849853515625,772.6699829101562,772.3472900390625,772.625,76706,0.0,0.0,0.0
2026-08-05 11:22:00-04:00,772.6199951171875,772.625,772.3200073242188,772.3400268554688,41950,0.0,0.0,0.0
2026-08-05 11:23:00-04:00,772.3499755859375,772.5700073242188,772.2100219726562,772.219970703125,51733,0.0,0.0,0.0
2026-08-05 11:24:00-04:00,772.2100219726562,772.5900268554688,772.0800170898438,772.2691040039062,65874,0.0,0.0,0.0
2026-08-05 11:25:00-04:00,772.1500854492188,772.25,771.8599853515625,771.9600219726562,89166,0.0,0.0,0.0
2026-08-05 11:26:00-04:00,771.9450073242188,772.1199951171875,771.8699951171875,772.0050048828125,83719,0.0,0.0,0.0
2026-08-05 11:27:00-04:00,772.010009765625,772.219970703125,771.9149780273438,772.010009765625,137157,0.0,0.0,0.0
2026-08-05 11:28:00-04:00,772.010009765625,772.010009765625,771.5499877929688,771.5800170898438,117080,0.0,0.0,0.0
2026-08-05 11:29:00-04:00,771.5700073242188,771.9199829101562,771.52001953125,771.7100219726562,103615,0.0,0.0,0.0
2026-08-05 11:30:00-04:00,771.7000122070312,772.1099853515625,771.6799926757812,772.0999755859375,61636,0.0,0.0,0.0
2026-08-05 11:31:00-04:00,772.10498046875,772.52001953125,772.0700073242188,772.3400268554688,85032,0.0,0.0,0.0
2026-08-05 11:32:00-04:00,772.3400268554688,772.5,772.2899780273438,772.3900146484375,47817,0.0,0.0,0.0
2026-08-05 11:33:00-04:00,772.3800048828125,772.4495849609375,772.1801147460938,772.3200073242188,41637,0.0,0.0,0.0
2026-08-05 11:34:00-04:00,772.3099975585938,772.3900146484375,771.8099975585938,771.875,64529,0.0,0.0,0.0
2026-08-05 11:35:00-04:00,771.8800048828125,772.0999755859375,771.8499755859375,772.0399780273438,67625,0.0,0.0,0.0
2026-08-05 11:36:00-04:00,772.0700073242188,772.0700073242188,771.8300170898438,772.02001953125,60721,0.0,0.0,0.0
2026-08-05 11:37:00-04:00,772.02001953125,772.2100219726562,771.9249877929688,772.0999755859375,65415,0.0,0.0,0.0
2026-08-05 11:38:00-04:00,772.10498046875,772.1300048828125,771.8800048828125,771.9000244140625,59307,0.0,0.0,0.0
2026-08-05 11:39:00-04:00,771.9000244140625,772.2999877929688,771.8099975585938,772.14501953125,64371,0.0,0.0,0.0
2026-08-05 11:40:00-04:00,772.1500244140625,772.260009765625,771.9400024414062,771.9749755859375,57999,0.0,0.0,0.0
2026-08-05 11:41:00-04:00,771.97998046875,772.0299072265625,771.6749877929688,772.0299072265625,69448,0.0,0.0,0.0
2026-08-05 11:42:00-04:00,772.0050048828125,772.2000122070312,771.860107421875,772.2000122070312,60426,0.0,0.0,0.0
2026-08-05 11:43:00-04:00,772.2000122070312,772.2000122070312,771.8599853515625,771.97998046875,45023,0.0,0.0,0.0
2026-08-05 11:44:00-04:00,772.0,772.010009765625,771.8300170898438,772.010009765625,46977,0.0,0.0,0.0
2026-08-05 11:45:00-04:00,772.02001953125,772.030029296875,771.5900268554688,771.8200073242188,51240,0.0,0.0,0.0
2026-08-05 11:46:00-04:00,771.7999877929688,771.8499755859375,771.5850219726562,771.7449951171875,39808,0.0,0.0,0.0
2026-08-05 11:47:00-04:00,771.72998046875,771.780029296875,771.5499877929688,771.5900268554688,52250,0.0,0.0,0.0
2026-08-05 11:48:00-04:00,771.6300048828125,771.75,771.52001953125,771.719970703125,46427,0.0,0.0,0.0
2026-08-05 11:49:00-04:00,771.72998046875,771.780029296875,771.25,771.340576171875,109541,0.0,0.0,0.0
2026-08-05 11:50:00-04:00,771.3375244140625,771.5499877929688,771.25,771.4000244140625,64697,0.0,0.0,0.0
2026-08-05 11:51:00-04:00,771.39501953125,771.4299926757812,771.1699829101562,771.2150268554688,66241,0.0,0.0,0.0
2026-08-05 11:52:00-04:00,771.2000122070312,771.3200073242188,771.1300048828125,771.1950073242188,77457,0.0,0.0,0.0
2026-08-05 11:53:00-04:00,771.1900024414062,771.5750122070312,771.1799926757812,771.4650268554688,92417,0.0,0.0,0.0
2026-08-05 11:54:00-04:00,771.4500122070312,771.5700073242188,771.2000122070312,771.25,50030,0.0,0.0,0.0
2026-08-05 11:55:00-04:00,771.25,771.25,771.0800170898438,771.1300048828125,65217,0.0,0.0,0.0
2026-08-05 11:56:00-04:00,771.1099853515625,771.1400146484375,770.4400024414062,770.8800048828125,123163,0.0,0.0,0.0
2026-08-05 11:57:00-04:00,770.8499755859375,770.8499755859375,770.3300170898438,770.6599731445312,216878,0.0,0.0,0.0
2026-08-05 11:58:00-04:00,770.6500244140625,771.039794921875,770.5999755859375,770.9450073242188,153013,0.0,0.0,0.0
2026-08-05 11:59:00-04:00,770.9400024414062,771.1300048828125,770.6400146484375,770.64501953125,86327,0.0,0.0,0.0
2026-08-05 12:00:00-04:00,770.6300048828125,770.8099975585938,770.5399780273438,770.6749877929688,156044,0.0,0.0,0.0
2026-08-05 12:01:00-04:00,770.6699829101562,770.72998046875,770.510009765625,770.52001953125,90764,0.0,0.0,0.0
2026-08-05 12:02:00-04:00,770.52001953125,770.5549926757812,770.0800170898438,770.2550048828125,217827,0.0,0.0,0.0
2026-08-05 12:03:00-04:00,770.27001953125,770.5449829101562,770.1300048828125,770.5150146484375,140873,0.0,0.0,0.0
2026-08-05 12:04:00-04:00,770.510009765625,771.02001953125,770.5,770.8400268554688,72184,0.0,0.0,0.0
2026-08-05 12:05:00-04:00,770.8400268554688,770.8699951171875,770.5700073242188,770.7301025390625,82715,0.0,0.0,0.0
2026-08-05 12:06:00-04:00,770.7849731445312,770.8300170898438,770.3300170898438,770.4299926757812,87831,0.0,0.0,0.0
2026-08-05 12:07:00-04:00,770.4299926757812,770.6649780273438,770.3599853515625,770.404296875,112852,0.0,0.0,0.0
2026-08-05 12:08:00-04:00,770.4500122070312,770.469970703125,770.0206298828125,770.030029296875,106852,0.0,0.0,0.0
2026-08-05 12:09:00-04:00,770.02001953125,770.2899780273438,769.9099731445312,770.239990234375,146399,0.0,0.0,0.0
2026-08-05 12:10:00-04:00,770.239990234375,770.3699951171875,770.0900268554688,770.1599731445312,67138,0.0,0.0,0.0
2026-08-05 12:11:00-04:00,770.1400146484375,770.3599853515625,770.0700073242188,770.27001953125,79690,0.0,0.0,0.0
2026-08-05 12:12:00-04:00,770.2899780273438,770.3499145507812,769.9298095703125,770.2100219726562,105398,0.0,0.0,0.0
2026-08-05 12:13:00-04:00,770.1900024414062,770.3200073242188,770.0399780273438,770.1699829101562,67924,0.0,0.0,0.0
2026-08-05 12:14:00-04:00,770.1699829101562,770.469970703125,770.030029296875,770.4400024414062,72182,0.0,0.0,0.0
2026-08-05 12:15:00-04:00,770.4500122070312,770.5700073242188,770.22998046875,770.489990234375,104768,0.0,0.0,0.0
2026-08-05 12:16:00-04:00,770.4949951171875,771.1199951171875,770.4749755859375,770.9650268554688,147060,0.0,0.0,0.0
2026-08-05 12:17:00-04:00,770.9650268554688,771.0549926757812,770.75,770.8800048828125,107441,0.0,0.0,0.0
2026-08-05 12:18:00-04:00,770.885009765625,770.9099731445312,770.6500244140625,770.760009765625,85162,0.0,0.0,0.0
2026-08-05 12:19:00-04:00,770.77001953125,770.8099975585938,770.5,770.6099853515625,54767,0.0,0.0,0.0
2026-08-05 12:20:00-04:00,770.614990234375,771.3699951171875,770.5599975585938,771.3499755859375,106450,0.0,0.0,0.0
2026-08-05 12:21:00-04:00,771.3400268554688,771.760009765625,771.3400268554688,771.5999755859375,212984,0.0,0.0,0.0
2026-08-05 12:22:00-04:00,771.5999755859375,771.7000122070312,771.4400024414062,771.5999755859375,99136,0.0,0.0,0.0
2026-08-05 12:23:00-04:00,771.6099853515625,771.6400146484375,771.239990234375,771.239990234375,85519,0.0,0.0,0.0
2026-08-05 12:24:00-04:00,771.25,771.3699951171875,770.9099731445312,771.0800170898438,60277,0.0,0.0,0.0
2026-08-05 12:25:00-04:00,771.0750122070312,771.47998046875,771.0599975585938,771.4749755859375,104637,0.0,0.0,0.0
2026-08-05 12:26:00-04:00,771.4749755859375,771.7849731445312,771.4099731445312,771.7750244140625,110105,0.0,0.0,0.0
2026-08-05 12:27:00-04:00,771.7650146484375,772.0900268554688,771.719970703125,771.719970703125,173773,0.0,0.0,0.0
2026-08-05 12:28:00-04:00,771.7100219726562,771.8400268554688,771.6300048828125,771.8250122070312,78251,0.0,0.0,0.0
2026-08-05 12:29:00-04:00,771.8300170898438,772.1199951171875,771.8300170898438,772.0999755859375,100349,0.0,0.0,0.0
2026-08-05 12:30:00-04:00,772.0900268554688,772.219970703125,771.72998046875,771.739990234375,185469,0.0,0.0,0.0
2026-08-05 12:31:00-04:00,771.7349853515625,771.77001953125,771.52001953125,771.5700073242188,78738,0.0,0.0,0.0
2026-08-05 12:32:00-04:00,771.5900268554688,771.8400268554688,771.52001953125,771.7799072265625,55560,0.0,0.0,0.0
2026-08-05 12:33:00-04:00,771.77001953125,771.780029296875,771.2000122070312,771.3300170898438,49471,0.0,0.0,0.0
2026-08-05 12:34:00-04:00,771.3099975585938,771.72998046875,771.2999877929688,771.6900024414062,57819,0.0,0.0,0.0
2026-08-05 12:35:00-04:00,771.6900024414062,771.7000122070312,771.3599853515625,771.5372924804688,61619,0.0,0.0,0.0
2026-08-05 12:36:00-04:00,771.530029296875,771.6099853515625,771.3400268554688,771.5499877929688,49311,0.0,0.0,0.0
2026-08-05 12:37:00-04:00,771.5435791015625,771.6199951171875,771.4500122070312,771.5700073242188,55582,0.0,0.0,0.0
2026-08-05 12:38:00-04:00,771.5800170898438,771.7899780273438,771.5250244140625,771.780029296875,38008,0.0,0.0,0.0
2026-08-05 12:39:00-04:00,771.7899780273438,771.8394775390625,771.5,771.5599975585938,42811,0.0,0.0,0.0
2026-08-05 12:40:00-04:00,771.5499877929688,771.8099975585938,771.530029296875,771.7999877929688,49196,0.0,0.0,0.0
2026-08-05 12:41:00-04:00,771.8099975585938,772.0,771.75,771.760009765625,57107,0.0,0.0,0.0
2026-08-05 12:42:00-04:00,771.75,771.760009765625,771.3900146484375,771.4299926757812,52395,0.0,0.0,0.0
2026-08-05 12:43:00-04:00,771.4400024414062,771.719970703125,771.3770751953125,771.7000122070312,77462,0.0,0.0,0.0
2026-08-05 12:44:00-04:00,771.7100219726562,771.8300170898438,771.57470703125,771.5900268554688,88080,0.0,0.0,0.0
2026-08-05 12:45:00-04:00,771.5800170898438,771.75,771.4099731445312,771.6749877929688,80893,0.0,0.0,0.0
2026-08-05 12:46:00-04:00,771.6649780273438,771.6900024414062,771.385009765625,771.4400024414062,16157,0.0,0.0,0.0
2026-08-05 12:47:00-04:00,771.4600219726562,771.6140747070312,771.4550170898438,771.47998046875,43212,0.0,0.0,0.0
2026-08-05 12:48:00-04:00,771.4299926757812,771.5499877929688,771.2899780273438,771.5,31386,0.0,0.0,0.0
2026-08-05 12:49:00-04:00,771.4749755859375,771.5150146484375,771.3499755859375,771.4249877929688,23667,0.0,0.0,0.0
2026-08-05 12:50:00-04:00,771.4000244140625,771.8900146484375,771.385009765625,771.8900146484375,86037,0.0,0.0,0.0
2026-08-05 12:51:00-04:00,771.8599853515625,771.9400024414062,771.6699829101562,771.7449951171875,72658,0.0,0.0,0.0
2026-08-05 12:52:00-04:00,771.739990234375,771.9500122070312,771.6900024414062,771.760009765625,104555,0.0,0.0,0.0
2026-08-05 12:53:00-04:00,771.77001953125,772.0599975585938,771.7100219726562,772.0399780273438,109957,0.0,0.0,0.0
2026-08-05 12:54:00-04:00,772.0399780273438,772.0800170898438,771.8800048828125,772.010009765625,76143,0.0,0.0,0.0
2026-08-05 12:55:00-04:00,772.010009765625,772.052490234375,771.875,771.9400024414062,48523,0.0,0.0,0.0
2026-08-05 12:56:00-04:00,771.9299926757812,772.0800170898438,771.8599853515625,771.9000244140625,61188,0.0,0.0,0.0
2026-08-05 12:57:00-04:00,771.8900146484375,772.125,771.885009765625,772.0549926757812,93788,0.0,0.0,0.0
2026-08-05 12:58:00-04:00,772.0499877929688,772.1699829101562,771.780029296875,771.8499755859375,60894,0.0,0.0,0.0
2026-08-05 12:59:00-04:00,771.8499755859375,771.9199829101562,771.7050170898438,771.8524780273438,39792,0.0,0.0,0.0
2026-08-05 13:00:00-04:00,771.8900146484375,772.0700073242188,771.6400756835938,771.8499755859375,55284,0.0,0.0,0.0
2026-08-05 13:01:00-04:00,771.875,772.1599731445312,771.875,772.0994262695312,51574,0.0,0.0,0.0
2026-08-05 13:02:00-04:00,772.094970703125,772.094970703125,771.52001953125,771.5599975585938,40174,0.0,0.0,0.0
2026-08-05 13:03:00-04:00,771.5579223632812,771.6900024414062,771.4099731445312,771.6300048828125,38160,0.0,0.0,0.0
2026-08-05 13:04:00-04:00,771.6300048828125,771.6500244140625,771.2999877929688,771.405029296875,52670,0.0,0.0,0.0
2026-08-05 13:05:00-04:00,771.405029296875,771.5679931640625,771.2899780273438,771.510009765625,51728,0.0,0.0,0.0
2026-08-05 13:06:00-04:00,771.530029296875,771.5999755859375,771.0700073242188,771.1900024414062,56440,0.0,0.0,0.0
2026-08-05 13:07:00-04:00,771.1599731445312,771.509521484375,771.1199951171875,771.3400268554688,84844,0.0,0.0,0.0
2026-08-05 13:08:00-04:00,771.3250122070312,771.510009765625,771.260009765625,771.4249877929688,26738,0.0,0.0,0.0
2026-08-05 13:09:00-04:00,771.4249877929688,771.469970703125,771.27001953125,771.3200073242188,25484,0.0,0.0,0.0
2026-08-05 13:10:00-04:00,771.3300170898438,771.3900146484375,771.1199951171875,771.1199951171875,64153,0.0,0.0,0.0
2026-08-05 13:11:00-04:00,771.0999755859375,771.5750122070312,771.0399780273438,771.5750122070312,121470,0.0,0.0,0.0
2026-08-05 13:12:00-04:00,771.5800170898438,771.75,771.47998046875,771.6527099609375,71672,0.0,0.0,0.0
2026-08-05 13:13:00-04:00,771.6649780273438,771.6649780273438,771.3900146484375,771.47998046875,297644,0.0,0.0,0.0
2026-08-05 13:14:00-04:00,771.4400024414062,771.6400146484375,771.4099731445312,771.5,132636,0.0,0.0,0.0
2026-08-05 13:15:00-04:00,771.4801025390625,771.760009765625,771.239990234375,771.72998046875,57459,0.0,0.0,0.0
2026-08-05 13:16:00-04:00,771.719970703125,771.8049926757812,771.5014038085938,771.52001953125,74281,0.0,0.0,0.0
2026-08-05 13:17:00-04:00,771.510009765625,771.5599975585938,771.22998046875,771.4000244140625,45857,0.0,0.0,0.0
2026-08-05 13:18:00-04:00,771.4199829101562,771.52001953125,771.3099975585938,771.52001953125,31806,0.0,0.0,0.0
2026-08-05 13:19:00-04:00,771.5001220703125,771.5700073242188,771.3599853515625,771.3800048828125,36190,0.0,0.0,0.0
2026-08-05 13:20:00-04:00,771.4099731445312,771.4600219726562,771.3099975585938,771.4199829101562,33330,0.0,0.0,0.0
2026-08-05 13:21:00-04:00,771.4000244140625,771.4400024414062,771.2899780273438,771.3800048828125,34495,0.0,0.0,0.0
2026-08-05 13:22:00-04:00,771.3900146484375,771.4223022460938,771.0700073242188,771.0900268554688,43149,0.0,0.0,0.0
2026-08-05 13:23:00-04:00,771.0700073242188,771.3200073242188,771.010009765625,771.2100219726562,35174,0.0,0.0,0.0
2026-08-05 13:24:00-04:00,771.2100219726562,771.4400024414062,771.1749877929688,771.4249877929688,29383,0.0,0.0,0.0
2026-08-05 13:25:00-04:00,771.4298706054688,771.489990234375,771.27001953125,771.469970703125,27148,0.0,0.0,0.0
2026-08-05 13:26:00-04:00,771.489990234375,771.75,771.489990234375,771.72998046875,34271,0.0,0.0,0.0
2026-08-05 13:27:00-04:00,771.7050170898438,771.802490234375,771.5700073242188,771.594970703125,38903,0.0,0.0,0.0
2026-08-05 13:28:00-04:00,771.594970703125,771.6599731445312,771.489990234375,771.5399780273438,22171,0.0,0.0,0.0
2026-08-05 13:29:00-04:00,771.5499877929688,771.5499877929688,771.260009765625,771.3400268554688,32343,0.0,0.0,0.0
2026-08-05 13:30:00-04:00,771.3300170898438,771.3300170898438,771.1199951171875,771.22998046875,32143,0.0,0.0,0.0
2026-08-05 13:31:00-04:00,771.22998046875,771.2899780273438,771.0700073242188,771.27001953125,38509,0.0,0.0,0.0
2026-08-05 13:32:00-04:00,771.2899780273438,771.489990234375,771.2000122070312,771.4349975585938,29227,0.0,0.0,0.0
2026-08-05 13:33:00-04:00,771.4400024414062,771.5800170898438,771.2901000976562,771.5700073242188,38467,0.0,0.0,0.0
2026-08-05 13:34:00-04:00,771.5800170898438,771.7296752929688,771.4500122070312,771.5900268554688,32961,0.0,0.0,0.0
2026-08-05 13:35:00-04:00,771.5900268554688,771.780029296875,771.4949951171875,771.72998046875,49878,0.0,0.0,0.0
2026-08-05 13:36:00-04:00,771.739990234375,771.760009765625,771.510009765625,771.6199951171875,35501,0.0,0.0,0.0
2026-08-05 13:37:00-04:00,771.6099853515625,771.77001953125,771.4605102539062,771.6749877929688,43357,0.0,0.0,0.0
2026-08-05 13:38:00-04:00,771.6799926757812,771.7000122070312,771.5399780273438,771.6300048828125,25413,0.0,0.0,0.0
2026-08-05 13:39:00-04:00,771.6300048828125,771.6699829101562,771.5599975585938,771.6599731445312,28718,0.0,0.0,0.0
2026-08-05 13:40:00-04:00,771.6599731445312,772.010009765625,771.6599731445312,771.9500122070312,51817,0.0,0.0,0.0
2026-08-05 13:41:00-04:00,771.9249877929688,771.9428100585938,771.7150268554688,771.760009765625,30917,0.0,0.0,0.0
2026-08-05 13:42:00-04:00,771.72998046875,771.8900146484375,771.6900024414062,771.7899780273438,39550,0.0,0.0,0.0
2026-08-05 13:43:00-04:00,771.7899780273438,771.8800048828125,771.6900024414062,771.8400268554688,33800,0.0,0.0,0.0
2026-08-05 13:44:00-04:00,771.8499755859375,771.8599853515625,771.7000122070312,771.7017822265625,31867,0.0,0.0,0.0
2026-08-05 13:45:00-04:00,771.7000122070312,771.7000122070312,771.3300170898438,771.52001953125,30694,0.0,0.0,0.0
2026-08-05 13:46:00-04:00,771.5449829101562,771.5900268554688,771.4299926757812,771.5700073242188,27014,0.0,0.0,0.0
2026-08-05 13:47:00-04:00,771.5599975585938,771.7200927734375,771.4299926757812,771.7000122070312,28881,0.0,0.0,0.0
2026-08-05 13:48:00-04:00,771.6799926757812,771.739990234375,771.5599975585938,771.72998046875,19520,0.0,0.0,0.0
2026-08-05 13:49:00-04:00,771.7550048828125,771.9249877929688,771.7550048828125,771.8300170898438,28605,0.0,0.0,0.0
2026-08-05 13:50:00-04:00,771.8300170898438,771.9500122070312,771.7249755859375,771.72998046875,70005,0.0,0.0,0.0
2026-08-05 13:51:00-04:00,771.72998046875,771.9600219726562,771.6900024414062,771.9299926757812,50036,0.0,0.0,0.0
2026-08-05 13:52:00-04:00,771.9500122070312,771.9500122070312,771.7100219726562,771.8499755859375,35741,0.0,0.0,0.0
2026-08-05 13:53:00-04:00,771.8200073242188,771.8200073242188,771.64501953125,771.760009765625,65504,0.0,0.0,0.0
2026-08-05 13:54:00-04:00,771.739990234375,771.7899780273438,771.5900268554688,771.6400146484375,48039,0.0,0.0,0.0
2026-08-05 13:55:00-04:00,771.6300048828125,771.635009765625,771.4600219726562,771.5900268554688,42062,0.0,0.0,0.0
2026-08-05 13:56:00-04:00,771.5999755859375,771.7999877929688,771.5599975585938,771.780029296875,43867,0.0,0.0,0.0
2026-08-05 13:57:00-04:00,771.780029296875,771.780029296875,771.614990234375,771.7550048828125,24778,0.0,0.0,0.0
2026-08-05 13:58:00-04:00,771.75,771.8400268554688,771.6599731445312,771.6799926757812,31201,0.0,0.0,0.0
2026-08-05 13:59:00-04:00,771.6799926757812,771.72998046875,771.5264892578125,771.5549926757812,28509,0.0,0.0,0.0
2026-08-05 14:00:00-04:00,771.5599975585938,771.77001953125,771.5399780273438,771.6099853515625,68851,0.0,0.0,0.0
2026-08-05 14:01:00-04:00,771.6099853515625,771.719970703125,771.5800170898438,771.594970703125,131853,0.0,0.0,0.0
2026-08-05 14:02:00-04:00,771.5499877929688,771.8200073242188,771.5399780273438,771.77001953125,100762,0.0,0.0,0.0
2026-08-05 14:03:00-04:00,771.7899780273438,771.95751953125,771.7301025390625,771.9249877929688,118018,0.0,0.0,0.0
2026-08-05 14:04:00-04:00,771.9149780273438,772.1699829101562,771.8499755859375,772.1201171875,92323,0.0,0.0,0.0
2026-08-05 14:05:00-04:00,772.1199951171875,772.2100219726562,772.0150146484375,772.1900024414062,68839,0.0,0.0,0.0
2026-08-05 14:06:00-04:00,772.2100219726562,772.25,771.830078125,771.9287109375,66878,0.0,0.0,0.0
2026-08-05 14:07:00-04:00,771.9199829101562,771.9400024414062,771.719970703125,771.8049926757812,105772,0.0,0.0,0.0
2026-08-05 14:08:00-04:00,771.7899780273438,771.9000244140625,771.6799926757812,771.9000244140625,39114,0.0,0.0,0.0
2026-08-05 14:09:00-04:00,771.885009765625,771.9749755859375,771.780029296875,771.9099731445312,38627,0.0,0.0,0.0
2026-08-05 14:10:00-04:00,771.9600219726562,772.02001953125,771.8499755859375,771.8800048828125,252865,0.0,0.0,0.0
2026-08-05 14:11:00-04:00,771.8599853515625,772.10498046875,771.8499755859375,772.0800170898438,55837,0.0,0.0,0.0
2026-08-05 14:12:00-04:00,772.0700073242188,772.0999755859375,771.9600219726562,772.0,61982,0.0,0.0,0.0
2026-08-05 14:13:00-04:00,772.0,772.030029296875,771.8800048828125,771.905029296875,40656,0.0,0.0,0.0
2026-08-05 14:14:00-04:00,771.9249877929688,771.969970703125,771.760986328125,771.7899780273438,29918,0.0,0.0,0.0
2026-08-05 14:15:00-04:00,771.7999877929688,772.0650024414062,771.6699829101562,772.0599975585938,81018,0.0,0.0,0.0
2026-08-05 14:16:00-04:00,772.0449829101562,772.0599975585938,771.9650268554688,772.0150146484375,33853,0.0,0.0,0.0
2026-08-05 14:17:00-04:00,772.02001953125,772.0800170898438,771.8250122070312,771.8400268554688,43526,0.0,0.0,0.0
2026-08-05 14:18:00-04:00,771.8300170898438,771.969970703125,771.7999877929688,771.969970703125,41379,0.0,0.0,0.0
2026-08-05 14:19:00-04:00,771.9600219726562,772.0999755859375,771.9400024414062,772.0399780273438,35563,0.0,0.0,0.0
2026-08-05 14:20:00-04:00,772.0399780273438,772.0549926757812,771.9000244140625,772.02001953125,78435,0.0,0.0,0.0
2026-08-05 14:21:00-04:00,772.010009765625,772.02001953125,771.9099731445312,771.9299926757812,33054,0.0,0.0,0.0
2026-08-05 14:22:00-04:00,771.9199829101562,771.969970703125,771.7401123046875,771.8200073242188,33911,0.0,0.0,0.0
2026-08-05 14:23:00-04:00,771.8499755859375,771.9099731445312,771.7763061523438,771.9099731445312,22975,0.0,0.0,0.0
2026-08-05 14:24:00-04:00,771.9199829101562,771.9600219726562,771.8300170898438,771.8599853515625,61527,0.0,0.0,0.0
2026-08-05 14:25:00-04:00,771.8499755859375,772.0700073242188,771.8499755859375,772.0549926757812,64747,0.0,0.0,0.0
2026-08-05 14:26:00-04:00,772.0549926757812,772.1199951171875,771.9749755859375,771.989990234375,126623,0.0,0.0,0.0
2026-08-05 14:27:00-04:00,771.989990234375,772.02001953125,771.9000244140625,771.9099731445312,45256,0.0,0.0,0.0
2026-08-05 14:28:00-04:00,771.9099731445312,771.9299926757812,771.8099975585938,771.8699951171875,73779,0.0,0.0,0.0
2026-08-05 14:29:00-04:00,771.8699951171875,771.969970703125,771.8599853515625,771.9400024414062,31058,0.0,0.0,0.0
2026-08-05 14:30:00-04:00,771.9299926757812,771.9400024414062,771.4500122070312,771.52001953125,127904,0.0,0.0,0.0
2026-08-05 14:31:00-04:00,771.5499877929688,771.5499877929688,771.2600708007812,771.2999877929688,54508,0.0,0.0,0.0
2026-08-05 14:32:00-04:00,771.2999877929688,771.3800048828125,771.2000122070312,771.27001953125,59058,0.0,0.0,0.0
2026-08-05 14:33:00-04:00,771.25,771.4000244140625,771.25,771.3599853515625,123938,0.0,0.0,0.0
2026-08-05 14:34:00-04:00,771.344970703125,771.47998046875,771.22998046875,771.3599853515625,35292,0.0,0.0,0.0
2026-08-05 14:35:00-04:00,771.3599853515625,771.5599975585938,771.3400268554688,771.5399780273438,50829,0.0,0.0,0.0
2026-08-05 14:36:00-04:00,771.530029296875,771.6900024414062,771.5,771.564697265625,140157,0.0,0.0,0.0
2026-08-05 14:37:00-04:00,771.5800170898438,771.6300048828125,771.4400024414062,771.5999755859375,103601,0.0,0.0,0.0
2026-08-05 14:38:00-04:00,771.5999755859375,771.7098999023438,771.47998046875,771.5999755859375,32351,0.0,0.0,0.0
2026-08-05 14:39:00-04:00,771.60498046875,771.6699829101562,771.4600219726562,771.4600219726562,32988,0.0,0.0,0.0
2026-08-05 14:40:00-04:00,771.469970703125,771.6699829101562,771.4199829101562,771.5150146484375,91414,0.0,0.0,0.0
2026-08-05 14:41:00-04:00,771.5,771.5599975585938,771.3972778320312,771.5399780273438,52937,0.0,0.0,0.0
2026-08-05 14:42:00-04:00,771.5250244140625,771.6699829101562,771.4550170898438,771.6699829101562,41253,0.0,0.0,0.0
2026-08-05 14:43:00-04:00,771.6599731445312,771.6599731445312,771.5150146484375,771.5499877929688,46972,0.0,0.0,0.0
2026-08-05 14:44:00-04:00,771.5549926757812,771.625,771.5,771.5800170898438,60951,0.0,0.0,0.0
2026-08-05 14:45:00-04:00,771.5700073242188,771.8099975585938,771.5150146484375,771.780029296875,111484,0.0,0.0,0.0
2026-08-05 14:46:00-04:00,771.7750244140625,771.8099975585938,771.6300048828125,771.7899780273438,48815,0.0,0.0,0.0
2026-08-05 14:47:00-04:00,771.7849731445312,771.8699951171875,771.739990234375,771.7899780273438,51119,0.0,0.0,0.0
2026-08-05 14:48:00-04:00,771.7899780273438,771.9500122070312,771.77001953125,771.8099975585938,43964,0.0,0.0,0.0
2026-08-05 14:49:00-04:00,771.7999877929688,771.8400268554688,771.72998046875,771.8099975585938,25377,0.0,0.0,0.0
2026-08-05 14:50:00-04:00,771.8099975585938,771.9600219726562,771.760009765625,771.9000244140625,47214,0.0,0.0,0.0
2026-08-05 14:51:00-04:00,771.8900146484375,771.9199829101562,771.7000122070312,771.75,36317,0.0,0.0,0.0
2026-08-05 14:52:00-04:00,771.72998046875,771.77001953125,771.6400146484375,771.6799926757812,44283,0.0,0.0,0.0
2026-08-05 14:53:00-04:00,771.7000122070312,771.780029296875,771.6300048828125,771.6950073242188,57698,0.0,0.0,0.0
2026-08-05 14:54:00-04:00,771.7150268554688,771.8300170898438,771.6400146484375,771.72998046875,69009,0.0,0.0,0.0
2026-08-05 14:55:00-04:00,771.72998046875,771.7750244140625,771.5499877929688,771.5700073242188,146559,0.0,0.0,0.0
2026-08-05 14:56:00-04:00,771.5499877929688,771.5499877929688,771.4000244140625,771.4395751953125,63975,0.0,0.0,0.0
2026-08-05 14:57:00-04:00,771.4400024414062,771.5900268554688,771.3599853515625,771.5800170898438,111838,0.0,0.0,0.0
2026-08-05 14:58:00-04:00,771.5750122070312,771.6300048828125,771.5,771.5250244140625,44095,0.0,0.0,0.0
2026-08-05 14:59:00-04:00,771.52001953125,771.5499877929688,771.3400268554688,771.3909912109375,67105,0.0,0.0,0.0
2026-08-05 15:00:00-04:00,771.4000244140625,771.489990234375,771.239990234375,771.413818359375,57408,0.0,0.0,0.0
2026-08-05 15:01:00-04:00,771.4099731445312,771.6199951171875,771.3599853515625,771.5700073242188,57887,0.0,0.0,0.0
2026-08-05 15:02:00-04:00,771.5750122070312,771.6199951171875,771.4299926757812,771.47998046875,104143,0.0,0.0,0.0
2026-08-05 15:03:00-04:00,771.489990234375,771.5599975585938,771.3599853515625,771.52001953125,62103,0.0,0.0,0.0
2026-08-05 15:04:00-04:00,771.510009765625,771.6300048828125,771.510009765625,771.6298828125,64616,0.0,0.0,0.0
2026-08-05 15:05:00-04:00,771.6099853515625,771.8400268554688,771.5599975585938,771.760009765625,49841,0.0,0.0,0.0
2026-08-05 15:06:00-04:00,771.760009765625,771.760009765625,771.5599975585938,771.5800170898438,51369,0.0,0.0,0.0
2026-08-05 15:07:00-04:00,771.5900268554688,771.8499755859375,771.52001953125,771.7999877929688,85190,0.0,0.0,0.0
2026-08-05 15:08:00-04:00,771.7949829101562,771.8150024414062,771.6599731445312,771.7550048828125,37179,0.0,0.0,0.0
2026-08-05 15:09:00-04:00,771.739990234375,771.75,771.6400146484375,771.6904907226562,46349,0.0,0.0,0.0
2026-08-05 15:10:00-04:00,771.7000122070312,771.719482421875,771.5599975585938,771.6900024414062,107558,0.0,0.0,0.0
2026-08-05 15:11:00-04:00,771.6699829101562,771.6849975585938,771.5399780273438,771.6300048828125,63159,0.0,0.0,0.0
2026-08-05 15:12:00-04:00,771.6400146484375,771.6900024414062,771.6099853515625,771.6599731445312,42733,0.0,0.0,0.0
2026-08-05 15:13:00-04:00,771.6599731445312,771.780029296875,771.6199951171875,771.6799926757812,60435,0.0,0.0,0.0
2026-08-05 15:14:00-04:00,771.6749877929688,771.77001953125,771.6300048828125,771.72998046875,76290,0.0,0.0,0.0
2026-08-05 15:15:00-04:00,771.739990234375,771.8400268554688,771.6599731445312,771.7999877929688,54249,0.0,0.0,0.0
2026-08-05 15:16:00-04:00,771.7899780273438,771.8900146484375,771.72998046875,771.8300170898438,39919,0.0,0.0,0.0
2026-08-05 15:17:00-04:00,771.8150024414062,771.8599853515625,771.7401123046875,771.8099975585938,23314,0.0,0.0,0.0
2026-08-05 15:18:00-04:00,771.7999877929688,771.8800048828125,771.760009765625,771.8800048828125,85959,0.0,0.0,0.0
2026-08-05 15:19:00-04:00,771.8699951171875,771.9190063476562,771.75,771.8200073242188,101216,0.0,0.0,0.0
2026-08-05 15:20:00-04:00,771.8300170898438,771.989013671875,771.8300170898438,771.8800048828125,75730,0.0,0.0,0.0
2026-08-05 15:21:00-04:00,771.8800048828125,771.8800048828125,771.6500244140625,771.7249755859375,63522,0.0,0.0,0.0
2026-08-05 15:22:00-04:00,771.7249755859375,771.8400268554688,771.7000122070312,771.719970703125,98463,0.0,0.0,0.0
2026-08-05 15:23:00-04:00,771.72998046875,771.9500122070312,771.719970703125,771.8900146484375,193234,0.0,0.0,0.0
2026-08-05 15:24:00-04:00,771.8900146484375,771.9099731445312,771.8200073242188,771.869873046875,101646,0.0,0.0,0.0
2026-08-05 15:25:00-04:00,771.8599853515625,771.9249877929688,771.760009765625,771.8200073242188,236393,0.0,0.0,0.0
2026-08-05 15:26:00-04:00,771.8099975585938,771.9550170898438,771.7999877929688,771.9400024414062,57853,0.0,0.0,0.0
2026-08-05 15:27:00-04:00,771.9299926757812,771.969970703125,771.875,771.9099731445312,58254,0.0,0.0,0.0
2026-08-05 15:28:00-04:00,771.9099731445312,771.9400024414062,771.8099975585938,771.864990234375,61432,0.0,0.0,0.0
2026-08-05 15:29:00-04:00,771.8699951171875,771.9099731445312,771.77001953125,771.7999267578125,81527,0.0,0.0,0.0
2026-08-05 15:30:00-04:00,771.780029296875,771.8900146484375,771.72998046875,771.8300170898438,87560,0.0,0.0,0.0
2026-08-05 15:31:00-04:00,771.8099975585938,771.8099975585938,771.5800170898438,771.60498046875,95157,0.0,0.0,0.0
2026-08-05 15:32:00-04:00,771.60498046875,771.72998046875,771.5700073242188,771.655029296875,91437,0.0,0.0,0.0
2026-08-05 15:33:00-04:00,771.6500244140625,771.6699829101562,771.364990234375,771.4650268554688,108246,0.0,0.0,0.0
2026-08-05 15:34:00-04:00,771.4650268554688,771.5900268554688,771.4500122070312,771.5399780273438,71545,0.0,0.0,0.0
2026-08-05 15:35:00-04:00,771.5399780273438,771.5399780273438,771.2550048828125,771.3350219726562,158577,0.0,0.0,0.0
2026-08-05 15:36:00-04:00,771.3350219726562,771.4000244140625,771.2537841796875,771.375,142087,0.0,0.0,0.0
2026-08-05 15:37:00-04:00,771.375,771.5120239257812,771.3200073242188,771.375,116223,0.0,0.0,0.0
2026-08-05 15:38:00-04:00,771.375,771.489990234375,771.3200073242188,771.3200073242188,96722,0.0,0.0,0.0
2026-08-05 15:39:00-04:00,771.3049926757812,771.3599853515625,771.260009765625,771.3051147460938,70697,0.0,0.0,0.0
2026-08-05 15:40:00-04:00,771.2999877929688,771.5399780273438,771.27001953125,771.5250244140625,81536,0.0,0.0,0.0
2026-08-05 15:41:00-04:00,771.5250244140625,771.5599975585938,771.4000244140625,771.489990234375,65894,0.0,0.0,0.0
2026-08-05 15:42:00-04:00,771.510009765625,771.6298828125,771.4749755859375,771.5599975585938,56650,0.0,0.0,0.0
2026-08-05 15:43:00-04:00,771.5549926757812,771.5800170898438,771.4500122070312,771.489990234375,74032,0.0,0.0,0.0
2026-08-05 15:44:00-04:00,771.489990234375,771.52001953125,771.4000244140625,771.4949951171875,204462,0.0,0.0,0.0
2026-08-05 15:45:00-04:00,771.47998046875,771.6500244140625,771.4500122070312,771.5399780273438,171743,0.0,0.0,0.0
2026-08-05 15:46:00-04:00,771.5499877929688,771.5499877929688,771.2000122070312,771.2520141601562,91551,0.0,0.0,0.0
2026-08-05 15:47:00-04:00,771.260009765625,771.47998046875,771.260009765625,771.469970703125,97525,0.0,0.0,0.0
2026-08-05 15:48:00-04:00,771.47998046875,771.47998046875,771.2100219726562,771.25,80499,0.0,0.0,0.0
2026-08-05 15:49:00-04:00,771.25,771.489990234375,771.239990234375,771.489990234375,278039,0.0,0.0,0.0
2026-08-05 15:50:00-04:00,771.489990234375,771.7000122070312,771.3599853515625,771.3900146484375,149721,0.0,0.0,0.0
2026-08-05 15:51:00-04:00,771.3900146484375,771.5599975585938,771.3800048828125,771.5075073242188,146722,0.0,0.0,0.0
2026-08-05 15:52:00-04:00,771.5050048828125,771.5800170898438,771.3900146484375,771.4400024414062,105629,0.0,0.0,0.0
2026-08-05 15:53:00-04:00,771.4349975585938,771.5999755859375,771.3699951171875,771.5900268554688,141523,0.0,0.0,0.0
2026-08-05 15:54:00-04:00,771.594970703125,771.594970703125,771.4249877929688,771.5,167642,0.0,0.0,0.0
2026-08-05 15:55:00-04:00,771.510009765625,771.5900268554688,771.3499755859375,771.3499755859375,430627,0.0,0.0,0.0
2026-08-05 15:56:00-04:00,771.3499755859375,771.3599853515625,771.094970703125,771.1849975585938,216050,0.0,0.0,0.0
2026-08-05 15:57:00-04:00,771.1799926757812,771.2100219726562,770.9600219726562,771.125,801922,0.0,0.0,0.0
2026-08-05 15:58:00-04:00,771.1199951171875,771.135009765625,770.880126953125,770.9349975585938,445802,0.0,0.0,0.0
2026-08-05 15:59:00-04:00,770.9299926757812,770.9400024414062,769.510009765625,769.739990234375,1135700,0.0,0.0,0.0
2026-08-06 09:30:00-04:00,770.2100219726562,770.7899780273438,770.0999755859375,770.2100219726562,1178463,0.0,0.0,0.0
2026-08-06 09:31:00-04:00,770.2000122070312,770.4500122070312,769.9920043945312,769.9920043945312,238495,0.0,0.0,0.0
2026-08-06 09:32:00-04:00,770.0,770.0499877929688,769.3604736328125,769.4400024414062,235422,0.0,0.0,0.0
2026-08-06 09:33:00-04:00,769.4400024414062,769.5499877929688,769.0576171875,769.469970703125,141802,0.0,0.0,0.0
2026-08-06 09:34:00-04:00,769.4450073242188,770.0399780273438,769.25,769.9199829101562,118827,0.0,0.0,0.0
2026-08-06 09:35:00-04:00,769.9000244140625,770.0999755859375,769.5999755859375,770.0,163519,0.0,0.0,0.0
2026-08-06 09:36:00-04:00,770.0,770.5599975585938,770.0,770.4500122070312,156316,0.0,0.0,0.0
2026-08-06 09:37:00-04:00,770.47998046875,770.8699951171875,770.4199829101562,770.530029296875,97181,0.0,0.0,0.0
2026-08-06 09:38:00-04:00,770.5399780273438,770.7374877929688,770.1849975585938,770.2100219726562,70190,0.0,0.0,0.0
2026-08-06 09:39:00-04:00,770.219970703125,770.3400268554688,769.6817016601562,769.719970703125,91563,0.0,0.0,0.0
2026-08-06 09:40:00-04:00,769.7050170898438,770.2000122070312,769.5050048828125,770.0150146484375,85656,0.0,0.0,0.0
2026-08-06 09:41:00-04:00,770.0349731445312,770.5399780273438,770.0349731445312,770.3900146484375,62432,0.0,0.0,0.0
2026-08-06 09:42:00-04:00,770.39501953125,770.5499877929688,770.1599731445312,770.239990234375,61876,0.0,0.0,0.0
2026-08-06 09:43:00-04:00,770.239990234375,770.7579956054688,770.239990234375,770.610107421875,49918,0.0,0.0,0.0
2026-08-06 09:44:00-04:00,770.6900024414062,770.9000244140625,770.3602294921875,770.5,54419,0.0,0.0,0.0
2026-08-06 09:45:00-04:00,770.47998046875,770.9299926757812,770.47998046875,770.6799926757812,87988,0.0,0.0,0.0
2026-08-06 09:46:00-04:00,770.6599731445312,771.0650024414062,770.5900268554688,771.0599975585938,66084,0.0,0.0,0.0
2026-08-06 09:47:00-04:00,771.0449829101562,771.4199829101562,771.0,771.4199829101562,85036,0.0,0.0,0.0
2026-08-06 09:48:00-04:00,771.4299926757812,771.52001953125,771.3049926757812,771.4000244140625,62887,0.0,0.0,0.0
2026-08-06 09:49:00-04:00,771.4099731445312,771.52001953125,771.25,771.3099975585938,42242,0.0,0.0,0.0
2026-08-06 09:50:00-04:00,771.3099975585938,771.52001953125,771.14501953125,771.3400268554688,107810,0.0,0.0,0.0
2026-08-06 09:51:00-04:00,771.3400268554688,771.3900146484375,771.0399780273438,771.3900146484375,44579,0.0,0.0,0.0
2026-08-06 09:52:00-04:00,771.4299926757812,771.5250244140625,771.219970703125,771.3200073242188,62467,0.0,0.0,0.0
2026-08-06 09:53:00-04:00,771.3300170898438,771.4199829101562,771.02001953125,771.0900268554688,42152,0.0,0.0,0.0
2026-08-06 09:54:00-04:00,771.094970703125,771.1900024414062,770.780029296875,770.9199829101562,103764,0.0,0.0,0.0
2026-08-06 09:55:00-04:00,770.9249877929688,771.14501953125,770.781005859375,771.0001220703125,32393,0.0,0.0,0.0
2026-08-06 09:56:00-04:00,771.0,771.260009765625,770.6599731445312,770.7899780273438,111194,0.0,0.0,0.0
2026-08-06 09:57:00-04:00,770.8200073242188,771.060791015625,770.739990234375,770.8800048828125,49901,0.0,0.0,0.0
2026-08-06 09:58:00-04:00,770.8800048828125,770.9149780273438,770.72998046875,770.8900146484375,75769,0.0,0.0,0.0
2026-08-06 09:59:00-04:00,770.9099731445312,771.1099853515625,770.5399780273438,770.9199829101562,43699,0.0,0.0,0.0
2026-08-06 10:00:00-04:00,770.9500122070312,771.239990234375,770.614990234375,770.969970703125,77146,0.0,0.0,0.0
2026-08-06 10:01:00-04:00,770.9949951171875,771.1099853515625,770.6500244140625,770.9600219726562,63277,0.0,0.0,0.0
2026-08-06 10:02:00-04:00,770.969970703125,771.3460083007812,770.9400024414062,771.3400268554688,53546,0.0,0.0,0.0
2026-08-06 10:03:00-04:00,771.3499755859375,771.3499755859375,770.6799926757812,770.7100830078125,42048,0.0,0.0,0.0
2026-08-06 10:04:00-04:00,770.7000122070312,771.1799926757812,770.6900024414062,771.1300048828125,34449,0.0,0.0,0.0
2026-08-06 10:05:00-04:00,771.1500244140625,771.2899780273438,770.9066772460938,771.0,35821,0.0,0.0,0.0
2026-08-06 10:06:00-04:00,770.97998046875,771.25,770.8900146484375,771.239990234375,39438,0.0,0.0,0.0
2026-08-06 10:07:00-04:00,771.2000122070312,771.47998046875,771.2000122070312,771.2899780273438,44266,0.0,0.0,0.0
2026-08-06 10:08:00-04:00,771.2899780273438,771.4349975585938,771.219970703125,771.4199829101562,41373,0.0,0.0,0.0
2026-08-06 10:09:00-04:00,771.405029296875,771.510009765625,771.2305297851562,771.4299926757812,89940,0.0,0.0,0.0
2026-08-06 10:10:00-04:00,771.4349975585938,771.5999145507812,771.3900146484375,771.5198974609375,64855,0.0,0.0,0.0
2026-08-06 10:11:00-04:00,771.5050048828125,771.77001953125,771.4749755859375,771.6749877929688,68888,0.0,0.0,0.0
2026-08-06 10:12:00-04:00,771.6799926757812,771.7100219726562,771.4000244140625,771.4000244140625,61187,0.0,0.0,0.0
2026-08-06 10:13:00-04:00,771.4099731445312,771.7100219726562,771.380126953125,771.594970703125,41977,0.0,0.0,0.0
2026-08-06 10:14:00-04:00,771.5900268554688,771.6599731445312,771.4500122070312,771.5499877929688,162921,0.0,0.0,0.0
2026-08-06 10:15:00-04:00,771.530029296875,771.5599975585938,771.1199951171875,771.3400268554688,62127,0.0,0.0,0.0
2026-08-06 10:16:00-04:00,771.3400268554688,771.3499755859375,771.1199951171875,771.1500244140625,40679,0.0,0.0,0.0
2026-08-06 10:17:00-04:00,771.1699829101562,771.6500244140625,771.1500244140625,771.6199951171875,41701,0.0,0.0,0.0
2026-08-06 10:18:00-04:00,771.6099853515625,771.8090209960938,771.4299926757812,771.7600708007812,49379,0.0,0.0,0.0
2026-08-06 10:19:00-04:00,771.760009765625,771.8099975585938,771.6199951171875,771.7050170898438,36353,0.0,0.0,0.0
2026-08-06 10:20:00-04:00,771.7239990234375,771.7899780273438,771.52001953125,771.6699829101562,30426,0.0,0.0,0.0
2026-08-06 10:21:00-04:00,771.6599731445312,771.6699829101562,771.4805297851562,771.5100708007812,32505,0.0,0.0,0.0
2026-08-06 10:22:00-04:00,771.530029296875,771.8200073242188,771.510009765625,771.6400146484375,63015,0.0,0.0,0.0
2026-08-06 10:23:00-04:00,771.6300048828125,771.6900024414062,771.3499755859375,771.3499755859375,68549,0.0,0.0,0.0
2026-08-06 10:24:00-04:00,771.3499755859375,771.47998046875,771.1699829101562,771.22998046875,85265,0.0,0.0,0.0
2026-08-06 10:25:00-04:00,771.22998046875,771.27001953125,770.7479248046875,771.0399780273438,63946,0.0,0.0,0.0
2026-08-06 10:26:00-04:00,771.030029296875,771.030029296875,770.3400268554688,770.5800170898438,123902,0.0,0.0,0.0
2026-08-06 10:27:00-04:00,770.5750122070312,770.5750122070312,770.260009765625,770.3800048828125,76359,0.0,0.0,0.0
2026-08-06 10:28:00-04:00,770.405029296875,770.6599731445312,770.22998046875,770.282470703125,60440,0.0,0.0,0.0
2026-08-06 10:29:00-04:00,770.260009765625,770.4500122070312,770.0700073242188,770.4500122070312,59366,0.0,0.0,0.0
2026-08-06 10:30:00-04:00,770.4500122070312,770.8200073242188,770.4349975585938,770.5382080078125,57171,0.0,0.0,0.0
2026-08-06 10:31:00-04:00,770.560302734375,770.6099853515625,770.25,770.469970703125,189965,0.0,0.0,0.0
2026-08-06 10:32:00-04:00,770.4849853515625,770.510009765625,770.1649780273438,770.4600219726562,107208,0.0,0.0,0.0
2026-08-06 10:33:00-04:00,770.4550170898438,770.5689697265625,770.2999877929688,770.52001953125,49238,0.0,0.0,0.0
2026-08-06 10:34:00-04:00,770.530029296875,770.8800048828125,770.4400024414062,770.7949829101562,72484,0.0,0.0,0.0
2026-08-06 10:35:00-04:00,770.7949829101562,770.9400024414062,770.7153930664062,770.9249877929688,91754,0.0,0.0,0.0
2026-08-06 10:36:00-04:00,770.9299926757812,770.9600219726562,770.4000244140625,770.60498046875,62222,0.0,0.0,0.0
2026-08-06 10:37:00-04:00,770.60498046875,770.60498046875,770.2000122070312,770.3099975585938,80979,0.0,0.0,0.0
2026-08-06 10:38:00-04:00,770.3099975585938,770.4000244140625,770.0399780273438,770.0399780273438,72844,0.0,0.0,0.0
2026-08-06 10:39:00-04:00,770.0399780273438,770.1599731445312,769.760009765625,769.760009765625,177568,0.0,0.0,0.0
2026-08-06 10:40:00-04:00,769.75,770.02001953125,769.6400146484375,769.9199829101562,66488,0.0,0.0,0.0
2026-08-06 10:41:00-04:00,769.9425048828125,770.3400268554688,769.89501953125,770.3300170898438,82760,0.0,0.0,0.0
2026-08-06 10:42:00-04:00,770.3300170898438,770.5800170898438,770.2600708007812,770.530029296875,43087,0.0,0.0,0.0
2026-08-06 10:43:00-04:00,770.5399780273438,770.6699829101562,770.3934936523438,770.6699829101562,30865,0.0,0.0,0.0
2026-08-06 10:44:00-04:00,770.64501953125,770.72998046875,770.1099853515625,770.14501953125,60352,0.0,0.0,0.0
2026-08-06 10:45:00-04:00,770.135009765625,770.2150268554688,769.75,770.0599975585938,107624,0.0,0.0,0.0
2026-08-06 10:46:00-04:00,770.0700073242188,770.094970703125,769.760009765625,769.77001953125,47451,0.0,0.0,0.0
2026-08-06 10:47:00-04:00,769.7449951171875,769.969970703125,769.72998046875,769.9400024414062,62450,0.0,0.0,0.0
2026-08-06 10:48:00-04:00,769.9550170898438,770.0,769.739990234375,769.8099975585938,60681,0.0,0.0,0.0
2026-08-06 10:49:00-04:00,769.7999877929688,769.896728515625,769.6500244140625,769.6699829101562,73307,0.0,0.0,0.0
2026-08-06 10:50:00-04:00,769.6599731445312,769.9600219726562,769.530029296875,769.9600219726562,84749,0.0,0.0,0.0
2026-08-06 10:51:00-04:00,769.9600219726562,769.9600219726562,769.739990234375,769.8200073242188,49188,0.0,0.0,0.0
2026-08-06 10:52:00-04:00,769.8099975585938,769.989990234375,769.72998046875,769.9299926757812,105237,0.0,0.0,0.0
2026-08-06 10:53:00-04:00,769.9000244140625,770.1300048828125,769.7899780273438,769.7899780273438,81424,0.0,0.0,0.0
2026-08-06 10:54:00-04:00,769.7899780273438,770.47998046875,769.780029296875,770.4500122070312,66606,0.0,0.0,0.0
2026-08-06 10:55:00-04:00,770.47998046875,770.530029296875,770.2899780273438,770.52001953125,49222,0.0,0.0,0.0
2026-08-06 10:56:00-04:00,770.489990234375,770.7999877929688,770.4199829101562,770.77001953125,48167,0.0,0.0,0.0
2026-08-06 10:57:00-04:00,770.7899780273438,771.0599975585938,770.6199951171875,770.9099731445312,69807,0.0,0.0,0.0
2026-08-06 10:58:00-04:00,770.9299926757812,771.010009765625,770.7111206054688,770.739990234375,52411,0.0,0.0,0.0
2026-08-06 10:59:00-04:00,770.719970703125,770.989990234375,770.6400146484375,770.9849853515625,36793,0.0,0.0,0.0
2026-08-06 11:00:00-04:00,771.0,771.2100219726562,770.9299926757812,770.9600219726562,60214,0.0,0.0,0.0
2026-08-06 11:01:00-04:00,770.95751953125,771.0399780273438,770.75,770.9099731445312,60046,0.0,0.0,0.0
2026-08-06 11:02:00-04:00,770.9099731445312,770.9299926757812,770.469970703125,770.510009765625,49564,0.0,0.0,0.0
2026-08-06 11:03:00-04:00,770.52001953125,770.5700073242188,770.1099853515625,770.239990234375,690784,0.0,0.0,0.0
2026-08-06 11:04:00-04:00,770.25,770.3599853515625,770.1699829101562,770.2899780273438,47539,0.0,0.0,0.0
2026-08-06 11:05:00-04:00,770.280029296875,770.5050048828125,770.27001953125,770.489990234375,67500,0.0,0.0,0.0
2026-08-06 11:06:00-04:00,770.5,770.6099853515625,770.3150024414062,770.5499877929688,32953,0.0,0.0,0.0
2026-08-06 11:07:00-04:00,770.5900268554688,770.7550048828125,770.469970703125,770.6900024414062,42707,0.0,0.0,0.0
2026-08-06 11:08:00-04:00,770.6799926757812,770.8099975585938,770.5900268554688,770.6300048828125,51187,0.0,0.0,0.0
2026-08-06 11:09:00-04:00,770.5999755859375,770.5999755859375,770.4099731445312,770.5700073242188,31035,0.0,0.0,0.0
2026-08-06 11:10:00-04:00,770.5700073242188,770.739990234375,770.5001220703125,770.6400146484375,41427,0.0,0.0,0.0
2026-08-06 11:11:00-04:00,770.6378173828125,770.6900024414062,770.4400024414062,770.489990234375,27281,0.0,0.0,0.0
2026-08-06 11:12:00-04:00,770.4600219726562,770.5474853515625,770.3099975585938,770.3099975585938,35585,0.0,0.0,0.0
2026-08-06 11:13:00-04:00,770.2999877929688,770.3800048828125,770.1400146484375,770.1400146484375,46392,0.0,0.0,0.0
2026-08-06 11:14:00-04:00,770.1300048828125,770.1599731445312,769.9099731445312,769.9600219726562,59768,0.0,0.0,0.0
2026-08-06 11:15:00-04:00,769.9600219726562,770.1199951171875,769.8599853515625,770.0599975585938,70933,0.0,0.0,0.0
2026-08-06 11:16:00-04:00,770.0399780273438,770.083984375,769.8200073242188,770.0399780273438,187598,0.0,0.0,0.0
2026-08-06 11:17:00-04:00,770.0399780273438,770.0399780273438,769.5499877929688,769.5599975585938,187369,0.0,0.0,0.0
2026-08-06 11:18:00-04:00,769.5700073242188,769.6199951171875,769.2100219726562,769.3699951171875,77629,0.0,0.0,0.0
2026-08-06 11:19:00-04:00,769.3400268554688,769.3499755859375,768.9600219726562,768.9600219726562,88527,0.0,0.0,0.0
2026-08-06 11:20:00-04:00,768.9749755859375,769.239990234375,768.8699951171875,769.1699829101562,75511,0.0,0.0,0.0
2026-08-06 11:21:00-04:00,769.1599731445312,769.1965942382812,768.8200073242188,769.0700073242188,84468,0.0,0.0,0.0
2026-08-06 11:22:00-04:00,769.0499877929688,769.0996704101562,768.7999877929688,768.8499755859375,60714,0.0,0.0,0.0
2026-08-06 11:23:00-04:00,768.844970703125,769.2100219726562,768.6199951171875,769.1099853515625,101816,0.0,0.0,0.0
2026-08-06 11:24:00-04:00,769.10009765625,769.239990234375,768.8900146484375,768.9299926757812,59184,0.0,0.0,0.0
2026-08-06 11:25:00-04:00,768.9299926757812,769.0499877929688,768.6500244140625,769.0449829101562,67881,0.0,0.0,0.0
2026-08-06 11:26:00-04:00,769.0499877929688,769.25,768.9000244140625,768.9400024414062,53188,0.0,0.0,0.0
2026-08-06 11:27:00-04:00,768.9500122070312,769.2999877929688,768.8762817382812,768.8762817382812,49733,0.0,0.0,0.0
2026-08-06 11:28:00-04:00,768.9000244140625,769.1599731445312,768.8400268554688,769.1500244140625,76301,0.0,0.0,0.0
2026-08-06 11:29:00-04:00,769.1699829101562,769.25,769.0599975585938,769.239990234375,42505,0.0,0.0,0.0
2026-08-06 11:30:00-04:00,769.239990234375,769.4000244140625,769.0900268554688,769.3699951171875,46837,0.0,0.0,0.0
2026-08-06 11:31:00-04:00,769.3699951171875,769.4400024414062,768.9600219726562,768.97998046875,65421,0.0,0.0,0.0
2026-08-06 11:32:00-04:00,768.9600219726562,769.0390014648438,768.7210083007812,768.8399047851562,46355,0.0,0.0,0.0
2026-08-06 11:33:00-04:00,768.8099975585938,768.8800048828125,768.6599731445312,768.8099975585938,36348,0.0,0.0,0.0
2026-08-06 11:34:00-04:00,768.8400268554688,768.8599853515625,768.530029296875,768.530029296875,92336,0.0,0.0,0.0
2026-08-06 11:35:00-04:00,768.530029296875,768.77001953125,768.4299926757812,768.7650146484375,53341,0.0,0.0,0.0
2026-08-06 11:36:00-04:00,768.780029296875,768.780029296875,768.4099731445312,768.4500122070312,63920,0.0,0.0,0.0
2026-08-06 11:37:00-04:00,768.4299926757812,768.6599731445312,768.3300170898438,768.6599731445312,104651,0.0,0.0,0.0
2026-08-06 11:38:00-04:00,768.6500244140625,768.7999877929688,768.5184936523438,768.6699829101562,86666,0.0,0.0,0.0
2026-08-06 11:39:00-04:00,768.6699829101562,768.9000244140625,768.5999755859375,768.7000122070312,55799,0.0,0.0,0.0
2026-08-06 11:40:00-04:00,768.6900024414062,768.9299926757812,768.6199951171875,768.8200073242188,76785,0.0,0.0,0.0
2026-08-06 11:41:00-04:00,768.8499755859375,768.969970703125,768.5599975585938,768.5999755859375,153438,0.0,0.0,0.0
2026-08-06 11:42:00-04:00,768.6099853515625,768.6799926757812,768.489990234375,768.5299072265625,106617,0.0,0.0,0.0
2026-08-06 11:43:00-04:00,768.510009765625,768.510009765625,768.3499755859375,768.4299926757812,59413,0.0,0.0,0.0
2026-08-06 11:44:00-04:00,768.4500122070312,768.5700073242188,768.3300170898438,768.3300170898438,62589,0.0,0.0,0.0
2026-08-06 11:45:00-04:00,768.3300170898438,768.5549926757812,768.3200073242188,768.4400024414062,54830,0.0,0.0,0.0
2026-08-06 11:46:00-04:00,768.4600219726562,769.114990234375,768.4500122070312,769.114990234375,84660,0.0,0.0,0.0
2026-08-06 11:47:00-04:00,769.114990234375,769.219970703125,769.030029296875,769.0399780273438,51888,0.0,0.0,0.0
2026-08-06 11:48:00-04:00,769.030029296875,769.5399780273438,769.0,769.5349731445312,95774,0.0,0.0,0.0
2026-08-06 11:49:00-04:00,769.5250244140625,769.5800170898438,769.1699829101562,769.2000732421875,76521,0.0,0.0,0.0
2026-08-06 11:50:00-04:00,769.2100219726562,769.780029296875,769.2100219726562,769.5,117818,0.0,0.0,0.0
2026-08-06 11:51:00-04:00,769.5399780273438,769.5399780273438,769.030029296875,769.1599731445312,34955,0.0,0.0,0.0
2026-08-06 11:52:00-04:00,769.1599731445312,769.3200073242188,768.8099975585938,768.9600219726562,102205,0.0,0.0,0.0
2026-08-06 11:53:00-04:00,768.97998046875,768.989990234375,768.3800048828125,768.5800170898438,188027,0.0,0.0,0.0
2026-08-06 11:54:00-04:00,768.5650024414062,768.719970703125,768.0800170898438,768.1300048828125,74610,0.0,0.0,0.0
2026-08-06 11:55:00-04:00,768.125,768.260009765625,767.9500122070312,768.22998046875,170263,0.0,0.0,0.0
2026-08-06 11:56:00-04:00,768.239990234375,768.4400024414062,768.1500244140625,768.2150268554688,75715,0.0,0.0,0.0
2026-08-06 11:57:00-04:00,768.2249755859375,768.5599975585938,768.1599731445312,768.510009765625,76854,0.0,0.0,0.0
2026-08-06 11:58:00-04:00,768.47998046875,768.52001953125,768.2650146484375,768.330078125,52260,0.0,0.0,0.0
2026-08-06 11:59:00-04:00,768.3300170898438,768.3400268554688,768.010009765625,768.125,82163,0.0,0.0,0.0
2026-08-06 12:00:00-04:00,768.1599731445312,768.3200073242188,767.9400024414062,768.0,98682,0.0,0.0,0.0
2026-08-06 12:01:00-04:00,768.010009765625,768.030029296875,767.75,767.9749755859375,101281,0.0,0.0,0.0
2026-08-06 12:02:00-04:00,767.9749755859375,768.2100219726562,767.9400024414062,768.1300048828125,94103,0.0,0.0,0.0
2026-08-06 12:03:00-04:00,768.1599731445312,768.22998046875,767.9749755859375,768.0,71191,0.0,0.0,0.0
2026-08-06 12:04:00-04:00,767.97998046875,768.0549926757812,767.77001953125,768.0549926757812,68621,0.0,0.0,0.0
2026-08-06 12:05:00-04:00,768.0482177734375,768.3699951171875,767.9400024414062,768.2899780273438,65300,0.0,0.0,0.0
2026-08-06 12:06:00-04:00,768.2650146484375,768.3499755859375,767.9099731445312,768.0800170898438,65456,0.0,0.0,0.0
2026-08-06 12:07:00-04:00,768.0999755859375,768.260009765625,768.0599975585938,768.1400146484375,42535,0.0,0.0,0.0
2026-08-06 12:08:00-04:00,768.1500244140625,768.510009765625,768.1400146484375,768.3300170898438,95678,0.0,0.0,0.0
2026-08-06 12:09:00-04:00,768.3200073242188,768.3800048828125,768.2000122070312,768.3400268554688,48337,0.0,0.0,0.0
2026-08-06 12:10:00-04:00,768.3200073242188,768.5399780273438,768.3200073242188,768.380126953125,43388,0.0,0.0,0.0
2026-08-06 12:11:00-04:00,768.4000244140625,768.4000244140625,767.9500122070312,767.9500122070312,54038,0.0,0.0,0.0
2026-08-06 12:12:00-04:00,767.969970703125,768.1400146484375,767.902099609375,768.1400146484375,46890,0.0,0.0,0.0
2026-08-06 12:13:00-04:00,768.1400146484375,768.1400146484375,767.8499755859375,767.8499755859375,55801,0.0,0.0,0.0
2026-08-06 12:14:00-04:00,767.8400268554688,768.0,767.8200073242188,767.97998046875,69197,0.0,0.0,0.0
2026-08-06 12:15:00-04:00,767.97998046875,768.030029296875,767.7999877929688,767.8099975585938,41668,0.0,0.0,0.0
2026-08-06 12:16:00-04:00,767.8099975585938,767.8900146484375,767.4600219726562,767.8400268554688,103998,0.0,0.0,0.0
2026-08-06 12:17:00-04:00,767.8499755859375,768.0,767.8099975585938,767.9691162109375,68767,0.0,0.0,0.0
2026-08-06 12:18:00-04:00,767.97998046875,768.3198852539062,767.8499755859375,768.25,77586,0.0,0.0,0.0
2026-08-06 12:19:00-04:00,768.2449951171875,768.5,768.0999755859375,768.2150268554688,155143,0.0,0.0,0.0
2026-08-06 12:20:00-04:00,768.219970703125,768.25,767.8900146484375,768.0700073242188,70509,0.0,0.0,0.0
2026-08-06 12:21:00-04:00,768.0800170898438,768.2899780273438,767.969970703125,768.2100219726562,937382,0.0,0.0,0.0
2026-08-06 12:22:00-04:00,768.2000122070312,768.35498046875,768.0499877929688,768.0800170898438,67912,0.0,0.0,0.0
2026-08-06 12:23:00-04:00,768.0800170898438,768.1400146484375,768.0050048828125,768.030029296875,49467,0.0,0.0,0.0
2026-08-06 12:24:00-04:00,768.0399780273438,768.27001953125,767.8800048828125,768.27001953125,63803,0.0,0.0,0.0
2026-08-06 12:25:00-04:00,768.280029296875,768.2999877929688,768.0,768.0,185754,0.0,0.0,0.0
2026-08-06 12:26:00-04:00,768.0,768.1300048828125,768.0,768.1199951171875,129756,0.0,0.0,0.0
2026-08-06 12:27:00-04:00,768.1099853515625,768.3400268554688,768.0499877929688,768.3200073242188,68814,0.0,0.0,0.0
2026-08-06 12:28:00-04:00,768.2899780273438,768.489990234375,768.2150268554688,768.234619140625,64492,0.0,0.0,0.0
2026-08-06 12:29:00-04:00,768.22998046875,768.4199829101562,768.1950073242188,768.260009765625,40019,0.0,0.0,0.0
2026-08-06 12:30:00-04:00,768.27001953125,768.6099853515625,768.22998046875,768.5772094726562,54020,0.0,0.0,0.0
2026-08-06 12:31:00-04:00,768.6179809570312,768.6900024414062,768.5300903320312,768.6199951171875,79113,0.0,0.0,0.0
2026-08-06 12:32:00-04:00,768.6300048828125,768.8200073242188,768.4199829101562,768.4400024414062,69145,0.0,0.0,0.0
2026-08-06 12:33:00-04:00,768.4400024414062,768.4400024414062,768.1900024414062,768.239990234375,37026,0.0,0.0,0.0
2026-08-06 12:34:00-04:00,768.2249755859375,768.3400268554688,768.1300048828125,768.3099975585938,26405,0.0,0.0,0.0
2026-08-06 12:35:00-04:00,768.3300170898438,768.4500122070312,768.2100219726562,768.3300170898438,42069,0.0,0.0,0.0
2026-08-06 12:36:00-04:00,768.3400268554688,768.5299072265625,768.239990234375,768.47998046875,35931,0.0,0.0,0.0
2026-08-06 12:37:00-04:00,768.510009765625,768.64501953125,768.3800048828125,768.6199951171875,40765,0.0,0.0,0.0
2026-08-06 12:38:00-04:00,768.6099853515625,768.8300170898438,768.6099853515625,768.7849731445312,51958,0.0,0.0,0.0
2026-08-06 12:39:00-04:00,768.780029296875,768.8699951171875,768.7301025390625,768.8699951171875,88422,0.0,0.0,0.0
2026-08-06 12:40:00-04:00,768.8800048828125,768.9000244140625,768.4600219726562,768.5900268554688,102071,0.0,0.0,0.0
2026-08-06 12:41:00-04:00,768.5750122070312,768.6799926757812,768.1400146484375,768.3599853515625,59830,0.0,0.0,0.0
2026-08-06 12:42:00-04:00,768.3800048828125,768.52001953125,768.3099975585938,768.4000244140625,42775,0.0,0.0,0.0
2026-08-06 12:43:00-04:00,768.4199829101562,768.4600219726562,768.1400146484375,768.1400146484375,45549,0.0,0.0,0.0
2026-08-06 12:44:00-04:00,768.1500244140625,768.239990234375,768.0700073242188,768.0800170898438,37882,0.0,0.0,0.0
2026-08-06 12:45:00-04:00,768.0700073242188,768.3200073242188,768.0650024414062,768.1799926757812,39504,0.0,0.0,0.0
2026-08-06 12:46:00-04:00,768.1900024414062,768.2100219726562,767.9299926757812,767.9400024414062,44082,0.0,0.0,0.0
2026-08-06 12:47:00-04:00,767.9500122070312,768.1099853515625,767.9080810546875,768.0999755859375,30714,0.0,0.0,0.0
2026-08-06 12:48:00-04:00,768.0900268554688,768.239013671875,768.030029296875,768.1400146484375,36374,0.0,0.0,0.0
2026-08-06 12:49:00-04:00,768.1500244140625,768.4163208007812,768.0650024414062,768.4149780273438,55039,0.0,0.0,0.0
2026-08-06 12:50:00-04:00,768.4199829101562,768.52001953125,768.22998046875,768.2650146484375,52755,0.0,0.0,0.0
2026-08-06 12:51:00-04:00,768.260009765625,768.5700073242188,768.22998046875,768.4099731445312,38043,0.0,0.0,0.0
2026-08-06 12:52:00-04:00,768.4249877929688,768.5700073242188,768.35498046875,768.5599975585938,35284,0.0,0.0,0.0
2026-08-06 12:53:00-04:00,768.5499877929688,768.6599731445312,768.4450073242188,768.510009765625,37312,0.0,0.0,0.0
2026-08-06 12:54:00-04:00,768.5,768.530029296875,768.27001953125,768.3499755859375,44004,0.0,0.0,0.0
2026-08-06 12:55:00-04:00,768.3499755859375,768.5399780273438,768.3400268554688,768.5349731445312,19254,0.0,0.0,0.0
2026-08-06 12:56:00-04:00,768.5700073242188,768.72998046875,768.530029296875,768.6699829101562,20297,0.0,0.0,0.0
2026-08-06 12:57:00-04:00,768.6599731445312,768.8099975585938,768.5549926757812,768.5800170898438,26917,0.0,0.0,0.0
2026-08-06 12:58:00-04:00,768.5800170898438,768.9000244140625,768.5700073242188,768.8699951171875,27435,0.0,0.0,0.0
2026-08-06 12:59:00-04:00,768.8703002929688,769.0399780273438,768.8703002929688,768.9600219726562,56697,0.0,0.0,0.0
2026-08-06 13:00:00-04:00,768.989990234375,769.1599731445312,768.9000244140625,769.1500244140625,54899,0.0,0.0,0.0
2026-08-06 13:01:00-04:00,769.1599731445312,769.1799926757812,768.8599853515625,768.8800048828125,124241,0.0,0.0,0.0
2026-08-06 13:02:00-04:00,768.8800048828125,768.9000244140625,768.7100219726562,768.7150268554688,34134,0.0,0.0,0.0
2026-08-06 13:03:00-04:00,768.719970703125,768.8300170898438,768.7000122070312,768.719970703125,38911,0.0,0.0,0.0
2026-08-06 13:04:00-04:00,768.739990234375,768.8699951171875,768.6900024414062,768.77001953125,33949,0.0,0.0,0.0
2026-08-06 13:05:00-04:00,768.760009765625,769.030029296875,768.7000122070312,769.030029296875,33877,0.0,0.0,0.0
2026-08-06 13:06:00-04:00,769.010009765625,769.1400146484375,768.9199829101562,768.969970703125,107622,0.0,0.0,0.0
2026-08-06 13:07:00-04:00,768.9500122070312,768.9500122070312,768.4299926757812,768.5001220703125,57552,0.0,0.0,0.0
2026-08-06 13:08:00-04:00,768.5,768.5,768.1900024414062,768.3546752929688,127566,0.0,0.0,0.0
2026-08-06 13:09:00-04:00,768.3250122070312,768.510009765625,768.3099975585938,768.3400268554688,36542,0.0,0.0,0.0
2026-08-06 13:10:00-04:00,768.3300170898438,768.469970703125,768.3049926757812,768.4299926757812,22977,0.0,0.0,0.0
2026-08-06 13:11:00-04:00,768.4204711914062,768.489990234375,768.260009765625,768.3200073242188,33700,0.0,0.0,0.0
2026-08-06 13:12:00-04:00,768.3099975585938,768.4400024414062,768.27001953125,768.4299926757812,33455,0.0,0.0,0.0
2026-08-06 13:13:00-04:00,768.4299926757812,768.5800170898438,768.4000244140625,768.4299926757812,37083,0.0,0.0,0.0
2026-08-06 13:14:00-04:00,768.4299926757812,768.4600219726562,768.0900268554688,768.1699829101562,34873,0.0,0.0,0.0
2026-08-06 13:15:00-04:00,768.1400146484375,768.1900024414062,768.030029296875,768.1099853515625,46553,0.0,0.0,0.0
2026-08-06 13:16:00-04:00,768.1199951171875,768.239990234375,768.1199951171875,768.1799926757812,53393,0.0,0.0,0.0
2026-08-06 13:17:00-04:00,768.1699829101562,768.260009765625,768.0999755859375,768.2100219726562,29555,0.0,0.0,0.0
2026-08-06 13:18:00-04:00,768.2050170898438,768.3499755859375,768.1199951171875,768.3499755859375,36402,0.0,0.0,0.0
2026-08-06 13:19:00-04:00,768.3699951171875,768.4600219726562,768.219970703125,768.3400268554688,33408,0.0,0.0,0.0
2026-08-06 13:20:00-04:00,768.3400268554688,768.4099731445312,768.2349853515625,768.3599853515625,37245,0.0,0.0,0.0
2026-08-06 13:21:00-04:00,768.35498046875,768.3699951171875,767.9005126953125,768.02001953125,39057,0.0,0.0,0.0
2026-08-06 13:22:00-04:00,768.02001953125,768.0999755859375,767.9299926757812,768.030029296875,24141,0.0,0.0,0.0
2026-08-06 13:23:00-04:00,768.02001953125,768.1699829101562,767.989990234375,768.0549926757812,33137,0.0,0.0,0.0
2026-08-06 13:24:00-04:00,768.0499877929688,768.0850219726562,767.9299926757812,767.969970703125,94401,0.0,0.0,0.0
2026-08-06 13:25:00-04:00,767.969970703125,768.25,767.969970703125,768.239990234375,71753,0.0,0.0,0.0
2026-08-06 13:26:00-04:00,768.25,768.27001953125,768.0700073242188,768.1799926757812,77510,0.0,0.0,0.0
2026-08-06 13:27:00-04:00,768.1605224609375,768.22998046875,768.0900268554688,768.1500244140625,35400,0.0,0.0,0.0
2026-08-06 13:28:00-04:00,768.1599731445312,768.2000122070312,768.02001953125,768.1300048828125,28091,0.0,0.0,0.0
2026-08-06 13:29:00-04:00,768.1199951171875,768.1300048828125,767.8099975585938,767.8300170898438,41958,0.0,0.0,0.0
2026-08-06 13:30:00-04:00,767.8300170898438,768.0999755859375,767.719970703125,767.989990234375,55502,0.0,0.0,0.0
2026-08-06 13:31:00-04:00,768.010009765625,768.1500244140625,767.9500122070312,767.969970703125,49085,0.0,0.0,0.0
2026-08-06 13:32:00-04:00,767.9600219726562,768.2100219726562,767.9600219726562,768.1599731445312,34598,0.0,0.0,0.0
2026-08-06 13:33:00-04:00,768.1599731445312,768.1599731445312,767.989990234375,768.0,30308,0.0,0.0,0.0
2026-08-06 13:34:00-04:00,767.97998046875,768.1500244140625,767.9400024414062,768.0999755859375,27867,0.0,0.0,0.0
2026-08-06 13:35:00-04:00,768.1099853515625,768.280029296875,768.0800170898438,768.1199951171875,40130,0.0,0.0,0.0
2026-08-06 13:36:00-04:00,768.0900268554688,768.1900024414062,768.0050048828125,768.1099853515625,35139,0.0,0.0,0.0
2026-08-06 13:37:00-04:00,768.0999755859375,768.1799926757812,768.0399780273438,768.1699829101562,37796,0.0,0.0,0.0
2026-08-06 13:38:00-04:00,768.1799926757812,768.239990234375,768.0499877929688,768.0999755859375,29533,0.0,0.0,0.0
2026-08-06 13:39:00-04:00,768.0999755859375,768.1599731445312,767.969970703125,768.02001953125,36049,0.0,0.0,0.0
2026-08-06 13:40:00-04:00,768.0399780273438,768.0900268554688,767.8900146484375,767.9199829101562,25896,0.0,0.0,0.0
2026-08-06 13:41:00-04:00,767.9099731445312,767.969970703125,767.8250122070312,767.8800048828125,45114,0.0,0.0,0.0
2026-08-06 13:42:00-04:00,767.8900146484375,768.0800170898438,767.8754272460938,768.0349731445312,220048,0.0,0.0,0.0
2026-08-06 13:43:00-04:00,768.030029296875,768.0349731445312,767.9099731445312,767.9849243164062,44045,0.0,0.0,0.0
2026-08-06 13:44:00-04:00,767.969970703125,768.1400146484375,767.9199829101562,768.1400146484375,28654,0.0,0.0,0.0
2026-08-06 13:45:00-04:00,768.1500244140625,768.3099975585938,768.0499877929688,768.260009765625,46812,0.0,0.0,0.0
2026-08-06 13:46:00-04:00,768.260009765625,768.375,768.0700073242188,768.3099975585938,35090,0.0,0.0,0.0
2026-08-06 13:47:00-04:00,768.3099975585938,768.3300170898438,768.0999755859375,768.1799926757812,45927,0.0,0.0,0.0
2026-08-06 13:48:00-04:00,768.1599731445312,768.1799926757812,768.0599975585938,768.0999755859375,48565,0.0,0.0,0.0
2026-08-06 13:49:00-04:00,768.0999755859375,768.1400146484375,767.9835815429688,767.9835815429688,30136,0.0,0.0,0.0
2026-08-06 13:50:00-04:00,767.989990234375,768.1199951171875,767.9600219726562,768.010009765625,45789,0.0,0.0,0.0
2026-08-06 13:51:00-04:00,768.010009765625,768.260009765625,768.010009765625,768.2000122070312,34301,0.0,0.0,0.0
2026-08-06 13:52:00-04:00,768.2000122070312,768.489990234375,768.1799926757812,768.4849853515625,108875,0.0,0.0,0.0
2026-08-06 13:53:00-04:00,768.4849853515625,768.510009765625,768.3499755859375,768.4299926757812,76202,0.0,0.0,0.0
2026-08-06 13:54:00-04:00,768.4299926757812,768.5,768.3800048828125,768.432861328125,50356,0.0,0.0,0.0
2026-08-06 13:55:00-04:00,768.4600219726562,768.5499877929688,768.3499755859375,768.3599853515625,181521,0.0,0.0,0.0
2026-08-06 13:56:00-04:00,768.364990234375,768.4299926757812,768.2750854492188,768.3300170898438,57155,0.0,0.0,0.0
2026-08-06 13:57:00-04:00,768.3400268554688,768.6199951171875,768.3339233398438,768.6199951171875,42625,0.0,0.0,0.0
2026-08-06 13:58:00-04:00,768.6300048828125,768.6400146484375,768.530029296875,768.5599975585938,42921,0.0,0.0,0.0
2026-08-06 13:59:00-04:00,768.5499877929688,768.6400146484375,768.5399780273438,768.6303100585938,44627,0.0,0.0,0.0
2026-08-06 14:00:00-04:00,768.6500244140625,768.780029296875,768.5,768.697509765625,70874,0.0,0.0,0.0
2026-08-06 14:01:00-04:00,768.6950073242188,768.72998046875,768.5900268554688,768.590087890625,41912,0.0,0.0,0.0
2026-08-06 14:02:00-04:00,768.60498046875,768.6799926757812,768.52001953125,768.6500244140625,50980,0.0,0.0,0.0
2026-08-06 14:03:00-04:00,768.6599731445312,768.77001953125,768.5999755859375,768.77001953125,131394,0.0,0.0,0.0
2026-08-06 14:04:00-04:00,768.760009765625,768.9000244140625,768.760009765625,768.8947143554688,85557,0.0,0.0,0.0
2026-08-06 14:05:00-04:00,768.8900146484375,768.969970703125,768.8082885742188,768.85498046875,107027,0.0,0.0,0.0
2026-08-06 14:06:00-04:00,768.8499755859375,768.8800048828125,768.739990234375,768.760009765625,44777,0.0,0.0,0.0
2026-08-06 14:07:00-04:00,768.77001953125,768.969970703125,768.6900024414062,768.969970703125,62932,0.0,0.0,0.0
2026-08-06 14:08:00-04:00,768.969970703125,768.97998046875,768.8200073242188,768.8699951171875,33317,0.0,0.0,0.0
2026-08-06 14:09:00-04:00,768.8800048828125,768.9000244140625,768.6599731445312,768.8599853515625,63759,0.0,0.0,0.0
2026-08-06 14:10:00-04:00,768.8699951171875,768.8900146484375,768.7000122070312,768.719970703125,41267,0.0,0.0,0.0
2026-08-06 14:11:00-04:00,768.719970703125,768.8699951171875,768.7150268554688,768.8200073242188,44163,0.0,0.0,0.0
2026-08-06 14:12:00-04:00,768.8400268554688,768.9199829101562,768.7899780273438,768.8300170898438,39035,0.0,0.0,0.0
2026-08-06 14:13:00-04:00,768.8300170898438,768.9500122070312,768.75,768.9450073242188,50339,0.0,0.0,0.0
2026-08-06 14:14:00-04:00,768.9299926757812,769.239990234375,768.9000244140625,769.1799926757812,79853,0.0,0.0,0.0
2026-08-06 14:15:00-04:00,769.19140625,769.260009765625,769.1220703125,769.1500244140625,56015,0.0,0.0,0.0
2026-08-06 14:16:00-04:00,769.1500244140625,769.594970703125,768.4500122070312,769.594970703125,297645,0.0,0.0,0.0
2026-08-06 14:17:00-04:00,769.5700073242188,769.72998046875,769.239990234375,769.280029296875,117041,0.0,0.0,0.0
2026-08-06 14:18:00-04:00,769.27001953125,769.405029296875,769.27001953125,769.3499755859375,60610,0.0,0.0,0.0
2026-08-06 14:19:00-04:00,769.3699951171875,769.4000244140625,769.280029296875,769.3300170898438,60467,0.0,0.0,0.0
2026-08-06 14:20:00-04:00,769.3250122070312,769.489990234375,769.2999877929688,769.469970703125,48481,0.0,0.0,0.0
2026-08-06 14:21:00-04:00,769.469970703125,769.6199951171875,769.4650268554688,769.5800170898438,65453,0.0,0.0,0.0
2026-08-06 14:22:00-04:00,769.5850219726562,769.5900268554688,769.4600219726562,769.5300903320312,76585,0.0,0.0,0.0
2026-08-06 14:23:00-04:00,769.5399780273438,769.5800170898438,769.43017578125,769.47998046875,49501,0.0,0.0,0.0
2026-08-06 14:24:00-04:00,769.4749755859375,769.5700073242188,769.4299926757812,769.5599975585938,79533,0.0,0.0,0.0
2026-08-06 14:25:00-04:00,769.5549926757812,769.614990234375,769.385009765625,769.385009765625,66523,0.0,0.0,0.0
2026-08-06 14:26:00-04:00,769.3889770507812,769.469970703125,769.1900024414062,769.25,64145,0.0,0.0,0.0
2026-08-06 14:27:00-04:00,769.25,769.4299926757812,769.22998046875,769.4199829101562,64036,0.0,0.0,0.0
2026-08-06 14:28:00-04:00,769.4199829101562,769.5399780273438,769.3599853515625,769.5399780273438,63216,0.0,0.0,0.0
2026-08-06 14:29:00-04:00,769.5150146484375,769.52001953125,769.3400268554688,769.4299926757812,40361,0.0,0.0,0.0
2026-08-06 14:30:00-04:00,769.4299926757812,769.469970703125,769.27001953125,769.2999877929688,45347,0.0,0.0,0.0
2026-08-06 14:31:00-04:00,769.3099975585938,769.4400024414062,769.280029296875,769.3400268554688,55540,0.0,0.0,0.0
2026-08-06 14:32:00-04:00,769.3389892578125,769.469970703125,769.3099975585938,769.3800048828125,41707,0.0,0.0,0.0
2026-08-06 14:33:00-04:00,769.3699951171875,769.3699951171875,769.1699829101562,769.2000122070312,36091,0.0,0.0,0.0
2026-08-06 14:34:00-04:00,769.2000122070312,769.25,769.0700073242188,769.114990234375,53493,0.0,0.0,0.0
2026-08-06 14:35:00-04:00,769.1099853515625,769.2899780273438,769.0900268554688,769.1699829101562,54968,0.0,0.0,0.0
2026-08-06 14:36:00-04:00,769.1699829101562,769.22998046875,769.1400146484375,769.2000122070312,41714,0.0,0.0,0.0
2026-08-06 14:37:00-04:00,769.2000122070312,769.219970703125,769.0007934570312,769.030029296875,55936,0.0,0.0,0.0
2026-08-06 14:38:00-04:00,769.02197265625,769.0399169921875,768.8099975585938,768.8400268554688,61799,0.0,0.0,0.0
2026-08-06 14:39:00-04:00,768.8400268554688,768.9099731445312,768.7999877929688,768.8300170898438,46341,0.0,0.0,0.0
2026-08-06 14:40:00-04:00,768.844970703125,768.930419921875,768.7999877929688,768.9099731445312,46517,0.0,0.0,0.0
2026-08-06 14:41:00-04:00,768.9022827148438,768.9349975585938,768.5999755859375,768.5999755859375,35507,0.0,0.0,0.0
2026-08-06 14:42:00-04:00,768.6099853515625,768.6599731445312,768.5150146484375,768.6099853515625,38319,0.0,0.0,0.0
2026-08-06 14:43:00-04:00,768.6099853515625,768.7999877929688,768.5999755859375,768.75,62716,0.0,0.0,0.0
2026-08-06 14:44:00-04:00,768.75,768.7999877929688,768.7000732421875,768.780029296875,39341,0.0,0.0,0.0
2026-08-06 14:45:00-04:00,768.7849731445312,768.989990234375,768.719970703125,768.9500122070312,73553,0.0,0.0,0.0
2026-08-06 14:46:00-04:00,768.9500122070312,769.0499877929688,768.9299926757812,768.97998046875,94121,0.0,0.0,0.0
2026-08-06 14:47:00-04:00,768.969970703125,769.02001953125,768.9099731445312,769.010009765625,37819,0.0,0.0,0.0
2026-08-06 14:48:00-04:00,769.0,769.1699829101562,768.9500122070312,768.9500122070312,74059,0.0,0.0,0.0
2026-08-06 14:49:00-04:00,768.9400024414062,769.010009765625,768.8499755859375,768.8800048828125,64881,0.0,0.0,0.0
2026-08-06 14:50:00-04:00,768.875,768.97998046875,768.8300170898438,768.9500122070312,62760,0.0,0.0,0.0
2026-08-06 14:51:00-04:00,768.9600219726562,769.010009765625,768.875,768.9149780273438,36985,0.0,0.0,0.0
2026-08-06 14:52:00-04:00,768.8900146484375,768.8900146484375,768.780029296875,768.7999877929688,34321,0.0,0.0,0.0
2026-08-06 14:53:00-04:00,768.7899780273438,768.844970703125,768.739990234375,768.8099975585938,47915,0.0,0.0,0.0
2026-08-06 14:54:00-04:00,768.8099975585938,768.9299926757812,768.77001953125,768.885009765625,36059,0.0,0.0,0.0
2026-08-06 14:55:00-04:00,768.8699951171875,768.9400024414062,768.8099975585938,768.9400024414062,45707,0.0,0.0,0.0
2026-08-06 14:56:00-04:00,768.9500122070312,769.0599975585938,768.9400024414062,768.9749755859375,62162,0.0,0.0,0.0
2026-08-06 14:57:00-04:00,768.9749755859375,769.0399780273438,768.9099731445312,769.02001953125,38170,0.0,0.0,0.0
2026-08-06 14:58:00-04:00,769.02001953125,769.0800170898438,768.989990234375,769.0,50601,0.0,0.0,0.0
2026-08-06 14:59:00-04:00,769.0,769.010009765625,768.9099731445312,768.9600219726562,49123,0.0,0.0,0.0
2026-08-06 15:00:00-04:00,768.969970703125,769.1599731445312,768.9500122070312,769.1400146484375,63277,0.0,0.0,0.0
2026-08-06 15:01:00-04:00,769.1599731445312,769.4400024414062,769.0999755859375,769.4199829101562,120296,0.0,0.0,0.0
2026-08-06 15:02:00-04:00,769.4299926757812,769.5499877929688,769.3699951171875,769.4199829101562,216771,0.0,0.0,0.0
2026-08-06 15:03:00-04:00,769.4099731445312,769.4500122070312,769.3200073242188,769.3800048828125,39405,0.0,0.0,0.0
2026-08-06 15:04:00-04:00,769.3699951171875,769.5789794921875,769.3591918945312,769.5789794921875,37631,0.0,0.0,0.0
2026-08-06 15:05:00-04:00,769.5599975585938,769.5700073242188,769.3200073242188,769.4000244140625,48893,0.0,0.0,0.0
2026-08-06 15:06:00-04:00,769.4000244140625,769.47998046875,769.3599853515625,769.3900146484375,38232,0.0,0.0,0.0
2026-08-06 15:07:00-04:00,769.3800048828125,769.4299926757812,769.2636108398438,769.419921875,46245,0.0,0.0,0.0
2026-08-06 15:08:00-04:00,769.405029296875,769.6099853515625,769.3900146484375,769.5800170898438,58428,0.0,0.0,0.0
2026-08-06 15:09:00-04:00,769.5800170898438,769.7100219726562,769.5399780273438,769.7000122070312,56983,0.0,0.0,0.0
2026-08-06 15:10:00-04:00,769.7100219726562,769.780029296875,769.6599731445312,769.760009765625,51096,0.0,0.0,0.0
2026-08-06 15:11:00-04:00,769.77001953125,769.77001953125,769.6699829101562,769.72998046875,41105,0.0,0.0,0.0
2026-08-06 15:12:00-04:00,769.739990234375,769.7899780273438,769.5499877929688,769.5800170898438,72351,0.0,0.0,0.0
2026-08-06 15:13:00-04:00,769.5800170898438,769.5800170898438,769.4298706054688,769.4400024414062,46766,0.0,0.0,0.0
2026-08-06 15:14:00-04:00,769.4299926757812,769.4500122070312,769.2800903320312,769.3300170898438,57899,0.0,0.0,0.0
2026-08-06 15:15:00-04:00,769.3250122070312,769.3499145507812,769.0900268554688,769.1500244140625,109245,0.0,0.0,0.0
2026-08-06 15:16:00-04:00,769.1599731445312,769.27001953125,769.0900268554688,769.260009765625,49022,0.0,0.0,0.0
2026-08-06 15:17:00-04:00,769.25,769.260009765625,769.1199951171875,769.219970703125,84895,0.0,0.0,0.0
2026-08-06 15:18:00-04:00,769.2150268554688,769.2150268554688,769.051025390625,769.1300048828125,62983,0.0,0.0,0.0
2026-08-06 15:19:00-04:00,769.135009765625,769.219970703125,769.1199951171875,769.1599731445312,54744,0.0,0.0,0.0
2026-08-06 15:20:00-04:00,769.1699829101562,769.489990234375,769.135009765625,769.4500122070312,88267,0.0,0.0,0.0
2026-08-06 15:21:00-04:00,769.4550170898438,769.4849853515625,769.239990234375,769.27001953125,69513,0.0,0.0,0.0
2026-08-06 15:22:00-04:00,769.260009765625,769.3400268554688,769.2000122070312,769.280029296875,141096,0.0,0.0,0.0
2026-08-06 15:23:00-04:00,769.280029296875,769.2999877929688,769.1099853515625,769.1599731445312,49216,0.0,0.0,0.0
2026-08-06 15:24:00-04:00,769.1500244140625,769.1699829101562,768.8200073242188,768.8200073242188,93380,0.0,0.0,0.0
2026-08-06 15:25:00-04:00,768.8300170898438,768.9000244140625,768.5700073242188,768.9000244140625,202631,0.0,0.0,0.0
2026-08-06 15:26:00-04:00,768.8800048828125,768.989990234375,768.6799926757812,768.7249755859375,82213,0.0,0.0,0.0
2026-08-06 15:27:00-04:00,768.72998046875,768.864990234375,768.6900024414062,768.719970703125,74893,0.0,0.0,0.0
2026-08-06 15:28:00-04:00,768.7125244140625,768.9099731445312,768.6900024414062,768.8599853515625,75639,0.0,0.0,0.0
2026-08-06 15:29:00-04:00,768.8300170898438,768.9000244140625,768.5999755859375,768.6599731445312,113672,0.0,0.0,0.0
2026-08-06 15:30:00-04:00,768.655029296875,768.7899780273438,768.4099731445312,768.739990234375,146570,0.0,0.0,0.0
2026-08-06 15:31:00-04:00,768.760009765625,768.8499755859375,768.6699829101562,768.8300170898438,106539,0.0,0.0,0.0
2026-08-06 15:32:00-04:00,768.8499755859375,769.0,768.77001953125,768.8599853515625,80561,0.0,0.0,0.0
2026-08-06 15:33:00-04:00,768.8599853515625,768.8800048828125,768.7000122070312,768.7249755859375,70967,0.0,0.0,0.0
2026-08-06 15:34:00-04:00,768.72998046875,768.969970703125,768.719970703125,768.9600219726562,68142,0.0,0.0,0.0
2026-08-06 15:35:00-04:00,768.9600219726562,768.989990234375,768.8400268554688,768.9299926757812,125106,0.0,0.0,0.0
2026-08-06 15:36:00-04:00,768.9299926757812,768.969970703125,768.739990234375,768.8400268554688,122700,0.0,0.0,0.0
2026-08-06 15:37:00-04:00,768.8300170898438,768.8499755859375,768.75,768.7899780273438,78493,0.0,0.0,0.0
2026-08-06 15:38:00-04:00,768.780029296875,768.7999877929688,768.5700073242188,768.5900268554688,88677,0.0,0.0,0.0
2026-08-06 15:39:00-04:00,768.5800170898438,768.6599731445312,768.530029296875,768.530029296875,59411,0.0,0.0,0.0
2026-08-06 15:40:00-04:00,768.5369262695312,768.6099853515625,768.4506225585938,768.5399780273438,71829,0.0,0.0,0.0
2026-08-06 15:41:00-04:00,768.5399780273438,768.5399780273438,768.2501220703125,768.2531127929688,96291,0.0,0.0,0.0
2026-08-06 15:42:00-04:00,768.25,768.3099975585938,768.0999755859375,768.1400146484375,84040,0.0,0.0,0.0
2026-08-06 15:43:00-04:00,768.1300048828125,768.260009765625,768.1099853515625,768.1599731445312,73930,0.0,0.0,0.0
2026-08-06 15:44:00-04:00,768.1599731445312,768.3300170898438,768.0999755859375,768.3099975585938,97644,0.0,0.0,0.0
2026-08-06 15:45:00-04:00,768.3099975585938,768.52001953125,768.2476196289062,768.3900146484375,235839,0.0,0.0,0.0
2026-08-06 15:46:00-04:00,768.3699951171875,768.489990234375,768.0800170898438,768.1099853515625,171069,0.0,0.0,0.0
2026-08-06 15:47:00-04:00,768.1099853515625,768.25,768.0,768.0050048828125,131890,0.0,0.0,0.0
2026-08-06 15:48:00-04:00,768.0050048828125,768.219970703125,767.9600219726562,768.1500244140625,126656,0.0,0.0,0.0
2026-08-06 15:49:00-04:00,768.1400146484375,768.4500122070312,768.1300048828125,768.4400024414062,164563,0.0,0.0,0.0
2026-08-06 15:50:00-04:00,768.4299926757812,768.4299926757812,767.719970703125,767.780029296875,316465,0.0,0.0,0.0
2026-08-06 15:51:00-04:00,767.780029296875,767.9299926757812,767.77001953125,767.8049926757812,386990,0.0,0.0,0.0
2026-08-06 15:52:00-04:00,767.7999877929688,767.9099731445312,767.760009765625,767.885009765625,217028,0.0,0.0,0.0
2026-08-06 15:53:00-04:00,767.8900146484375,768.5399780273438,767.7000122070312,768.3599853515625,567430,0.0,0.0,0.0
2026-08-06 15:54:00-04:00,768.3900146484375,768.7730102539062,768.3200073242188,768.6400146484375,232910,0.0,0.0,0.0
2026-08-06 15:55:00-04:00,768.6199951171875,768.6900024414062,768.3900146484375,768.5499877929688,240425,0.0,0.0,0.0
2026-08-06 15:56:00-04:00,768.5399780273438,768.5999755859375,768.3699951171875,768.5900268554688,248517,0.0,0.0,0.0
2026-08-06 15:57:00-04:00,768.5900268554688,768.7999877929688,768.5900268554688,768.6799926757812,440502,0.0,0.0,0.0
2026-08-06 15:58:00-04:00,768.6799926757812,768.8599853515625,768.5800170898438,768.7899780273438,537771,0.0,0.0,0.0
2026-08-06 15:59:00-04:00,768.7899780273438,768.8900146484375,768.1300048828125,768.530029296875,1018373,0.0,0.0,0.0
2026-08-07 09:30:00-04:00,771.02001953125,771.1400146484375,770.6199951171875,770.9899291992188,2085464,0.0,0.0,0.0
2026-08-07 09:31:00-04:00,770.969970703125,771.25,770.75,771.22998046875,225683,0.0,0.0,0.0
2026-08-07 09:32:00-04:00,771.22998046875,771.4000244140625,771.0700073242188,771.2899780273438,256351,0.0,0.0,0.0
2026-08-07 09:33:00-04:00,771.3099975585938,771.6199951171875,771.0700073242188,771.3375244140625,159123,0.0,0.0,0.0
2026-08-07 09:34:00-04:00,771.3099975585938,771.5,771.219970703125,771.47998046875,127301,0.0,0.0,0.0
2026-08-07 09:35:00-04:00,771.5,771.5474853515625,770.97998046875,771.27001953125,115973,0.0,0.0,0.0
2026-08-07 09:36:00-04:00,771.260009765625,771.3400268554688,770.6900024414062,770.8869018554688,87050,0.0,0.0,0.0
2026-08-07 09:37:00-04:00,770.875,771.22998046875,770.6799926757812,771.22998046875,122617,0.0,0.0,0.0
2026-08-07 09:38:00-04:00,771.25,771.469970703125,771.2000122070312,771.4450073242188,105878,0.0,0.0,0.0
2026-08-07 09:39:00-04:00,771.4500122070312,771.469970703125,770.989990234375,771.13037109375,97574,0.0,0.0,0.0
2026-08-07 09:40:00-04:00,771.125,771.4299926757812,770.8804931640625,771.3599853515625,103566,0.0,0.0,0.0
2026-08-07 09:41:00-04:00,771.3200073242188,771.6599731445312,771.1099853515625,771.1950073242188,67928,0.0,0.0,0.0
2026-08-07 09:42:00-04:00,771.1749877929688,771.3400268554688,770.9600219726562,771.3400268554688,96793,0.0,0.0,0.0
2026-08-07 09:43:00-04:00,771.3599853515625,771.9299926757812,771.260009765625,771.8900146484375,87888,0.0,0.0,0.0
2026-08-07 09:44:00-04:00,771.89501953125,772.0900268554688,771.7550048828125,771.989990234375,141872,0.0,0.0,0.0
2026-08-07 09:45:00-04:00,771.989990234375,772.3699951171875,771.5499877929688,771.5700073242188,112541,0.0,0.0,0.0
2026-08-07 09:46:00-04:00,771.5800170898438,771.7150268554688,771.1348876953125,771.4149780273438,72508,0.0,0.0,0.0
2026-08-07 09:47:00-04:00,771.4149780273438,771.5449829101562,771.1799926757812,771.4099731445312,79958,0.0,0.0,0.0
2026-08-07 09:48:00-04:00,771.4000244140625,771.6699829101562,771.1799926757812,771.239990234375,68688,0.0,0.0,0.0
2026-08-07 09:49:00-04:00,771.22998046875,771.77001953125,771.1599731445312,771.7301025390625,151513,0.0,0.0,0.0
2026-08-07 09:50:00-04:00,771.72998046875,772.010009765625,771.5999755859375,771.9000244140625,65429,0.0,0.0,0.0
2026-08-07 09:51:00-04:00,771.9301147460938,771.9849853515625,771.6500244140625,771.9099731445312,83984,0.0,0.0,0.0
2026-08-07 09:52:00-04:00,771.9100952148438,772.2349853515625,771.8900146484375,772.1500244140625,97490,0.0,0.0,0.0
2026-08-07 09:53:00-04:00,772.14501953125,772.2150268554688,771.860107421875,772.0,52389,0.0,0.0,0.0
2026-08-07 09:54:00-04:00,771.969970703125,772.0800170898438,771.7999877929688,771.97998046875,67897,0.0,0.0,0.0
2026-08-07 09:55:00-04:00,771.97998046875,772.1300048828125,771.6749877929688,771.8150024414062,93223,0.0,0.0,0.0
2026-08-07 09:56:00-04:00,771.8099975585938,771.8099975585938,770.9500122070312,771.010009765625,148095,0.0,0.0,0.0
2026-08-07 09:57:00-04:00,771.0349731445312,771.0499877929688,770.47998046875,770.6300048828125,130986,0.0,0.0,0.0
2026-08-07 09:58:00-04:00,770.6300048828125,770.8900146484375,770.4600219726562,770.6500244140625,63162,0.0,0.0,0.0
2026-08-07 09:59:00-04:00,770.6799926757812,771.22998046875,770.6099853515625,771.040283203125,89087,0.0,0.0,0.0
2026-08-07 10:00:00-04:00,771.0700073242188,771.6099853515625,770.7899780273438,771.510009765625,90422,0.0,0.0,0.0
2026-08-07 10:01:00-04:00,771.510009765625,771.530029296875,770.9000244140625,771.0,51059,0.0,0.0,0.0
2026-08-07 10:02:00-04:00,770.97998046875,771.2999877929688,770.739990234375,771.2999877929688,90489,0.0,0.0,0.0
2026-08-07 10:03:00-04:00,771.2999877929688,771.3099975585938,770.7949829101562,770.8699951171875,46776,0.0,0.0,0.0
2026-08-07 10:04:00-04:00,770.8200073242188,770.864990234375,770.4000244140625,770.4349975585938,97167,0.0,0.0,0.0
2026-08-07 10:05:00-04:00,770.400390625,770.8400268554688,770.3699951171875,770.6500244140625,83344,0.0,0.0,0.0
2026-08-07 10:06:00-04:00,770.6599731445312,770.9600219726562,770.489990234375,770.9500122070312,70933,0.0,0.0,0.0
2026-08-07 10:07:00-04:00,770.9500122070312,771.0,770.5599975585938,770.9400024414062,64528,0.0,0.0,0.0
2026-08-07 10:08:00-04:00,770.9299926757812,771.0700073242188,770.5,770.7899780273438,58773,0.0,0.0,0.0
2026-08-07 10:09:00-04:00,770.7899780273438,770.7999877929688,770.3900756835938,770.4949951171875,58197,0.0,0.0,0.0
2026-08-07 10:10:00-04:00,770.47998046875,770.7100219726562,770.27001953125,770.7000122070312,79206,0.0,0.0,0.0
2026-08-07 10:11:00-04:00,770.6900024414062,770.7899780273438,770.0650024414062,770.0850219726562,87074,0.0,0.0,0.0
2026-08-07 10:12:00-04:00,770.0800170898438,770.0800170898438,769.6199951171875,769.9954833984375,314608,0.0,0.0,0.0
2026-08-07 10:13:00-04:00,769.969970703125,770.239990234375,769.780029296875,770.1099853515625,97649,0.0,0.0,0.0
2026-08-07 10:14:00-04:00,770.0850219726562,770.2000122070312,769.79638671875,769.844970703125,71579,0.0,0.0,0.0
2026-08-07 10:15:00-04:00,769.8699951171875,770.3900146484375,769.6799926757812,770.3400268554688,103022,0.0,0.0,0.0
2026-08-07 10:16:00-04:00,770.3300170898438,770.780029296875,770.2999877929688,770.7100219726562,69993,0.0,0.0,0.0
2026-08-07 10:17:00-04:00,770.6900024414062,771.1500244140625,770.6400146484375,770.9299926757812,323808,0.0,0.0,0.0
2026-08-07 10:18:00-04:00,770.905029296875,771.4099731445312,770.77001953125,771.3900756835938,68600,0.0,0.0,0.0
2026-08-07 10:19:00-04:00,771.4099731445312,771.8289184570312,771.364990234375,771.8200073242188,110042,0.0,0.0,0.0
2026-08-07 10:20:00-04:00,771.8300170898438,771.9400024414062,771.530029296875,771.7100219726562,70579,0.0,0.0,0.0
2026-08-07 10:21:00-04:00,771.7172241210938,771.8884887695312,771.5800170898438,771.8300170898438,114175,0.0,0.0,0.0
2026-08-07 10:22:00-04:00,771.8300170898438,771.8800048828125,771.5349731445312,771.6199951171875,86967,0.0,0.0,0.0
2026-08-07 10:23:00-04:00,771.6099853515625,772.25,771.6099853515625,772.25,74648,0.0,0.0,0.0
2026-08-07 10:24:00-04:00,772.2449951171875,772.280029296875,771.9749755859375,772.0399780273438,100182,0.0,0.0,0.0
2026-08-07 10:25:00-04:00,772.0449829101562,772.6900024414062,772.0449829101562,772.6900024414062,81927,0.0,0.0,0.0
2026-08-07 10:26:00-04:00,772.698974609375,772.8400268554688,772.6199951171875,772.719970703125,111381,0.0,0.0,0.0
2026-08-07 10:27:00-04:00,772.7100219726562,772.9650268554688,772.596923828125,772.8400268554688,78168,0.0,0.0,0.0
2026-08-07 10:28:00-04:00,772.8300170898438,773.27001953125,772.780029296875,773.219970703125,71328,0.0,0.0,0.0
2026-08-07 10:29:00-04:00,773.239990234375,773.2899780273438,773.0,773.1900024414062,87847,0.0,0.0,0.0
2026-08-07 10:30:00-04:00,773.1599731445312,773.3499755859375,772.6199951171875,772.6900024414062,130144,0.0,0.0,0.0
2026-08-07 10:31:00-04:00,772.6849975585938,772.8300170898438,772.4199829101562,772.77001953125,125645,0.0,0.0,0.0
2026-08-07 10:32:00-04:00,772.7750244140625,772.8250122070312,772.6099853515625,772.739990234375,95768,0.0,0.0,0.0
2026-08-07 10:33:00-04:00,772.739990234375,772.760009765625,772.4000244140625,772.5499877929688,64037,0.0,0.0,0.0
2026-08-07 10:34:00-04:00,772.510498046875,772.6099853515625,772.3930053710938,772.6099853515625,57742,0.0,0.0,0.0
2026-08-07 10:35:00-04:00,772.6099853515625,772.7999877929688,772.1500244140625,772.2899780273438,75450,0.0,0.0,0.0
2026-08-07 10:36:00-04:00,772.27001953125,772.4299926757812,772.030029296875,772.2036743164062,76870,0.0,0.0,0.0
2026-08-07 10:37:00-04:00,772.2100219726562,772.5900268554688,772.2000122070312,772.4299926757812,54635,0.0,0.0,0.0
2026-08-07 10:38:00-04:00,772.4600219726562,772.72998046875,772.2949829101562,772.2949829101562,50926,0.0,0.0,0.0
2026-08-07 10:39:00-04:00,772.2999877929688,772.2999877929688,771.719970703125,771.9000244140625,102823,0.0,0.0,0.0
2026-08-07 10:40:00-04:00,771.8900146484375,772.27001953125,771.8300170898438,772.219970703125,150904,0.0,0.0,0.0
2026-08-07 10:41:00-04:00,772.2150268554688,772.27001953125,771.9600219726562,772.1400756835938,50161,0.0,0.0,0.0
2026-08-07 10:42:00-04:00,772.1400146484375,772.4400024414062,771.9949951171875,772.1300048828125,58052,0.0,0.0,0.0
2026-08-07 10:43:00-04:00,772.14501953125,772.2150268554688,771.844970703125,771.97998046875,56620,0.0,0.0,0.0
2026-08-07 10:44:00-04:00,771.9500122070312,772.0599975585938,771.7100219726562,771.97998046875,57788,0.0,0.0,0.0
2026-08-07 10:45:00-04:00,771.9500122070312,772.5399780273438,771.9500122070312,772.4299926757812,79198,0.0,0.0,0.0
2026-08-07 10:46:00-04:00,772.4349975585938,772.5900268554688,772.22998046875,772.5050048828125,97456,0.0,0.0,0.0
2026-08-07 10:47:00-04:00,772.5050048828125,772.6599731445312,772.4400024414062,772.6400146484375,43523,0.0,0.0,0.0
2026-08-07 10:48:00-04:00,772.6500244140625,772.7050170898438,772.3200073242188,772.4299926757812,41317,0.0,0.0,0.0
2026-08-07 10:49:00-04:00,772.4099731445312,772.5,772.239990234375,772.3900146484375,52736,0.0,0.0,0.0
2026-08-07 10:50:00-04:00,772.3900146484375,772.510009765625,772.2999877929688,772.4199829101562,40035,0.0,0.0,0.0
2026-08-07 10:51:00-04:00,772.4299926757812,772.47998046875,771.9450073242188,772.1099853515625,42699,0.0,0.0,0.0
2026-08-07 10:52:00-04:00,772.0700073242188,772.2503051757812,771.8699951171875,772.1300048828125,54775,0.0,0.0,0.0
2026-08-07 10:53:00-04:00,772.0999755859375,772.3099975585938,772.094970703125,772.2000122070312,44933,0.0,0.0,0.0
2026-08-07 10:54:00-04:00,772.2100219726562,772.3599853515625,772.114990234375,772.2100219726562,55056,0.0,0.0,0.0
2026-08-07 10:55:00-04:00,772.2100219726562,772.5399780273438,772.1599731445312,772.52001953125,72038,0.0,0.0,0.0
2026-08-07 10:56:00-04:00,772.5399780273438,772.6500244140625,772.4000244140625,772.4299926757812,44467,0.0,0.0,0.0
2026-08-07 10:57:00-04:00,772.4099731445312,772.72998046875,772.4000244140625,772.6400146484375,46338,0.0,0.0,0.0
2026-08-07 10:58:00-04:00,772.655029296875,773.0,772.655029296875,772.9199829101562,72498,0.0,0.0,0.0
2026-08-07 10:59:00-04:00,772.9100952148438,772.9299926757812,772.5900268554688,772.8800048828125,50360,0.0,0.0,0.0
2026-08-07 11:00:00-04:00,772.8800048828125,772.89990234375,772.6400146484375,772.75,66028,0.0,0.0,0.0
2026-08-07 11:01:00-04:00,772.7750244140625,772.7999877929688,772.4500122070312,772.52001953125,51312,0.0,0.0,0.0
2026-08-07 11:02:00-04:00,772.530029296875,772.6500854492188,772.3699951171875,772.5900268554688,41999,0.0,0.0,0.0
2026-08-07 11:03:00-04:00,772.6199951171875,772.8400268554688,772.5,772.780029296875,65555,0.0,0.0,0.0
2026-08-07 11:04:00-04:00,772.7949829101562,772.8300170898438,772.6900024414062,772.760009765625,30417,0.0,0.0,0.0
2026-08-07 11:05:00-04:00,772.780029296875,772.9099731445312,772.7100219726562,772.8400268554688,32352,0.0,0.0,0.0
2026-08-07 11:06:00-04:00,772.8599853515625,772.969970703125,772.7907104492188,772.9400024414062,54256,0.0,0.0,0.0
2026-08-07 11:07:00-04:00,772.9400024414062,773.010009765625,772.780029296875,772.7849731445312,146677,0.0,0.0,0.0
2026-08-07 11:08:00-04:00,772.7700805664062,773.0,772.719970703125,773.0,42007,0.0,0.0,0.0
2026-08-07 11:09:00-04:00,773.010009765625,773.030029296875,772.844970703125,772.9600219726562,710455,0.0,0.0,0.0
2026-08-07 11:10:00-04:00,772.96630859375,773.3200073242188,772.9600219726562,773.25,141008,0.0,0.0,0.0
2026-08-07 11:11:00-04:00,773.260009765625,773.3975219726562,772.9400024414062,772.9650268554688,136387,0.0,0.0,0.0
2026-08-07 11:12:00-04:00,772.969970703125,773.1273193359375,772.75,772.7999877929688,76440,0.0,0.0,0.0
2026-08-07 11:13:00-04:00,772.7899780273438,772.9299926757812,772.6500244140625,772.875,50100,0.0,0.0,0.0
2026-08-07 11:14:00-04:00,772.8800048828125,773.1099853515625,772.8599853515625,773.0900268554688,36094,0.0,0.0,0.0
2026-08-07 11:15:00-04:00,773.0900268554688,773.1099853515625,772.9000244140625,772.9400024414062,42787,0.0,0.0,0.0
2026-08-07 11:16:00-04:00,772.9400024414062,773.1599731445312,772.9099731445312,773.0700073242188,57482,0.0,0.0,0.0
2026-08-07 11:17:00-04:00,773.0599975585938,773.0599975585938,772.8099975585938,772.85498046875,60349,0.0,0.0,0.0
2026-08-07 11:18:00-04:00,772.8400268554688,772.97998046875,772.7849731445312,772.9500122070312,38606,0.0,0.0,0.0
2026-08-07 11:19:00-04:00,772.9400024414062,772.9500122070312,772.8062744140625,772.8800048828125,53027,0.0,0.0,0.0
2026-08-07 11:20:00-04:00,772.8699951171875,773.0999755859375,772.8400268554688,773.0601196289062,40071,0.0,0.0,0.0
2026-08-07 11:21:00-04:00,773.0700073242188,773.0999755859375,772.875,773.0999755859375,77790,0.0,0.0,0.0
2026-08-07 11:22:00-04:00,773.0999755859375,773.3399047851562,773.0800170898438,773.3189697265625,49319,0.0,0.0,0.0
2026-08-07 11:23:00-04:00,773.3035278320312,773.5,773.2100219726562,773.4000244140625,69621,0.0,0.0,0.0
2026-08-07 11:24:00-04:00,773.4000244140625,773.6099853515625,773.3900146484375,773.5349731445312,93740,0.0,0.0,0.0
2026-08-07 11:25:00-04:00,773.530029296875,773.77001953125,773.47998046875,773.75,85351,0.0,0.0,0.0
2026-08-07 11:26:00-04:00,773.72998046875,773.8900146484375,773.6799926757812,773.739990234375,103068,0.0,0.0,0.0
2026-08-07 11:27:00-04:00,773.739990234375,773.8499755859375,773.719970703125,773.8350219726562,65772,0.0,0.0,0.0
2026-08-07 11:28:00-04:00,773.8400268554688,773.8499755859375,773.6599731445312,773.7249755859375,113193,0.0,0.0,0.0
2026-08-07 11:29:00-04:00,773.719970703125,773.7650146484375,773.6199951171875,773.6500244140625,61250,0.0,0.0,0.0
2026-08-07 11:30:00-04:00,773.6599731445312,773.8800048828125,773.6599731445312,773.8099975585938,70589,0.0,0.0,0.0
2026-08-07 11:31:00-04:00,773.8099975585938,773.85498046875,773.6900024414062,773.7000122070312,83090,0.0,0.0,0.0
2026-08-07 11:32:00-04:00,773.7000122070312,773.9099731445312,773.6799926757812,773.9000244140625,84496,0.0,0.0,0.0
2026-08-07 11:33:00-04:00,773.9000244140625,773.9149780273438,773.5,773.510009765625,383160,0.0,0.0,0.0
2026-08-07 11:34:00-04:00,773.510009765625,773.5700073242188,773.4000244140625,773.4199829101562,81861,0.0,0.0,0.0
2026-08-07 11:35:00-04:00,773.4550170898438,773.5,773.2100219726562,773.27001953125,125052,0.0,0.0,0.0
2026-08-07 11:36:00-04:00,773.2650146484375,773.47998046875,773.22998046875,773.3900146484375,65788,0.0,0.0,0.0
2026-08-07 11:37:00-04:00,773.3800048828125,773.5499877929688,773.3400268554688,773.510009765625,49977,0.0,0.0,0.0
2026-08-07 11:38:00-04:00,773.5399780273438,773.5399780273438,773.3699951171875,773.4199829101562,41954,0.0,0.0,0.0
2026-08-07 11:39:00-04:00,773.4199829101562,773.52001953125,773.3800048828125,773.3900146484375,38136,0.0,0.0,0.0
2026-08-07 11:40:00-04:00,773.4000244140625,773.6300048828125,773.4000244140625,773.4500122070312,50032,0.0,0.0,0.0
2026-08-07 11:41:00-04:00,773.4400024414062,773.47412109375,773.0001220703125,773.010009765625,50324,0.0,0.0,0.0
2026-08-07 11:42:00-04:00,773.0399780273438,773.1099853515625,772.9400024414062,773.0150146484375,49675,0.0,0.0,0.0
2026-08-07 11:43:00-04:00,773.0,773.1500244140625,772.892822265625,773.0800170898438,53098,0.0,0.0,0.0
2026-08-07 11:44:00-04:00,773.0800170898438,773.3400268554688,773.0399780273438,773.1649780273438,49802,0.0,0.0,0.0
2026-08-07 11:45:00-04:00,773.1799926757812,773.25,773.0399780273438,773.1799926757812,45174,0.0,0.0,0.0
2026-08-07 11:46:00-04:00,773.2000122070312,773.3800048828125,773.0999755859375,773.239990234375,47969,0.0,0.0,0.0
2026-08-07 11:47:00-04:00,773.22998046875,773.3099975585938,773.114990234375,773.22998046875,30866,0.0,0.0,0.0
2026-08-07 11:48:00-04:00,773.22998046875,773.344970703125,773.219970703125,773.2899780273438,37025,0.0,0.0,0.0
2026-08-07 11:49:00-04:00,773.2949829101562,773.5900268554688,773.25,773.5750122070312,47736,0.0,0.0,0.0
2026-08-07 11:50:00-04:00,773.5499877929688,773.6199951171875,773.4500122070312,773.6099853515625,41507,0.0,0.0,0.0
2026-08-07 11:51:00-04:00,773.625,773.6400146484375,773.47998046875,773.4804077148438,39216,0.0,0.0,0.0
2026-08-07 11:52:00-04:00,773.510009765625,773.5700073242188,773.2899780273438,773.3800048828125,64028,0.0,0.0,0.0
2026-08-07 11:53:00-04:00,773.3800048828125,773.3800048828125,773.0499877929688,773.219970703125,45620,0.0,0.0,0.0
2026-08-07 11:54:00-04:00,773.22998046875,773.3250122070312,773.1300048828125,773.2999877929688,46030,0.0,0.0,0.0
2026-08-07 11:55:00-04:00,773.3099975585938,773.3300170898438,773.1599731445312,773.2050170898438,33249,0.0,0.0,0.0
2026-08-07 11:56:00-04:00,773.1950073242188,773.2100219726562,773.0449829101562,773.1699829101562,47195,0.0,0.0,0.0
2026-08-07 11:57:00-04:00,773.1699829101562,773.1699829101562,772.9299926757812,772.9450073242188,71420,0.0,0.0,0.0
2026-08-07 11:58:00-04:00,772.948974609375,773.0,772.8300170898438,772.969970703125,53606,0.0,0.0,0.0
2026-08-07 11:59:00-04:00,772.9500122070312,773.0800170898438,772.9299926757812,773.030029296875,45611,0.0,0.0,0.0
2026-08-07 12:00:00-04:00,773.0399780273438,773.1199951171875,772.8099975585938,772.8499755859375,65408,0.0,0.0,0.0
2026-08-07 12:01:00-04:00,772.8300170898438,772.864990234375,772.7449951171875,772.8599853515625,185066,0.0,0.0,0.0
2026-08-07 12:02:00-04:00,772.85498046875,773.0599975585938,772.85498046875,772.9400024414062,50410,0.0,0.0,0.0
2026-08-07 12:03:00-04:00,772.9249877929688,772.989990234375,772.8099975585938,772.9349975585938,51205,0.0,0.0,0.0
2026-08-07 12:04:00-04:00,772.9400024414062,773.1599731445312,772.8800048828125,773.155029296875,49497,0.0,0.0,0.0
2026-08-07 12:05:00-04:00,773.1599731445312,773.3699951171875,773.1199951171875,773.1900024414062,47792,0.0,0.0,0.0
2026-08-07 12:06:00-04:00,773.219970703125,773.2999877929688,773.1900024414062,773.2999877929688,31763,0.0,0.0,0.0
2026-08-07 12:07:00-04:00,773.3200073242188,773.3800048828125,773.2050170898438,773.280029296875,45029,0.0,0.0,0.0
2026-08-07 12:08:00-04:00,773.2899780273438,773.3200073242188,773.1300048828125,773.1799926757812,57273,0.0,0.0,0.0
2026-08-07 12:09:00-04:00,773.1749877929688,773.1840209960938,773.030029296875,773.1649780273438,26391,0.0,0.0,0.0
2026-08-07 12:10:00-04:00,773.1699829101562,773.2899780273438,773.1400146484375,773.27001953125,34659,0.0,0.0,0.0
2026-08-07 12:11:00-04:00,773.280029296875,773.35498046875,773.22998046875,773.3250122070312,73798,0.0,0.0,0.0
2026-08-07 12:12:00-04:00,773.3499755859375,773.3499755859375,773.1199951171875,773.219970703125,100928,0.0,0.0,0.0
2026-08-07 12:13:00-04:00,773.239990234375,773.27001953125,773.0809936523438,773.1099853515625,36222,0.0,0.0,0.0
2026-08-07 12:14:00-04:00,773.1099853515625,773.1799926757812,772.9949951171875,773.010009765625,25655,0.0,0.0,0.0
2026-08-07 12:15:00-04:00,772.989990234375,773.1099853515625,772.9550170898438,773.10498046875,37290,0.0,0.0,0.0
2026-08-07 12:16:00-04:00,773.1300048828125,773.219970703125,773.094970703125,773.1300048828125,36995,0.0,0.0,0.0
2026-08-07 12:17:00-04:00,773.1400146484375,773.1900024414062,773.0150146484375,773.0499877929688,30766,0.0,0.0,0.0
2026-08-07 12:18:00-04:00,773.0399780273438,773.1799926757812,773.0,773.0700073242188,158515,0.0,0.0,0.0
2026-08-07 12:19:00-04:00,773.0800170898438,773.0900268554688,772.8699951171875,772.969970703125,37704,0.0,0.0,0.0
2026-08-07 12:20:00-04:00,772.97998046875,773.3300170898438,772.8300170898438,772.97998046875,77588,0.0,0.0,0.0
2026-08-07 12:21:00-04:00,772.97998046875,773.02001953125,772.6799926757812,772.75,54081,0.0,0.0,0.0
2026-08-07 12:22:00-04:00,772.739990234375,772.7999877929688,772.5999755859375,772.6500244140625,48719,0.0,0.0,0.0
2026-08-07 12:23:00-04:00,772.6599731445312,772.7550048828125,772.4299926757812,772.4550170898438,49996,0.0,0.0,0.0
2026-08-07 12:24:00-04:00,772.4550170898438,772.489990234375,772.239990234375,772.25,74475,0.0,0.0,0.0
2026-08-07 12:25:00-04:00,772.260009765625,772.3300170898438,771.5700073242188,771.7650146484375,133363,0.0,0.0,0.0
2026-08-07 12:26:00-04:00,771.77001953125,771.8599853515625,771.3400268554688,771.47998046875,109087,0.0,0.0,0.0
2026-08-07 12:27:00-04:00,771.5,771.7399291992188,771.333984375,771.6699829101562,62833,0.0,0.0,0.0
2026-08-07 12:28:00-04:00,771.6900024414062,771.780029296875,771.364990234375,771.655029296875,60614,0.0,0.0,0.0
2026-08-07 12:29:00-04:00,771.6699829101562,771.739990234375,771.469970703125,771.7249755859375,70253,0.0,0.0,0.0
2026-08-07 12:30:00-04:00,771.7349853515625,771.8394775390625,771.1900024414062,771.239990234375,973627,0.0,0.0,0.0
2026-08-07 12:31:00-04:00,771.239990234375,771.3699951171875,771.0900268554688,771.1300048828125,93470,0.0,0.0,0.0
2026-08-07 12:32:00-04:00,771.1300048828125,771.52001953125,771.0615234375,771.5150146484375,59440,0.0,0.0,0.0
2026-08-07 12:33:00-04:00,771.530029296875,771.5800170898438,771.4199829101562,771.5700073242188,43885,0.0,0.0,0.0
2026-08-07 12:34:00-04:00,771.52001953125,771.969970703125,771.5,771.9301147460938,105534,0.0,0.0,0.0
2026-08-07 12:35:00-04:00,771.9400024414062,771.9600219726562,771.7100219726562,771.835205078125,68757,0.0,0.0,0.0
2026-08-07 12:36:00-04:00,771.8400268554688,772.030029296875,771.8099975585938,771.8800048828125,62358,0.0,0.0,0.0
2026-08-07 12:37:00-04:00,771.8800048828125,771.9400024414062,771.7899780273438,771.8599853515625,38676,0.0,0.0,0.0
2026-08-07 12:38:00-04:00,771.8599853515625,771.9199829101562,771.739990234375,771.7999877929688,190984,0.0,0.0,0.0
2026-08-07 12:39:00-04:00,771.8099975585938,772.3300170898438,771.8099975585938,772.2949829101562,47986,0.0,0.0,0.0
2026-08-07 12:40:00-04:00,772.281494140625,772.4598999023438,772.239990234375,772.3499755859375,44217,0.0,0.0,0.0
2026-08-07 12:41:00-04:00,772.3499755859375,772.5599975585938,772.3300170898438,772.4849853515625,45892,0.0,0.0,0.0
2026-08-07 12:42:00-04:00,772.5,772.5,772.280029296875,772.2899780273438,29155,0.0,0.0,0.0
2026-08-07 12:43:00-04:00,772.3099975585938,772.5,772.280029296875,772.47998046875,29236,0.0,0.0,0.0
2026-08-07 12:44:00-04:00,772.47998046875,772.6300048828125,772.4199829101562,772.5900268554688,49871,0.0,0.0,0.0
2026-08-07 12:45:00-04:00,772.5999755859375,772.75,772.5900268554688,772.6950073242188,81888,0.0,0.0,0.0
2026-08-07 12:46:00-04:00,772.7100219726562,772.7100219726562,772.530029296875,772.5499877929688,37813,0.0,0.0,0.0
2026-08-07 12:47:00-04:00,772.552001953125,772.6199951171875,772.4400024414062,772.5599975585938,96052,0.0,0.0,0.0
2026-08-07 12:48:00-04:00,772.5504150390625,772.6500244140625,772.4199829101562,772.510009765625,36501,0.0,0.0,0.0
2026-08-07 12:49:00-04:00,772.5250244140625,772.7000122070312,772.5,772.6400146484375,33725,0.0,0.0,0.0
2026-08-07 12:50:00-04:00,772.6300048828125,772.8599853515625,772.6300048828125,772.8400268554688,35431,0.0,0.0,0.0
2026-08-07 12:51:00-04:00,772.8350219726562,772.8400268554688,772.4199829101562,772.4199829101562,49552,0.0,0.0,0.0
2026-08-07 12:52:00-04:00,772.4149780273438,772.4299926757812,772.1389770507812,772.1389770507812,38816,0.0,0.0,0.0
2026-08-07 12:53:00-04:00,772.14990234375,772.2899780273438,772.0850219726562,772.2899780273438,36220,0.0,0.0,0.0
2026-08-07 12:54:00-04:00,772.2999877929688,772.3099975585938,772.1799926757812,772.1950073242188,29530,0.0,0.0,0.0
2026-08-07 12:55:00-04:00,772.2100219726562,772.27001953125,772.1099853515625,772.219970703125,29181,0.0,0.0,0.0
2026-08-07 12:56:00-04:00,772.2100219726562,772.3900146484375,772.1500244140625,772.2050170898438,465085,0.0,0.0,0.0
2026-08-07 12:57:00-04:00,772.2000122070312,772.27001953125,772.1099853515625,772.1199951171875,37948,0.0,0.0,0.0
2026-08-07 12:58:00-04:00,772.0999755859375,772.1900024414062,772.0599975585938,772.1099853515625,33424,0.0,0.0,0.0
2026-08-07 12:59:00-04:00,772.1099853515625,772.1599731445312,771.9500122070312,771.9650268554688,44216,0.0,0.0,0.0
2026-08-07 13:00:00-04:00,771.9600830078125,772.030029296875,771.77001953125,771.8499755859375,36947,0.0,0.0,0.0
2026-08-07 13:01:00-04:00,771.8499755859375,772.119873046875,771.8499755859375,772.02001953125,64612,0.0,0.0,0.0
2026-08-07 13:02:00-04:00,772.010009765625,772.219970703125,772.010009765625,772.1400146484375,58076,0.0,0.0,0.0
2026-08-07 13:03:00-04:00,772.1400146484375,772.2999267578125,772.1199951171875,772.1799926757812,32142,0.0,0.0,0.0
2026-08-07 13:04:00-04:00,772.1900024414062,772.1900024414062,772.010009765625,772.0399780273438,31828,0.0,0.0,0.0
2026-08-07 13:05:00-04:00,772.0349731445312,772.25,772.030029296875,772.219970703125,40728,0.0,0.0,0.0
2026-08-07 13:06:00-04:00,772.239990234375,772.2949829101562,772.1599731445312,772.2100219726562,38438,0.0,0.0,0.0
2026-08-07 13:07:00-04:00,772.22998046875,772.260009765625,772.1099853515625,772.2100219726562,17370,0.0,0.0,0.0
2026-08-07 13:08:00-04:00,772.2100219726562,772.27001953125,772.1400146484375,772.22998046875,35598,0.0,0.0,0.0
2026-08-07 13:09:00-04:00,772.239990234375,772.2999877929688,772.14501953125,772.260009765625,36755,0.0,0.0,0.0
2026-08-07 13:10:00-04:00,772.260009765625,772.3699951171875,772.1400146484375,772.1500244140625,38159,0.0,0.0,0.0
2026-08-07 13:11:00-04:00,772.1749877929688,772.2999877929688,772.1400146484375,772.1799926757812,24856,0.0,0.0,0.0
2026-08-07 13:12:00-04:00,772.1900024414062,772.2000122070312,772.0150146484375,772.0150146484375,29547,0.0,0.0,0.0
2026-08-07 13:13:00-04:00,772.02001953125,772.1500244140625,771.989990234375,772.094970703125,20519,0.0,0.0,0.0
2026-08-07 13:14:00-04:00,772.1099853515625,772.1300048828125,772.030029296875,772.0549926757812,29912,0.0,0.0,0.0
2026-08-07 13:15:00-04:00,772.0549926757812,772.1900024414062,772.02001953125,772.0552978515625,27438,0.0,0.0,0.0
2026-08-07 13:16:00-04:00,772.0800170898438,772.2899780273438,771.989990234375,772.22998046875,35087,0.0,0.0,0.0
2026-08-07 13:17:00-04:00,772.219970703125,772.239990234375,772.1099853515625,772.2000122070312,34259,0.0,0.0,0.0
2026-08-07 13:18:00-04:00,772.2100219726562,772.3200073242188,772.14501953125,772.260009765625,30022,0.0,0.0,0.0
2026-08-07 13:19:00-04:00,772.2650146484375,772.3800048828125,772.2100219726562,772.3049926757812,37417,0.0,0.0,0.0
2026-08-07 13:20:00-04:00,772.2899780273438,772.4099731445312,772.2899780273438,772.3300170898438,28314,0.0,0.0,0.0
2026-08-07 13:21:00-04:00,772.3099975585938,772.3200073242188,772.1400146484375,772.1799926757812,31868,0.0,0.0,0.0
2026-08-07 13:22:00-04:00,772.1699829101562,772.3499755859375,772.1699829101562,772.27001953125,23640,0.0,0.0,0.0
2026-08-07 13:23:00-04:00,772.25,772.260009765625,772.0499877929688,772.0900268554688,30711,0.0,0.0,0.0
2026-08-07 13:24:00-04:00,772.0900268554688,772.1400146484375,771.9000244140625,771.9000244140625,89644,0.0,0.0,0.0
2026-08-07 13:25:00-04:00,771.8900146484375,771.989990234375,771.739990234375,771.9500122070312,53307,0.0,0.0,0.0
2026-08-07 13:26:00-04:00,771.9600219726562,771.989990234375,771.905029296875,771.9600219726562,18299,0.0,0.0,0.0
2026-08-07 13:27:00-04:00,771.9600219726562,772.02001953125,771.9299926757812,771.9598999023438,29265,0.0,0.0,0.0
2026-08-07 13:28:00-04:00,771.9400024414062,772.0700073242188,771.9099731445312,772.0499877929688,24759,0.0,0.0,0.0
2026-08-07 13:29:00-04:00,772.0599975585938,772.22998046875,772.0549926757812,772.0900268554688,37397,0.0,0.0,0.0
2026-08-07 13:30:00-04:00,772.1099853515625,772.22998046875,772.0999755859375,772.1199951171875,42982,0.0,0.0,0.0
2026-08-07 13:31:00-04:00,772.1199951171875,772.125,772.0,772.0700073242188,38599,0.0,0.0,0.0
2026-08-07 13:32:00-04:00,772.0499877929688,772.0900268554688,771.9400024414062,771.9400024414062,38797,0.0,0.0,0.0
2026-08-07 13:33:00-04:00,771.9450073242188,772.1799926757812,771.72998046875,772.02001953125,75485,0.0,0.0,0.0
2026-08-07 13:34:00-04:00,772.0599975585938,772.094970703125,771.8699951171875,771.9299926757812,35789,0.0,0.0,0.0
2026-08-07 13:35:00-04:00,771.9299926757812,772.0748901367188,771.8800048828125,772.0700073242188,28504,0.0,0.0,0.0
2026-08-07 13:36:00-04:00,772.0599975585938,772.1300048828125,772.0,772.1199951171875,30743,0.0,0.0,0.0
2026-08-07 13:37:00-04:00,772.1099853515625,772.1099853515625,771.969970703125,772.0050048828125,25618,0.0,0.0,0.0
2026-08-07 13:38:00-04:00,771.989990234375,772.1500244140625,771.989990234375,772.125,27178,0.0,0.0,0.0
2026-08-07 13:39:00-04:00,772.1199951171875,772.3900146484375,772.0599975585938,772.3699951171875,32837,0.0,0.0,0.0
2026-08-07 13:40:00-04:00,772.3900146484375,772.4199829101562,772.1699829101562,772.1900024414062,41436,0.0,0.0,0.0
2026-08-07 13:41:00-04:00,772.2100219726562,772.25,772.1599731445312,772.1900024414062,20661,0.0,0.0,0.0
2026-08-07 13:42:00-04:00,772.1799926757812,772.22998046875,772.1300048828125,772.1649780273438,35505,0.0,0.0,0.0
2026-08-07 13:43:00-04:00,772.1599731445312,772.2899780273438,772.14501953125,772.27001953125,24907,0.0,0.0,0.0
2026-08-07 13:44:00-04:00,772.280029296875,772.280029296875,772.1500244140625,772.1699829101562,14852,0.0,0.0,0.0
2026-08-07 13:45:00-04:00,772.1799926757812,772.2899780273438,772.0900268554688,772.27001953125,23318,0.0,0.0,0.0
2026-08-07 13:46:00-04:00,772.280029296875,772.4099731445312,772.2406005859375,772.3900146484375,32763,0.0,0.0,0.0
2026-08-07 13:47:00-04:00,772.3599853515625,772.4400024414062,772.311279296875,772.35498046875,42040,0.0,0.0,0.0
2026-08-07 13:48:00-04:00,772.3499145507812,772.3800048828125,772.2999877929688,772.3150024414062,56033,0.0,0.0,0.0
2026-08-07 13:49:00-04:00,772.3200073242188,772.3798828125,772.239990234375,772.2899780273438,24658,0.0,0.0,0.0
2026-08-07 13:50:00-04:00,772.2775268554688,772.4600219726562,772.27001953125,772.3499755859375,33237,0.0,0.0,0.0
2026-08-07 13:51:00-04:00,772.344970703125,772.3599853515625,772.0999755859375,772.1799926757812,39470,0.0,0.0,0.0
2026-08-07 13:52:00-04:00,772.1900024414062,772.1950073242188,771.989990234375,772.0828247070312,36320,0.0,0.0,0.0
2026-08-07 13:53:00-04:00,772.0700073242188,772.1099853515625,772.0,772.0800170898438,22046,0.0,0.0,0.0
2026-08-07 13:54:00-04:00,772.0800170898438,772.3198852539062,772.0599975585938,772.2999877929688,25534,0.0,0.0,0.0
2026-08-07 13:55:00-04:00,772.3099975585938,772.3400268554688,772.1799926757812,772.2000122070312,27312,0.0,0.0,0.0
2026-08-07 13:56:00-04:00,772.2000122070312,772.3300170898438,772.1699829101562,772.25,21275,0.0,0.0,0.0
2026-08-07 13:57:00-04:00,772.239990234375,772.3800048828125,772.22998046875,772.3800048828125,27783,0.0,0.0,0.0
2026-08-07 13:58:00-04:00,772.3699951171875,772.4000244140625,772.2750244140625,772.2949829101562,23862,0.0,0.0,0.0
2026-08-07 13:59:00-04:00,772.2849731445312,772.3099975585938,772.1699829101562,772.1699829101562,28659,0.0,0.0,0.0
2026-08-07 14:00:00-04:00,772.1649780273438,772.2849731445312,772.1199951171875,772.2100219726562,66923,0.0,0.0,0.0
2026-08-07 14:01:00-04:00,772.2000122070312,772.260009765625,772.1799926757812,772.2249755859375,80908,0.0,0.0,0.0
2026-08-07 14:02:00-04:00,772.239990234375,772.260009765625,772.1199951171875,772.2000122070312,36627,0.0,0.0,0.0
2026-08-07 14:03:00-04:00,772.2000122070312,772.260009765625,772.1599731445312,772.1900024414062,39182,0.0,0.0,0.0
2026-08-07 14:04:00-04:00,772.1900024414062,772.2100219726562,772.0800170898438,772.1400146484375,60222,0.0,0.0,0.0
2026-08-07 14:05:00-04:00,772.1500244140625,772.1799926757812,771.9400024414062,772.0,138136,0.0,0.0,0.0
2026-08-07 14:06:00-04:00,772.0399780273438,772.07177734375,771.9199829101562,772.010009765625,57613,0.0,0.0,0.0
2026-08-07 14:07:00-04:00,772.010009765625,772.0800170898438,771.8300170898438,772.0399780273438,80206,0.0,0.0,0.0
2026-08-07 14:08:00-04:00,772.030029296875,772.1500244140625,772.02001953125,772.0599975585938,33664,0.0,0.0,0.0
2026-08-07 14:09:00-04:00,772.0549926757812,772.1199951171875,771.989990234375,772.0399169921875,24464,0.0,0.0,0.0
2026-08-07 14:10:00-04:00,772.0499877929688,772.1199951171875,772.010009765625,772.0449829101562,198601,0.0,0.0,0.0
2026-08-07 14:11:00-04:00,772.0399780273438,772.0407104492188,771.9000244140625,771.9650268554688,65147,0.0,0.0,0.0
2026-08-07 14:12:00-04:00,771.969970703125,771.9749755859375,771.7000122070312,771.7899780273438,65212,0.0,0.0,0.0
2026-08-07 14:13:00-04:00,771.8099975585938,771.8300170898438,771.6400146484375,771.6500244140625,170345,0.0,0.0,0.0
2026-08-07 14:14:00-04:00,771.64501953125,771.6699829101562,771.4500122070312,771.5750122070312,62872,0.0,0.0,0.0
2026-08-07 14:15:00-04:00,771.5805053710938,771.6099853515625,771.469970703125,771.530029296875,51481,0.0,0.0,0.0
2026-08-07 14:16:00-04:00,771.5399780273438,771.6798706054688,771.489990234375,771.6199951171875,46099,0.0,0.0,0.0
2026-08-07 14:17:00-04:00,771.6300048828125,771.6699829101562,771.52001953125,771.6300048828125,117623,0.0,0.0,0.0
2026-08-07 14:18:00-04:00,771.6400146484375,771.8099975585938,771.6300048828125,771.7750244140625,59396,0.0,0.0,0.0
2026-08-07 14:19:00-04:00,771.7849731445312,771.7849731445312,771.6599731445312,771.72998046875,52123,0.0,0.0,0.0
2026-08-07 14:20:00-04:00,771.719970703125,771.7999877929688,771.6300048828125,771.6699829101562,41585,0.0,0.0,0.0
2026-08-07 14:21:00-04:00,771.6699829101562,771.780029296875,771.6099853515625,771.6300048828125,30695,0.0,0.0,0.0
2026-08-07 14:22:00-04:00,771.5999755859375,771.780029296875,771.5599975585938,771.739990234375,31357,0.0,0.0,0.0
2026-08-07 14:23:00-04:00,771.75,771.780029296875,771.655029296875,771.6900024414062,34679,0.0,0.0,0.0
2026-08-07 14:24:00-04:00,771.6900024414062,771.7100219726562,771.5399780273438,771.6599731445312,30708,0.0,0.0,0.0
2026-08-07 14:25:00-04:00,771.6599731445312,771.739990234375,771.5499877929688,771.5599975585938,59400,0.0,0.0,0.0
2026-08-07 14:26:00-04:00,771.5599975585938,771.6199951171875,771.52001953125,771.56201171875,42734,0.0,0.0,0.0
2026-08-07 14:27:00-04:00,771.5449829101562,771.760009765625,771.5399780273438,771.6599731445312,28013,0.0,0.0,0.0
2026-08-07 14:28:00-04:00,771.6599731445312,771.6799926757812,771.489990234375,771.5150146484375,26047,0.0,0.0,0.0
2026-08-07 14:29:00-04:00,771.510009765625,771.5800170898438,771.4500122070312,771.47998046875,39103,0.0,0.0,0.0
2026-08-07 14:30:00-04:00,771.4749755859375,771.5,771.3699951171875,771.4066162109375,32958,0.0,0.0,0.0
2026-08-07 14:31:00-04:00,771.409912109375,771.4400024414062,771.3350219726562,771.4299926757812,40667,0.0,0.0,0.0
2026-08-07 14:32:00-04:00,771.4199829101562,771.5999755859375,771.3699951171875,771.5800170898438,75179,0.0,0.0,0.0
2026-08-07 14:33:00-04:00,771.5700073242188,771.6400146484375,771.4600219726562,771.6300048828125,82936,0.0,0.0,0.0
2026-08-07 14:34:00-04:00,771.6300048828125,771.6400146484375,771.3699951171875,771.3900146484375,31686,0.0,0.0,0.0
2026-08-07 14:35:00-04:00,771.3900146484375,771.510009765625,771.1900024414062,771.2100219726562,35891,0.0,0.0,0.0
2026-08-07 14:36:00-04:00,771.2100219726562,771.3599853515625,771.1900024414062,771.3200073242188,33223,0.0,0.0,0.0
2026-08-07 14:37:00-04:00,771.2999877929688,771.4000244140625,771.2999877929688,771.3400268554688,40724,0.0,0.0,0.0
2026-08-07 14:38:00-04:00,771.3300170898438,771.3900146484375,771.260009765625,771.2999877929688,25759,0.0,0.0,0.0
2026-08-07 14:39:00-04:00,771.2999877929688,771.3699951171875,771.2000122070312,771.2999877929688,285013,0.0,0.0,0.0
2026-08-07 14:40:00-04:00,771.2999877929688,771.3400268554688,771.260009765625,771.3300170898438,31700,0.0,0.0,0.0
2026-08-07 14:41:00-04:00,771.3250122070312,771.3800048828125,771.280029296875,771.3599853515625,37705,0.0,0.0,0.0
2026-08-07 14:42:00-04:00,771.35498046875,771.3699951171875,771.280029296875,771.3098754882812,34939,0.0,0.0,0.0
2026-08-07 14:43:00-04:00,771.3099975585938,771.3499755859375,771.219970703125,771.219970703125,40340,0.0,0.0,0.0
2026-08-07 14:44:00-04:00,771.219970703125,771.22998046875,770.8900146484375,770.9600219726562,140177,0.0,0.0,0.0
2026-08-07 14:45:00-04:00,770.969970703125,771.0800170898438,770.9299926757812,771.0800170898438,41584,0.0,0.0,0.0
2026-08-07 14:46:00-04:00,771.0900268554688,771.1099853515625,770.9099731445312,770.9600219726562,36603,0.0,0.0,0.0
2026-08-07 14:47:00-04:00,770.9600219726562,771.010009765625,770.9299926757812,770.9600219726562,28285,0.0,0.0,0.0
2026-08-07 14:48:00-04:00,770.9600219726562,771.22998046875,770.9600219726562,771.1950073242188,53411,0.0,0.0,0.0
2026-08-07 14:49:00-04:00,771.2100219726562,771.280029296875,771.1500244140625,771.25,30931,0.0,0.0,0.0
2026-08-07 14:50:00-04:00,771.25,771.4199829101562,771.219970703125,771.39501953125,51787,0.0,0.0,0.0
2026-08-07 14:51:00-04:00,771.4099731445312,771.489990234375,771.3499755859375,771.469970703125,37143,0.0,0.0,0.0
2026-08-07 14:52:00-04:00,771.469970703125,771.489990234375,771.344970703125,771.4299926757812,165478,0.0,0.0,0.0
2026-08-07 14:53:00-04:00,771.4400024414062,771.4400024414062,771.3200073242188,771.4199829101562,157550,0.0,0.0,0.0
2026-08-07 14:54:00-04:00,771.4099731445312,771.4400024414062,771.2849731445312,771.3200073242188,32655,0.0,0.0,0.0
2026-08-07 14:55:00-04:00,771.3300170898438,771.3900146484375,771.219970703125,771.280029296875,37486,0.0,0.0,0.0
2026-08-07 14:56:00-04:00,771.2899780273438,771.3300170898438,771.2100219726562,771.239990234375,43758,0.0,0.0,0.0
2026-08-07 14:57:00-04:00,771.25,771.4600219726562,771.22998046875,771.4400024414062,46455,0.0,0.0,0.0
2026-08-07 14:58:00-04:00,771.4500122070312,771.6099853515625,771.4400024414062,771.5,126214,0.0,0.0,0.0
2026-08-07 14:59:00-04:00,771.4849853515625,771.8099975585938,771.469970703125,771.7100219726562,62547,0.0,0.0,0.0
2026-08-07 15:00:00-04:00,771.6799926757812,771.9600219726562,771.6599731445312,771.8909912109375,77350,0.0,0.0,0.0
2026-08-07 15:01:00-04:00,771.90771484375,772.469970703125,771.8900146484375,772.1199951171875,209468,0.0,0.0,0.0
2026-08-07 15:02:00-04:00,772.1298828125,772.1599731445312,772.010009765625,772.030029296875,59426,0.0,0.0,0.0
2026-08-07 15:03:00-04:00,772.030029296875,772.0800170898438,771.9500122070312,772.0050048828125,69716,0.0,0.0,0.0
2026-08-07 15:04:00-04:00,772.02001953125,772.0800170898438,771.97998046875,772.0499877929688,156619,0.0,0.0,0.0
2026-08-07 15:05:00-04:00,772.0499877929688,772.3250122070312,772.0349731445312,772.3250122070312,67217,0.0,0.0,0.0
2026-08-07 15:06:00-04:00,772.3200073242188,772.5050048828125,772.2999877929688,772.4450073242188,60237,0.0,0.0,0.0
2026-08-07 15:07:00-04:00,772.4600219726562,772.5700073242188,772.4000244140625,772.530029296875,122157,0.0,0.0,0.0
2026-08-07 15:08:00-04:00,772.530029296875,772.5499877929688,772.4600219726562,772.4749755859375,62974,0.0,0.0,0.0
2026-08-07 15:09:00-04:00,772.469970703125,772.6799926757812,772.405029296875,772.6500244140625,216265,0.0,0.0,0.0
2026-08-07 15:10:00-04:00,772.6649780273438,773.0599975585938,772.6649780273438,773.030029296875,107777,0.0,0.0,0.0
2026-08-07 15:11:00-04:00,773.0399780273438,773.0499877929688,772.905029296875,772.97998046875,84965,0.0,0.0,0.0
2026-08-07 15:12:00-04:00,772.97998046875,772.989990234375,772.844970703125,772.8800048828125,59787,0.0,0.0,0.0
2026-08-07 15:13:00-04:00,772.8800048828125,773.0,772.8800048828125,772.9000244140625,170038,0.0,0.0,0.0
2026-08-07 15:14:00-04:00,772.9099731445312,772.97998046875,772.8699951171875,772.9000244140625,71567,0.0,0.0,0.0
2026-08-07 15:15:00-04:00,772.9099731445312,773.2999877929688,772.7999877929688,773.280029296875,109255,0.0,0.0,0.0
2026-08-07 15:16:00-04:00,773.280029296875,773.385009765625,773.0549926757812,773.3800048828125,101346,0.0,0.0,0.0
2026-08-07 15:17:00-04:00,773.3699951171875,773.4500122070312,773.0599975585938,773.0999755859375,104126,0.0,0.0,0.0
2026-08-07 15:18:00-04:00,773.0900268554688,773.1300048828125,772.9099731445312,772.97998046875,211558,0.0,0.0,0.0
2026-08-07 15:19:00-04:00,772.97998046875,772.989990234375,772.8099975585938,772.8400268554688,72308,0.0,0.0,0.0
2026-08-07 15:20:00-04:00,772.8599853515625,773.1500244140625,772.8410034179688,773.0900268554688,58116,0.0,0.0,0.0
2026-08-07 15:21:00-04:00,773.0800170898438,773.1749877929688,773.0399780273438,773.0399780273438,67391,0.0,0.0,0.0
2026-08-07 15:22:00-04:00,773.02001953125,773.0999755859375,772.969970703125,773.0750122070312,49837,0.0,0.0,0.0
2026-08-07 15:23:00-04:00,773.0750122070312,773.219970703125,773.0449829101562,773.1799926757812,54698,0.0,0.0,0.0
2026-08-07 15:24:00-04:00,773.1799926757812,773.2100219726562,772.8400268554688,772.9000244140625,90929,0.0,0.0,0.0
2026-08-07 15:25:00-04:00,772.9099731445312,772.969970703125,772.8599853515625,772.9299926757812,50343,0.0,0.0,0.0
2026-08-07 15:26:00-04:00,772.9500122070312,773.1199951171875,772.9400024414062,773.0900268554688,84908,0.0,0.0,0.0
2026-08-07 15:27:00-04:00,773.0800170898438,773.0900268554688,772.8800048828125,773.010009765625,212779,0.0,0.0,0.0
2026-08-07 15:28:00-04:00,773.0,773.0150146484375,772.9349975585938,772.97998046875,57499,0.0,0.0,0.0
2026-08-07 15:29:00-04:00,772.97998046875,773.1099853515625,772.860107421875,773.0750122070312,69870,0.0,0.0,0.0
2026-08-07 15:30:00-04:00,773.0800170898438,773.0900268554688,772.6599731445312,772.75,94819,0.0,0.0,0.0
2026-08-07 15:31:00-04:00,772.75,772.9598999023438,772.75,772.8900146484375,224254,0.0,0.0,0.0
2026-08-07 15:32:00-04:00,772.9000244140625,772.9400024414062,772.8001098632812,772.8400268554688,59657,0.0,0.0,0.0
2026-08-07 15:33:00-04:00,772.8499755859375,772.9400024414062,772.8150024414062,772.844970703125,99271,0.0,0.0,0.0
2026-08-07 15:34:00-04:00,772.8400268554688,772.8800048828125,772.719970703125,772.719970703125,66857,0.0,0.0,0.0
2026-08-07 15:35:00-04:00,772.739990234375,772.7899780273438,772.60498046875,772.655029296875,101833,0.0,0.0,0.0
2026-08-07 15:36:00-04:00,772.655029296875,772.8599853515625,772.6099853515625,772.8599853515625,88359,0.0,0.0,0.0
2026-08-07 15:37:00-04:00,772.8599853515625,772.8900146484375,772.7899780273438,772.8499755859375,50578,0.0,0.0,0.0
2026-08-07 15:38:00-04:00,772.8499755859375,773.0999755859375,772.8499755859375,772.9600219726562,115722,0.0,0.0,0.0
2026-08-07 15:39:00-04:00,772.9400024414062,773.010009765625,772.8432006835938,772.9099731445312,225008,0.0,0.0,0.0
2026-08-07 15:40:00-04:00,772.9199829101562,772.9598999023438,772.6199951171875,772.6900024414062,95476,0.0,0.0,0.0
2026-08-07 15:41:00-04:00,772.6900024414062,772.7000122070312,772.52001953125,772.635009765625,69209,0.0,0.0,0.0
2026-08-07 15:42:00-04:00,772.6300048828125,772.7999877929688,772.6300048828125,772.7999877929688,69207,0.0,0.0,0.0
2026-08-07 15:43:00-04:00,772.7999877929688,772.7999877929688,772.6199951171875,772.625,80345,0.0,0.0,0.0
2026-08-07 15:44:00-04:00,772.625,772.780029296875,772.5599975585938,772.5700073242188,255210,0.0,0.0,0.0
2026-08-07 15:45:00-04:00,772.5700073242188,772.8200073242188,772.5499877929688,772.75,134717,0.0,0.0,0.0
2026-08-07 15:46:00-04:00,772.760009765625,772.875,772.6900024414062,772.7999877929688,99602,0.0,0.0,0.0
2026-08-07 15:47:00-04:00,772.7949829101562,772.8400268554688,772.6199951171875,772.8300170898438,179444,0.0,0.0,0.0
2026-08-07 15:48:00-04:00,772.8300170898438,772.9450073242188,772.75,772.9000244140625,110744,0.0,0.0,0.0
2026-08-07 15:49:00-04:00,772.8900146484375,772.97998046875,772.8300170898438,772.8699951171875,134425,0.0,0.0,0.0
2026-08-07 15:50:00-04:00,772.8499755859375,773.030029296875,772.739990234375,772.9450073242188,196320,0.0,0.0,0.0
2026-08-07 15:51:00-04:00,772.9400024414062,772.97998046875,772.6900024414062,772.7100219726562,142871,0.0,0.0,0.0
2026-08-07 15:52:00-04:00,772.7100219726562,772.8049926757812,772.6500244140625,772.72998046875,149617,0.0,0.0,0.0
2026-08-07 15:53:00-04:00,772.719970703125,773.02001953125,772.7000122070312,772.9572143554688,94798,0.0,0.0,0.0
2026-08-07 15:54:00-04:00,772.97998046875,773.0549926757812,772.8400268554688,772.8499755859375,559589,0.0,0.0,0.0
2026-08-07 15:55:00-04:00,772.8599853515625,773.2899780273438,772.8200073242188,772.9450073242188,405426,0.0,0.0,0.0
2026-08-07 15:56:00-04:00,772.9400024414062,773.0,772.8200073242188,772.9450073242188,292929,0.0,0.0,0.0
2026-08-07 15:57:00-04:00,772.9400024414062,773.260009765625,772.8900146484375,773.1199951171875,397715,0.0,0.0,0.0
2026-08-07 15:58:00-04:00,773.1199951171875,773.5999755859375,773.1099853515625,773.5800170898438,466723,0.0,0.0,0.0
2026-08-07 15:59:00-04:00,773.5800170898438,773.8300170898438,773.010009765625,773.1199951171875,1416117,0.0,0.0,0.0
2026-08-10 09:30:00-04:00,772.5999755859375,773.3699951171875,772.5499877929688,773.3499755859375,1007711,0.0,0.0,0.0
2026-08-10 09:31:00-04:00,773.3200073242188,773.52001953125,773.1500244140625,773.4400024414062,108350,0.0,0.0,0.0
2026-08-10 09:32:00-04:00,773.43701171875,773.5800170898438,773.2999877929688,773.4099731445312,62219,0.0,0.0,0.0
2026-08-10 09:33:00-04:00,773.4099731445312,773.6300048828125,773.280029296875,773.280029296875,94187,0.0,0.0,0.0
2026-08-10 09:34:00-04:00,773.27001953125,773.27001953125,772.5700073242188,772.6400146484375,122205,0.0,0.0,0.0
2026-08-10 09:35:00-04:00,772.6300048828125,772.8699951171875,772.5,772.8300170898438,117010,0.0,0.0,0.0
2026-08-10 09:36:00-04:00,772.8250122070312,773.1199951171875,772.72998046875,772.7999877929688,246775,0.0,0.0,0.0
2026-08-10 09:37:00-04:00,772.780029296875,773.010009765625,772.6799926757812,772.7899780273438,67945,0.0,0.0,0.0
2026-08-10 09:38:00-04:00,772.7999877929688,772.8300170898438,772.5549926757812,772.739990234375,66045,0.0,0.0,0.0
2026-08-10 09:39:00-04:00,772.75,772.8200073242188,772.5,772.7999877929688,82442,0.0,0.0,0.0
2026-08-10 09:40:00-04:00,772.7899780273438,772.8800048828125,772.530029296875,772.6699829101562,98907,0.0,0.0,0.0
2026-08-10 09:41:00-04:00,772.6699829101562,772.989990234375,772.52001953125,772.97998046875,73108,0.0,0.0,0.0
2026-08-10 09:42:00-04:00,772.97998046875,773.1099853515625,772.8499755859375,772.9299926757812,64714,0.0,0.0,0.0
2026-08-10 09:43:00-04:00,772.9400024414062,773.0399780273438,772.719970703125,772.989990234375,141093,0.0,0.0,0.0
2026-08-10 09:44:00-04:00,773.0,773.010009765625,772.6599731445312,772.6599731445312,134762,0.0,0.0,0.0
2026-08-10 09:45:00-04:00,772.6500244140625,773.0900268554688,772.6199951171875,772.84228515625,117758,0.0,0.0,0.0
2026-08-10 09:46:00-04:00,772.8300170898438,772.969970703125,772.739990234375,772.9500122070312,127309,0.0,0.0,0.0
2026-08-10 09:47:00-04:00,772.9600219726562,773.030029296875,772.780029296875,773.030029296875,101864,0.0,0.0,0.0
2026-08-10 09:48:00-04:00,773.030029296875,773.0599975585938,772.8099975585938,773.0250244140625,86216,0.0,0.0,0.0
2026-08-10 09:49:00-04:00,773.02001953125,773.260009765625,773.0,773.1300048828125,137573,0.0,0.0,0.0
2026-08-10 09:50:00-04:00,773.1300048828125,773.4099731445312,772.7999877929688,772.9400024414062,283681,0.0,0.0,0.0
2026-08-10 09:51:00-04:00,772.9299926757812,773.010009765625,772.7100219726562,772.7650146484375,93051,0.0,0.0,0.0
2026-08-10 09:52:00-04:00,772.780029296875,772.9998779296875,772.5,772.9777221679688,90936,0.0,0.0,0.0
2026-08-10 09:53:00-04:00,772.969970703125,773.2000122070312,772.7999877929688,773.2000122070312,61177,0.0,0.0,0.0
2026-08-10 09:54:00-04:00,773.2000122070312,773.2150268554688,773.030029296875,773.1300048828125,75514,0.0,0.0,0.0
2026-08-10 09:55:00-04:00,773.125,773.3300170898438,773.0250244140625,773.0499877929688,98512,0.0,0.0,0.0
2026-08-10 09:56:00-04:00,773.0399780273438,773.1699829101562,773.010009765625,773.1599731445312,63025,0.0,0.0,0.0
2026-08-10 09:57:00-04:00,773.1849975585938,773.4299926757812,773.1500244140625,773.3499145507812,45008,0.0,0.0,0.0
2026-08-10 09:58:00-04:00,773.3399047851562,773.469970703125,773.260009765625,773.4099731445312,84568,0.0,0.0,0.0
2026-08-10 09:59:00-04:00,773.4000244140625,773.52001953125,773.260009765625,773.468994140625,74745,0.0,0.0,0.0
2026-08-10 10:00:00-04:00,773.4199829101562,773.7360229492188,773.3900146484375,773.489990234375,273767,0.0,0.0,0.0
2026-08-10 10:01:00-04:00,773.489990234375,773.72998046875,773.4000244140625,773.7249755859375,190209,0.0,0.0,0.0
2026-08-10 10:02:00-04:00,773.7249755859375,773.780029296875,773.6400146484375,773.7050170898438,208468,0.0,0.0,0.0
2026-08-10 10:03:00-04:00,773.7050170898438,773.7374877929688,773.5800170898438,773.5900268554688,181619,0.0,0.0,0.0
2026-08-10 10:04:00-04:00,773.5900268554688,773.8499755859375,773.5549926757812,773.719970703125,168760,0.0,0.0,0.0
2026-08-10 10:05:00-04:00,773.6799926757812,773.77001953125,773.5700073242188,773.6799926757812,87822,0.0,0.0,0.0
2026-08-10 10:06:00-04:00,773.6890258789062,773.864990234375,773.6890258789062,773.7628784179688,78092,0.0,0.0,0.0
2026-08-10 10:07:00-04:00,773.7899780273438,773.9199829101562,773.719970703125,773.8200073242188,54422,0.0,0.0,0.0
2026-08-10 10:08:00-04:00,773.8250122070312,773.9099731445312,773.780029296875,773.8250122070312,65697,0.0,0.0,0.0
2026-08-10 10:09:00-04:00,773.8099975585938,774.030029296875,773.77001953125,774.0250244140625,125518,0.0,0.0,0.0
2026-08-10 10:10:00-04:00,774.0250244140625,774.2100219726562,774.0,774.1500244140625,101378,0.0,0.0,0.0
2026-08-10 10:11:00-04:00,774.1589965820312,774.1900024414062,773.8900146484375,773.9400024414062,98720,0.0,0.0,0.0
2026-08-10 10:12:00-04:00,773.9401245117188,774.1300048828125,773.9299926757812,774.125,62669,0.0,0.0,0.0
2026-08-10 10:13:00-04:00,774.1199951171875,774.260009765625,774.1099853515625,774.2100219726562,211721,0.0,0.0,0.0
2026-08-10 10:14:00-04:00,774.2100219726562,774.22998046875,774.1099853515625,774.2150268554688,62447,0.0,0.0,0.0
2026-08-10 10:15:00-04:00,774.219970703125,774.3499755859375,774.1300048828125,774.2000122070312,72224,0.0,0.0,0.0
2026-08-10 10:16:00-04:00,774.2100219726562,774.27001953125,774.1199951171875,774.219970703125,65217,0.0,0.0,0.0
2026-08-10 10:17:00-04:00,774.219970703125,774.2271118164062,774.1099853515625,774.1199951171875,63499,0.0,0.0,0.0
2026-08-10 10:18:00-04:00,774.1400146484375,774.1500244140625,773.969970703125,774.0795288085938,89594,0.0,0.0,0.0
2026-08-10 10:19:00-04:00,774.0800170898438,774.3200073242188,774.0549926757812,774.2899780273438,62296,0.0,0.0,0.0
2026-08-10 10:20:00-04:00,774.2899780273438,774.375,774.27001953125,774.3049926757812,100387,0.0,0.0,0.0
2026-08-10 10:21:00-04:00,774.3049926757812,774.375,774.239990234375,774.3099975585938,75930,0.0,0.0,0.0
2026-08-10 10:22:00-04:00,774.3200073242188,774.3200073242188,774.0750122070312,774.114990234375,122450,0.0,0.0,0.0
2026-08-10 10:23:00-04:00,774.1099853515625,774.1900024414062,773.9500122070312,774.0250244140625,99842,0.0,0.0,0.0
2026-08-10 10:24:00-04:00,774.02001953125,774.0499877929688,773.8300170898438,773.969970703125,226363,0.0,0.0,0.0
2026-08-10 10:25:00-04:00,773.9650268554688,774.25,773.7650146484375,774.219970703125,79597,0.0,0.0,0.0
2026-08-10 10:26:00-04:00,774.2100219726562,774.2999877929688,774.0399780273438,774.1500244140625,77986,0.0,0.0,0.0
2026-08-10 10:27:00-04:00,774.1400146484375,774.2750244140625,774.0800170898438,774.1900024414062,70949,0.0,0.0,0.0
2026-08-10 10:28:00-04:00,774.1900024414062,774.280029296875,774.1300048828125,774.27001953125,85841,0.0,0.0,0.0
2026-08-10 10:29:00-04:00,774.27001953125,774.4600219726562,774.2000122070312,774.35498046875,93190,0.0,0.0,0.0
2026-08-10 10:30:00-04:00,774.35498046875,774.489990234375,774.27001953125,774.469970703125,126151,0.0,0.0,0.0
2026-08-10 10:31:00-04:00,774.469970703125,774.6900024414062,774.4600219726562,774.6099853515625,200421,0.0,0.0,0.0
2026-08-10 10:32:00-04:00,774.6199951171875,774.655029296875,774.5499877929688,774.6199951171875,114547,0.0,0.0,0.0
2026-08-10 10:33:00-04:00,774.6199951171875,774.6300048828125,774.4249877929688,774.47998046875,91983,0.0,0.0,0.0
2026-08-10 10:34:00-04:00,774.4600219726562,774.4600219726562,774.2999877929688,774.3599853515625,83240,0.0,0.0,0.0
2026-08-10 10:35:00-04:00,774.35498046875,774.6199951171875,774.3499755859375,774.5,106324,0.0,0.0,0.0
2026-08-10 10:36:00-04:00,774.510009765625,774.5499877929688,774.4249877929688,774.4450073242188,65122,0.0,0.0,0.0
2026-08-10 10:37:00-04:00,774.4400024414062,774.6199951171875,774.4199829101562,774.60498046875,76002,0.0,0.0,0.0
2026-08-10 10:38:00-04:00,774.6099853515625,774.6099853515625,774.3400268554688,774.344970703125,60920,0.0,0.0,0.0
2026-08-10 10:39:00-04:00,774.3400268554688,774.405029296875,774.1746826171875,774.3400268554688,75996,0.0,0.0,0.0
2026-08-10 10:40:00-04:00,774.3400268554688,774.5499877929688,774.3049926757812,774.4500122070312,87021,0.0,0.0,0.0
2026-08-10 10:41:00-04:00,774.4500122070312,774.5399780273438,774.3800048828125,774.4299926757812,66938,0.0,0.0,0.0
2026-08-10 10:42:00-04:00,774.4500122070312,774.6199951171875,774.344970703125,774.6099853515625,102882,0.0,0.0,0.0
2026-08-10 10:43:00-04:00,774.5900268554688,774.6099853515625,774.4600219726562,774.5999755859375,60109,0.0,0.0,0.0
2026-08-10 10:44:00-04:00,774.5850219726562,774.6400146484375,774.4550170898438,774.5999755859375,61818,0.0,0.0,0.0
2026-08-10 10:45:00-04:00,774.60498046875,774.9400024414062,774.5999755859375,774.9349975585938,90939,0.0,0.0,0.0
2026-08-10 10:46:00-04:00,774.9351196289062,774.9400024414062,774.77001953125,774.875,85149,0.0,0.0,0.0
2026-08-10 10:47:00-04:00,774.875,775.0499877929688,774.8699951171875,774.969970703125,562674,0.0,0.0,0.0
2026-08-10 10:48:00-04:00,774.9600219726562,775.030029296875,774.8900146484375,774.9251098632812,50316,0.0,0.0,0.0
2026-08-10 10:49:00-04:00,774.9199829101562,775.010009765625,774.8800048828125,774.9199829101562,41294,0.0,0.0,0.0
2026-08-10 10:50:00-04:00,774.9299926757812,774.9500122070312,774.8099975585938,774.8300170898438,77697,0.0,0.0,0.0
2026-08-10 10:51:00-04:00,774.8200073242188,774.8499755859375,774.5850219726562,774.602294921875,109481,0.0,0.0,0.0
2026-08-10 10:52:00-04:00,774.5999755859375,774.619873046875,774.2899780273438,774.3150024414062,111613,0.0,0.0,0.0
2026-08-10 10:53:00-04:00,774.3200073242188,774.3499755859375,773.8900146484375,773.9199829101562,212656,0.0,0.0,0.0
2026-08-10 10:54:00-04:00,773.9099731445312,774.0,773.7999877929688,773.8800048828125,107014,0.0,0.0,0.0
2026-08-10 10:55:00-04:00,773.8499755859375,773.989990234375,773.7630004882812,773.8800048828125,120485,0.0,0.0,0.0
2026-08-10 10:56:00-04:00,773.8800048828125,774.1099853515625,773.8699951171875,773.97998046875,66070,0.0,0.0,0.0
2026-08-10 10:57:00-04:00,773.97998046875,773.989990234375,773.7789916992188,773.8900146484375,82809,0.0,0.0,0.0
2026-08-10 10:58:00-04:00,773.8699951171875,773.9400024414062,773.7647094726562,773.8255004882812,97932,0.0,0.0,0.0
2026-08-10 10:59:00-04:00,773.8049926757812,773.8599853515625,773.5,773.5150146484375,106283,0.0,0.0,0.0
2026-08-10 11:00:00-04:00,773.510009765625,773.6300048828125,773.3099975585938,773.3300170898438,111039,0.0,0.0,0.0
2026-08-10 11:01:00-04:00,773.3300170898438,773.75,773.3099975585938,773.719970703125,110554,0.0,0.0,0.0
2026-08-10 11:02:00-04:00,773.6699829101562,773.8228759765625,773.5599975585938,773.6799926757812,102628,0.0,0.0,0.0
2026-08-10 11:03:00-04:00,773.6699829101562,773.9400024414062,773.6599731445312,773.8300170898438,64675,0.0,0.0,0.0
2026-08-10 11:04:00-04:00,773.8400268554688,773.9500122070312,773.6701049804688,773.7100219726562,46690,0.0,0.0,0.0
2026-08-10 11:05:00-04:00,773.7100219726562,773.9600219726562,773.7100219726562,773.9199829101562,80989,0.0,0.0,0.0
2026-08-10 11:06:00-04:00,773.9500122070312,774.0,773.760009765625,773.8800048828125,93563,0.0,0.0,0.0
2026-08-10 11:07:00-04:00,773.8800048828125,774.030029296875,773.8699951171875,773.9349975585938,49676,0.0,0.0,0.0
2026-08-10 11:08:00-04:00,773.9299926757812,774.0,773.75,773.75,41367,0.0,0.0,0.0
2026-08-10 11:09:00-04:00,773.739990234375,773.7650146484375,773.5800170898438,773.5800170898438,75857,0.0,0.0,0.0
2026-08-10 11:10:00-04:00,773.5499877929688,773.6599731445312,773.4500122070312,773.6300048828125,85200,0.0,0.0,0.0
2026-08-10 11:11:00-04:00,773.625,773.9199829101562,773.614990234375,773.6649780273438,58938,0.0,0.0,0.0
2026-08-10 11:12:00-04:00,773.6649780273438,773.760009765625,773.5,773.532470703125,57041,0.0,0.0,0.0
2026-08-10 11:13:00-04:00,773.530029296875,773.7899780273438,773.489990234375,773.780029296875,48426,0.0,0.0,0.0
2026-08-10 11:14:00-04:00,773.77001953125,773.8489990234375,773.7100219726562,773.8200073242188,52482,0.0,0.0,0.0
2026-08-10 11:15:00-04:00,773.8200073242188,774.1500244140625,773.760009765625,774.1300048828125,74790,0.0,0.0,0.0
2026-08-10 11:16:00-04:00,774.1300048828125,774.1900024414062,773.9400024414062,773.9500122070312,50643,0.0,0.0,0.0
2026-08-10 11:17:00-04:00,773.9600219726562,774.02001953125,773.760009765625,773.9099731445312,70155,0.0,0.0,0.0
2026-08-10 11:18:00-04:00,773.8900146484375,773.989990234375,773.8099975585938,773.85498046875,40452,0.0,0.0,0.0
2026-08-10 11:19:00-04:00,773.8400268554688,774.02001953125,773.8300170898438,773.9199829101562,47485,0.0,0.0,0.0
2026-08-10 11:20:00-04:00,773.9199829101562,774.0999755859375,773.9199829101562,774.010009765625,44305,0.0,0.0,0.0
2026-08-10 11:21:00-04:00,774.010009765625,774.0399780273438,773.8699951171875,773.97998046875,26623,0.0,0.0,0.0
2026-08-10 11:22:00-04:00,774.0,774.0,773.8400268554688,773.9000244140625,130560,0.0,0.0,0.0
2026-08-10 11:23:00-04:00,773.9099731445312,774.0549926757812,773.7999877929688,773.989990234375,29295,0.0,0.0,0.0
2026-08-10 11:24:00-04:00,773.9400024414062,773.9749755859375,773.8099975585938,773.9199829101562,36812,0.0,0.0,0.0
2026-08-10 11:25:00-04:00,773.9199829101562,773.989990234375,773.5150146484375,773.5499877929688,51479,0.0,0.0,0.0
2026-08-10 11:26:00-04:00,773.5800170898438,773.6199951171875,773.4199829101562,773.5349731445312,60663,0.0,0.0,0.0
2026-08-10 11:27:00-04:00,773.530029296875,773.780029296875,773.47998046875,773.719970703125,34846,0.0,0.0,0.0
2026-08-10 11:28:00-04:00,773.7100219726562,773.8300170898438,773.6199951171875,773.719970703125,33350,0.0,0.0,0.0
2026-08-10 11:29:00-04:00,773.7249755859375,773.8200073242188,773.7050170898438,773.739990234375,16917,0.0,0.0,0.0
2026-08-10 11:30:00-04:00,773.760009765625,773.8699951171875,773.6510009765625,773.77001953125,28928,0.0,0.0,0.0
2026-08-10 11:31:00-04:00,773.7662963867188,773.7899780273438,773.530029296875,773.6300048828125,63695,0.0,0.0,0.0
2026-08-10 11:32:00-04:00,773.6199951171875,773.6400146484375,773.4199829101562,773.5927734375,34978,0.0,0.0,0.0
2026-08-10 11:33:00-04:00,773.5700073242188,773.6300048828125,773.4766845703125,773.5399780273438,51516,0.0,0.0,0.0
2026-08-10 11:34:00-04:00,773.5399780273438,773.5800170898438,773.3599853515625,773.3900146484375,36885,0.0,0.0,0.0
2026-08-10 11:35:00-04:00,773.405029296875,773.5999755859375,773.22998046875,773.469970703125,82924,0.0,0.0,0.0
2026-08-10 11:36:00-04:00,773.469970703125,773.5399780273438,773.260009765625,773.2700805664062,79747,0.0,0.0,0.0
2026-08-10 11:37:00-04:00,773.27001953125,773.3499755859375,773.22998046875,773.3400268554688,132278,0.0,0.0,0.0
2026-08-10 11:38:00-04:00,773.3400268554688,773.3699951171875,773.239990234375,773.344970703125,28654,0.0,0.0,0.0
2026-08-10 11:39:00-04:00,773.3599853515625,773.4099731445312,773.2600708007812,773.280029296875,31312,0.0,0.0,0.0
2026-08-10 11:40:00-04:00,773.27001953125,773.5499877929688,773.1599731445312,773.4998779296875,52560,0.0,0.0,0.0
2026-08-10 11:41:00-04:00,773.5,773.5900268554688,773.4000244140625,773.5700073242188,34779,0.0,0.0,0.0
2026-08-10 11:42:00-04:00,773.5900268554688,773.6199951171875,773.4249877929688,773.4349975585938,22319,0.0,0.0,0.0
2026-08-10 11:43:00-04:00,773.4199829101562,773.639892578125,773.37060546875,773.635009765625,39542,0.0,0.0,0.0
2026-08-10 11:44:00-04:00,773.6400146484375,773.8049926757812,773.614990234375,773.7899780273438,40057,0.0,0.0,0.0
2026-08-10 11:45:00-04:00,773.8099975585938,773.8800048828125,773.739990234375,773.780029296875,46087,0.0,0.0,0.0
2026-08-10 11:46:00-04:00,773.77001953125,773.7750244140625,773.6300048828125,773.6300048828125,30772,0.0,0.0,0.0
2026-08-10 11:47:00-04:00,773.6300048828125,773.75,773.5599975585938,773.5900268554688,39097,0.0,0.0,0.0
2026-08-10 11:48:00-04:00,773.5900268554688,773.6599731445312,773.5100708007812,773.5650024414062,29593,0.0,0.0,0.0
2026-08-10 11:49:00-04:00,773.5798950195312,773.72998046875,773.530029296875,773.5499877929688,26868,0.0,0.0,0.0
2026-08-10 11:50:00-04:00,773.5650024414062,773.760009765625,773.4949951171875,773.719970703125,69593,0.0,0.0,0.0
2026-08-10 11:51:00-04:00,773.7100219726562,774.019287109375,773.7050170898438,774.0050048828125,50193,0.0,0.0,0.0
2026-08-10 11:52:00-04:00,774.0,774.1199951171875,774.0,774.1199951171875,45777,0.0,0.0,0.0
2026-08-10 11:53:00-04:00,774.1300048828125,774.1799926757812,774.094970703125,774.1649780273438,44219,0.0,0.0,0.0
2026-08-10 11:54:00-04:00,774.1799926757812,774.3400268554688,774.1199951171875,774.2100219726562,38975,0.0,0.0,0.0
2026-08-10 11:55:00-04:00,774.1900024414062,774.219970703125,774.0599975585938,774.1300048828125,43891,0.0,0.0,0.0
2026-08-10 11:56:00-04:00,774.1300048828125,774.1749877929688,774.030029296875,774.1599731445312,54583,0.0,0.0,0.0
2026-08-10 11:57:00-04:00,774.1699829101562,774.3099975585938,774.1500244140625,774.2800903320312,40088,0.0,0.0,0.0
2026-08-10 11:58:00-04:00,774.280029296875,774.3300170898438,774.260009765625,774.3300170898438,164462,0.0,0.0,0.0
2026-08-10 11:59:00-04:00,774.3300170898438,774.4099731445312,774.2899780273438,774.3099975585938,32245,0.0,0.0,0.0
2026-08-10 12:00:00-04:00,774.3400268554688,774.4349975585938,774.280029296875,774.3699951171875,37769,0.0,0.0,0.0
2026-08-10 12:01:00-04:00,774.3699951171875,774.3800048828125,774.219970703125,774.25,32535,0.0,0.0,0.0
2026-08-10 12:02:00-04:00,774.25,774.3200073242188,774.22998046875,774.2550048828125,64916,0.0,0.0,0.0
2026-08-10 12:03:00-04:00,774.260009765625,774.27001953125,774.1500244140625,774.1799926757812,60076,0.0,0.0,0.0
2026-08-10 12:04:00-04:00,774.1749877929688,774.2100219726562,774.0399780273438,774.1649780273438,46771,0.0,0.0,0.0
2026-08-10 12:05:00-04:00,774.1699829101562,774.2000122070312,774.0800170898438,774.080078125,23984,0.0,0.0,0.0
2026-08-10 12:06:00-04:00,774.0900268554688,774.0999755859375,773.9805297851562,774.0,59372,0.0,0.0,0.0
2026-08-10 12:07:00-04:00,774.0,774.1199951171875,774.0,774.0599975585938,58921,0.0,0.0,0.0
2026-08-10 12:08:00-04:00,774.0499877929688,774.135009765625,773.9000244140625,773.9099731445312,30135,0.0,0.0,0.0
2026-08-10 12:09:00-04:00,773.9199829101562,774.0499877929688,773.875,773.989990234375,47054,0.0,0.0,0.0
2026-08-10 12:10:00-04:00,774.0,774.0399780273438,773.9199829101562,773.989990234375,58164,0.0,0.0,0.0
2026-08-10 12:11:00-04:00,773.9949951171875,774.1400146484375,773.9400024414062,773.9600219726562,29842,0.0,0.0,0.0
2026-08-10 12:12:00-04:00,773.9600219726562,773.989990234375,773.8099975585938,773.8400268554688,37776,0.0,0.0,0.0
2026-08-10 12:13:00-04:00,773.85498046875,773.9199829101562,773.8300170898438,773.9199829101562,24019,0.0,0.0,0.0
2026-08-10 12:14:00-04:00,773.9299926757812,773.9376831054688,773.780029296875,773.780029296875,132864,0.0,0.0,0.0
2026-08-10 12:15:00-04:00,773.780029296875,773.7899780273438,773.4500122070312,773.52001953125,66918,0.0,0.0,0.0
2026-08-10 12:16:00-04:00,773.5350952148438,773.719970703125,773.510009765625,773.7000122070312,65530,0.0,0.0,0.0
2026-08-10 12:17:00-04:00,773.7000122070312,773.72998046875,773.635009765625,773.6599731445312,25914,0.0,0.0,0.0
2026-08-10 12:18:00-04:00,773.655029296875,773.7750244140625,773.6099853515625,773.6699829101562,43202,0.0,0.0,0.0
2026-08-10 12:19:00-04:00,773.6699829101562,773.760009765625,773.6400146484375,773.6900024414062,39135,0.0,0.0,0.0
2026-08-10 12:20:00-04:00,773.6699829101562,773.8599853515625,773.6649780273438,773.7349853515625,39227,0.0,0.0,0.0
2026-08-10 12:21:00-04:00,773.72998046875,773.75,773.489990234375,773.52001953125,35430,0.0,0.0,0.0
2026-08-10 12:22:00-04:00,773.530029296875,773.60498046875,773.47998046875,773.5900268554688,31108,0.0,0.0,0.0
2026-08-10 12:23:00-04:00,773.594970703125,773.7000122070312,773.5650024414062,773.6749877929688,38333,0.0,0.0,0.0
2026-08-10 12:24:00-04:00,773.6799926757812,773.77001953125,773.6099853515625,773.7650146484375,39510,0.0,0.0,0.0
2026-08-10 12:25:00-04:00,773.7550048828125,773.9199829101562,773.6599731445312,773.7949829101562,51820,0.0,0.0,0.0
2026-08-10 12:26:00-04:00,773.7999877929688,773.8200073242188,773.5614013671875,773.5614013671875,53055,0.0,0.0,0.0
2026-08-10 12:27:00-04:00,773.5700073242188,773.6400146484375,773.419921875,773.419921875,54460,0.0,0.0,0.0
2026-08-10 12:28:00-04:00,773.4099731445312,773.5700073242188,773.3499755859375,773.530029296875,15200,0.0,0.0,0.0
2026-08-10 12:29:00-04:00,773.530029296875,773.5800170898438,773.3499755859375,773.3699951171875,58968,0.0,0.0,0.0
2026-08-10 12:30:00-04:00,773.3699951171875,773.4500122070312,773.3099975585938,773.3300170898438,39236,0.0,0.0,0.0
2026-08-10 12:31:00-04:00,773.2999877929688,773.4879760742188,772.5,772.780029296875,124438,0.0,0.0,0.0
2026-08-10 12:32:00-04:00,772.7999877929688,773.1400146484375,771.6199951171875,772.9099731445312,575962,0.0,0.0,0.0
2026-08-10 12:33:00-04:00,772.8900146484375,772.8900146484375,772.6099853515625,772.7899780273438,134766,0.0,0.0,0.0
2026-08-10 12:34:00-04:00,772.780029296875,772.8250122070312,772.6199951171875,772.6799926757812,62240,0.0,0.0,0.0
2026-08-10 12:35:00-04:00,772.739990234375,772.9349975585938,772.6900024414062,772.8900146484375,75298,0.0,0.0,0.0
2026-08-10 12:36:00-04:00,772.8900146484375,773.0700073242188,772.8049926757812,772.8800048828125,121889,0.0,0.0,0.0
2026-08-10 12:37:00-04:00,772.8800048828125,772.9199829101562,772.7100219726562,772.739990234375,73520,0.0,0.0,0.0
2026-08-10 12:38:00-04:00,772.739990234375,772.75,772.5399780273438,772.6099853515625,71610,0.0,0.0,0.0
2026-08-10 12:39:00-04:00,772.6099853515625,772.7000122070312,772.52001953125,772.5700073242188,54351,0.0,0.0,0.0
2026-08-10 12:40:00-04:00,772.5700073242188,772.6400146484375,772.469970703125,772.5800170898438,53630,0.0,0.0,0.0
2026-08-10 12:41:00-04:00,772.5599975585938,772.5850219726562,772.2100219726562,772.3300170898438,50389,0.0,0.0,0.0
2026-08-10 12:42:00-04:00,772.3200073242188,772.5198974609375,772.280029296875,772.2999877929688,65769,0.0,0.0,0.0
2026-08-10 12:43:00-04:00,772.344970703125,772.3699951171875,772.0599975585938,772.0900268554688,74022,0.0,0.0,0.0
2026-08-10 12:44:00-04:00,772.0900268554688,772.1599731445312,771.9749755859375,772.159912109375,155678,0.0,0.0,0.0
2026-08-10 12:45:00-04:00,772.1599731445312,772.1699829101562,771.9299926757812,772.0999755859375,73857,0.0,0.0,0.0
2026-08-10 12:46:00-04:00,772.109375,772.405029296875,772.0349731445312,772.375,125001,0.0,0.0,0.0
2026-08-10 12:47:00-04:00,772.3599853515625,772.510009765625,772.2750244140625,772.4600219726562,65869,0.0,0.0,0.0
2026-08-10 12:48:00-04:00,772.4398803710938,772.489990234375,772.3499755859375,772.419921875,43142,0.0,0.0,0.0
2026-08-10 12:49:00-04:00,772.4199829101562,772.6300048828125,772.4099731445312,772.6099853515625,35756,0.0,0.0,0.0
2026-08-10 12:50:00-04:00,772.6300048828125,772.6400146484375,772.4299926757812,772.4550170898438,43712,0.0,0.0,0.0
2026-08-10 12:51:00-04:00,772.4400024414062,772.469970703125,772.3400268554688,772.3900146484375,36110,0.0,0.0,0.0
2026-08-10 12:52:00-04:00,772.4000244140625,772.4600219726562,772.3599853515625,772.4199829101562,19734,0.0,0.0,0.0
2026-08-10 12:53:00-04:00,772.4249877929688,772.4400024414062,772.260009765625,772.3200073242188,40984,0.0,0.0,0.0
2026-08-10 12:54:00-04:00,772.3300170898438,772.530029296875,772.3099975585938,772.530029296875,22737,0.0,0.0,0.0
2026-08-10 12:55:00-04:00,772.530029296875,772.77001953125,772.52001953125,772.6199951171875,51932,0.0,0.0,0.0
2026-08-10 12:56:00-04:00,772.6207275390625,772.7612915039062,772.5399780273438,772.739990234375,26103,0.0,0.0,0.0
2026-08-10 12:57:00-04:00,772.739990234375,772.8400268554688,772.72998046875,772.7705078125,31296,0.0,0.0,0.0
2026-08-10 12:58:00-04:00,772.77490234375,772.9099731445312,772.7100219726562,772.760009765625,71448,0.0,0.0,0.0
2026-08-10 12:59:00-04:00,772.760009765625,772.9600219726562,772.75,772.9500122070312,36595,0.0,0.0,0.0
2026-08-10 13:00:00-04:00,772.9400024414062,772.989990234375,772.8300170898438,772.969970703125,43006,0.0,0.0,0.0
2026-08-10 13:01:00-04:00,772.969970703125,773.0499877929688,772.739990234375,772.739990234375,59329,0.0,0.0,0.0
2026-08-10 13:02:00-04:00,772.72998046875,772.8300170898438,772.7100219726562,772.7474975585938,82103,0.0,0.0,0.0
2026-08-10 13:03:00-04:00,772.7449951171875,772.75,772.52001953125,772.5283203125,97529,0.0,0.0,0.0
2026-08-10 13:04:00-04:00,772.5399780273438,772.7091064453125,772.5,772.6799926757812,31517,0.0,0.0,0.0
2026-08-10 13:05:00-04:00,772.6799926757812,772.7100219726562,772.5900268554688,772.6099853515625,51161,0.0,0.0,0.0
2026-08-10 13:06:00-04:00,772.6300048828125,772.7899780273438,772.6099853515625,772.6400146484375,30181,0.0,0.0,0.0
2026-08-10 13:07:00-04:00,772.6400146484375,772.8300170898438,772.5800170898438,772.8200073242188,24617,0.0,0.0,0.0
2026-08-10 13:08:00-04:00,772.8099975585938,773.010009765625,772.7999877929688,772.9400024414062,29941,0.0,0.0,0.0
2026-08-10 13:09:00-04:00,772.9500122070312,773.0900268554688,772.9500122070312,773.0900268554688,58399,0.0,0.0,0.0
2026-08-10 13:10:00-04:00,773.0700073242188,773.25,773.02001953125,773.02001953125,108435,0.0,0.0,0.0
2026-08-10 13:11:00-04:00,773.02001953125,773.030029296875,772.9000244140625,772.97998046875,51070,0.0,0.0,0.0
2026-08-10 13:12:00-04:00,772.9600219726562,773.0,772.905029296875,772.9500122070312,13427,0.0,0.0,0.0
2026-08-10 13:13:00-04:00,772.9600219726562,773.1099853515625,772.9600219726562,773.0700073242188,18683,0.0,0.0,0.0
2026-08-10 13:14:00-04:00,773.0900268554688,773.1300048828125,773.0599975585938,773.1099853515625,30426,0.0,0.0,0.0
2026-08-10 13:15:00-04:00,773.114990234375,773.239990234375,773.1099853515625,773.1900024414062,68373,0.0,0.0,0.0
2026-08-10 13:16:00-04:00,773.1900024414062,773.280029296875,773.1400146484375,773.2000122070312,32249,0.0,0.0,0.0
2026-08-10 13:17:00-04:00,773.1900024414062,773.260009765625,773.1201171875,773.25,34666,0.0,0.0,0.0
2026-08-10 13:18:00-04:00,773.2550048828125,773.2550048828125,772.9852294921875,773.010009765625,38254,0.0,0.0,0.0
2026-08-10 13:19:00-04:00,773.02001953125,773.1400146484375,773.010009765625,773.1400146484375,25803,0.0,0.0,0.0
2026-08-10 13:20:00-04:00,773.147705078125,773.2100219726562,773.1400146484375,773.1500244140625,62565,0.0,0.0,0.0
2026-08-10 13:21:00-04:00,773.1500244140625,773.1599731445312,773.010009765625,773.02001953125,46320,0.0,0.0,0.0
2026-08-10 13:22:00-04:00,773.010009765625,773.1400146484375,772.989990234375,773.10498046875,19869,0.0,0.0,0.0
2026-08-10 13:23:00-04:00,773.1099853515625,773.2000122070312,773.0599975585938,773.0999755859375,41458,0.0,0.0,0.0
2026-08-10 13:24:00-04:00,773.1199951171875,773.155029296875,773.0700073242188,773.1500244140625,25796,0.0,0.0,0.0
2026-08-10 13:25:00-04:00,773.1400146484375,773.1799926757812,773.030029296875,773.030029296875,27131,0.0,0.0,0.0
2026-08-10 13:26:00-04:00,773.0399780273438,773.0499877929688,772.9600219726562,772.969970703125,26094,0.0,0.0,0.0
2026-08-10 13:27:00-04:00,773.010009765625,773.0999755859375,772.9299926757812,772.9299926757812,30651,0.0,0.0,0.0
2026-08-10 13:28:00-04:00,772.9299926757812,773.0449829101562,772.8599853515625,772.989990234375,47910,0.0,0.0,0.0
2026-08-10 13:29:00-04:00,773.010009765625,773.1699829101562,773.006591796875,773.1094970703125,24771,0.0,0.0,0.0
2026-08-10 13:30:00-04:00,773.1099853515625,773.22998046875,773.0900268554688,773.2100219726562,36697,0.0,0.0,0.0
2026-08-10 13:31:00-04:00,773.2100219726562,773.25,773.161376953125,773.1950073242188,44630,0.0,0.0,0.0
2026-08-10 13:32:00-04:00,773.1900024414062,773.260009765625,773.1699829101562,773.239990234375,31955,0.0,0.0,0.0
2026-08-10 13:33:00-04:00,773.219970703125,773.260009765625,773.1099853515625,773.1099853515625,31795,0.0,0.0,0.0
2026-08-10 13:34:00-04:00,773.0999755859375,773.1400146484375,773.0599975585938,773.1300048828125,31649,0.0,0.0,0.0
2026-08-10 13:35:00-04:00,773.1199951171875,773.1599731445312,773.030029296875,773.0499877929688,20490,0.0,0.0,0.0
2026-08-10 13:36:00-04:00,773.0399780273438,773.1099243164062,773.02001953125,773.02001953125,71912,0.0,0.0,0.0
2026-08-10 13:37:00-04:00,773.010009765625,773.0316162109375,772.7750244140625,772.7750244140625,20521,0.0,0.0,0.0
2026-08-10 13:38:00-04:00,772.77001953125,772.8699951171875,772.7000122070312,772.8499755859375,44446,0.0,0.0,0.0
2026-08-10 13:39:00-04:00,772.8499755859375,772.8900146484375,772.8150024414062,772.844970703125,19231,0.0,0.0,0.0
2026-08-10 13:40:00-04:00,772.8400268554688,772.9000244140625,772.7949829101562,772.8499755859375,46177,0.0,0.0,0.0
2026-08-10 13:41:00-04:00,772.844970703125,772.8900146484375,772.8049926757812,772.8800048828125,17383,0.0,0.0,0.0
2026-08-10 13:42:00-04:00,772.9000244140625,772.969970703125,772.8099975585938,772.8200073242188,32909,0.0,0.0,0.0
2026-08-10 13:43:00-04:00,772.8200073242188,772.8250122070312,772.719970703125,772.77001953125,28047,0.0,0.0,0.0
2026-08-10 13:44:00-04:00,772.780029296875,772.8400268554688,772.6099853515625,772.6500244140625,35377,0.0,0.0,0.0
2026-08-10 13:45:00-04:00,772.6599731445312,772.6898803710938,772.5499877929688,772.6300048828125,36234,0.0,0.0,0.0
2026-08-10 13:46:00-04:00,772.635009765625,772.7000122070312,772.5599975585938,772.69921875,29278,0.0,0.0,0.0
2026-08-10 13:47:00-04:00,772.7000122070312,772.760009765625,772.64501953125,772.6699829101562,35712,0.0,0.0,0.0
2026-08-10 13:48:00-04:00,772.6799926757812,772.75,772.6099853515625,772.739990234375,29430,0.0,0.0,0.0
2026-08-10 13:49:00-04:00,772.7354125976562,772.760009765625,772.6699829101562,772.6799926757812,23643,0.0,0.0,0.0
2026-08-10 13:50:00-04:00,772.6799926757812,772.75,772.5599975585938,772.5750122070312,26354,0.0,0.0,0.0
2026-08-10 13:51:00-04:00,772.5800170898438,772.5900268554688,772.489990234375,772.5349731445312,41953,0.0,0.0,0.0
2026-08-10 13:52:00-04:00,772.5499877929688,772.6799926757812,772.489990234375,772.6699829101562,31519,0.0,0.0,0.0
2026-08-10 13:53:00-04:00,772.6699829101562,772.7000122070312,772.5399780273438,772.5700073242188,83618,0.0,0.0,0.0
2026-08-10 13:54:00-04:00,772.5800170898438,772.6599731445312,772.530029296875,772.6199951171875,26396,0.0,0.0,0.0
2026-08-10 13:55:00-04:00,772.6099853515625,772.7899780273438,772.5499877929688,772.6099853515625,44873,0.0,0.0,0.0
2026-08-10 13:56:00-04:00,772.6099853515625,772.614990234375,772.510009765625,772.5900268554688,65621,0.0,0.0,0.0
2026-08-10 13:57:00-04:00,772.5900268554688,772.7150268554688,772.5549926757812,772.7150268554688,57659,0.0,0.0,0.0
2026-08-10 13:58:00-04:00,772.719970703125,772.8200073242188,772.719970703125,772.8049926757812,42554,0.0,0.0,0.0
2026-08-10 13:59:00-04:00,772.7999877929688,772.8099975585938,772.7000122070312,772.739013671875,30252,0.0,0.0,0.0
2026-08-10 14:00:00-04:00,772.72998046875,772.8599853515625,772.719970703125,772.8300170898438,34073,0.0,0.0,0.0
2026-08-10 14:01:00-04:00,772.8400268554688,772.8800048828125,772.6699829101562,772.6749877929688,83031,0.0,0.0,0.0
2026-08-10 14:02:00-04:00,772.6699829101562,772.7899780273438,772.6699829101562,772.719970703125,48431,0.0,0.0,0.0
2026-08-10 14:03:00-04:00,772.7000122070312,772.7899780273438,772.6599731445312,772.75,34311,0.0,0.0,0.0
2026-08-10 14:04:00-04:00,772.75,772.760009765625,772.6799926757812,772.739990234375,32872,0.0,0.0,0.0
2026-08-10 14:05:00-04:00,772.739990234375,772.7999877929688,772.6500244140625,772.780029296875,85507,0.0,0.0,0.0
2026-08-10 14:06:00-04:00,772.760009765625,772.8400268554688,772.7000122070312,772.8200073242188,23542,0.0,0.0,0.0
2026-08-10 14:07:00-04:00,772.7999877929688,772.8599853515625,772.7899780273438,772.8200073242188,41865,0.0,0.0,0.0
2026-08-10 14:08:00-04:00,772.8200073242188,773.02001953125,772.8099975585938,772.969970703125,56252,0.0,0.0,0.0
2026-08-10 14:09:00-04:00,772.9400024414062,772.9600219726562,772.8800048828125,772.9400024414062,58663,0.0,0.0,0.0
2026-08-10 14:10:00-04:00,772.9349975585938,773.0599975585938,772.9149780273438,773.02001953125,39768,0.0,0.0,0.0
2026-08-10 14:11:00-04:00,773.030029296875,773.0599975585938,772.9299926757812,772.969970703125,107252,0.0,0.0,0.0
2026-08-10 14:12:00-04:00,772.97998046875,772.97998046875,772.8200073242188,772.8400268554688,26957,0.0,0.0,0.0
2026-08-10 14:13:00-04:00,772.8300170898438,772.8300170898438,772.6920166015625,772.760009765625,44847,0.0,0.0,0.0
2026-08-10 14:14:00-04:00,772.77001953125,772.77001953125,772.6400146484375,772.6799926757812,30221,0.0,0.0,0.0
2026-08-10 14:15:00-04:00,772.6699829101562,772.7263793945312,772.6099853515625,772.6599731445312,63103,0.0,0.0,0.0
2026-08-10 14:16:00-04:00,772.6699829101562,772.719970703125,772.5999755859375,772.719970703125,380350,0.0,0.0,0.0
2026-08-10 14:17:00-04:00,772.7000122070312,772.75,772.6610107421875,772.7100219726562,31571,0.0,0.0,0.0
2026-08-10 14:18:00-04:00,772.7050170898438,772.72998046875,772.5800170898438,772.5800170898438,38655,0.0,0.0,0.0
2026-08-10 14:19:00-04:00,772.5900268554688,772.6199951171875,772.530029296875,772.5599975585938,53815,0.0,0.0,0.0
2026-08-10 14:20:00-04:00,772.5800170898438,772.6099853515625,772.5,772.5449829101562,44967,0.0,0.0,0.0
2026-08-10 14:21:00-04:00,772.5499877929688,772.6400146484375,772.5399780273438,772.6400146484375,68520,0.0,0.0,0.0
2026-08-10 14:22:00-04:00,772.6500244140625,772.75,772.5900268554688,772.6500244140625,32714,0.0,0.0,0.0
2026-08-10 14:23:00-04:00,772.6500244140625,772.6500244140625,772.5700073242188,772.6199951171875,27975,0.0,0.0,0.0
2026-08-10 14:24:00-04:00,772.614990234375,772.6400146484375,772.5499877929688,772.5499877929688,49801,0.0,0.0,0.0
2026-08-10 14:25:00-04:00,772.5499877929688,772.6599731445312,772.5399780273438,772.6599731445312,52483,0.0,0.0,0.0
2026-08-10 14:26:00-04:00,772.6699829101562,772.7100219726562,772.5599975585938,772.5800170898438,81792,0.0,0.0,0.0
2026-08-10 14:27:00-04:00,772.5800170898438,772.6099243164062,772.510009765625,772.5850219726562,37375,0.0,0.0,0.0
2026-08-10 14:28:00-04:00,772.5599975585938,772.6099853515625,772.5449829101562,772.594970703125,66439,0.0,0.0,0.0
2026-08-10 14:29:00-04:00,772.6099853515625,772.6199951171875,772.510009765625,772.530029296875,42666,0.0,0.0,0.0
2026-08-10 14:30:00-04:00,772.52001953125,772.530029296875,772.3599853515625,772.4500122070312,240779,0.0,0.0,0.0
2026-08-10 14:31:00-04:00,772.4498901367188,772.5999755859375,772.4299926757812,772.5800170898438,75028,0.0,0.0,0.0
2026-08-10 14:32:00-04:00,772.5800170898438,772.6699829101562,772.52001953125,772.6300048828125,69779,0.0,0.0,0.0
2026-08-10 14:33:00-04:00,772.6400146484375,772.6699829101562,772.510009765625,772.5900268554688,76194,0.0,0.0,0.0
2026-08-10 14:34:00-04:00,772.5800170898438,772.5999755859375,772.530029296875,772.5449829101562,58653,0.0,0.0,0.0
2026-08-10 14:35:00-04:00,772.5399780273438,772.7100219726562,772.530029296875,772.6099243164062,104812,0.0,0.0,0.0
2026-08-10 14:36:00-04:00,772.5999755859375,772.6199951171875,772.4600219726562,772.489990234375,44953,0.0,0.0,0.0
2026-08-10 14:37:00-04:00,772.489990234375,772.489990234375,772.3200073242188,772.3599853515625,46473,0.0,0.0,0.0
2026-08-10 14:38:00-04:00,772.3599853515625,772.4400024414062,772.3499755859375,772.4299926757812,29991,0.0,0.0,0.0
2026-08-10 14:39:00-04:00,772.4199829101562,772.5900268554688,772.3800048828125,772.5599975585938,88679,0.0,0.0,0.0
2026-08-10 14:40:00-04:00,772.5599975585938,772.6900024414062,772.5499877929688,772.6799926757812,36916,0.0,0.0,0.0
2026-08-10 14:41:00-04:00,772.6599731445312,772.7899780273438,772.6599731445312,772.7899780273438,517966,0.0,0.0,0.0
2026-08-10 14:42:00-04:00,772.7899780273438,772.9299926757812,772.719970703125,772.9299926757812,85273,0.0,0.0,0.0
2026-08-10 14:43:00-04:00,772.9299926757812,772.9299926757812,772.77001953125,772.780029296875,43840,0.0,0.0,0.0
2026-08-10 14:44:00-04:00,772.780029296875,772.9000244140625,772.7625122070312,772.885009765625,39247,0.0,0.0,0.0
2026-08-10 14:45:00-04:00,772.8800048828125,772.9299926757812,772.760009765625,772.9099731445312,90284,0.0,0.0,0.0
2026-08-10 14:46:00-04:00,772.8900146484375,772.9199829101562,772.8300170898438,772.8699951171875,22860,0.0,0.0,0.0
2026-08-10 14:47:00-04:00,772.864990234375,772.9299926757812,772.8599853515625,772.9000244140625,41147,0.0,0.0,0.0
2026-08-10 14:48:00-04:00,772.8900146484375,772.9299926757812,772.8400268554688,772.8800048828125,145240,0.0,0.0,0.0
2026-08-10 14:49:00-04:00,772.89501953125,772.9000244140625,772.739990234375,772.8499755859375,58021,0.0,0.0,0.0
2026-08-10 14:50:00-04:00,772.8400268554688,772.9600219726562,772.8400268554688,772.9500122070312,38781,0.0,0.0,0.0
2026-08-10 14:51:00-04:00,772.9600219726562,773.0800170898438,772.9000244140625,772.9299926757812,81064,0.0,0.0,0.0
2026-08-10 14:52:00-04:00,772.9349975585938,773.0399780273438,772.9349975585938,773.010009765625,33374,0.0,0.0,0.0
2026-08-10 14:53:00-04:00,773.010009765625,773.0999755859375,772.989990234375,773.0800170898438,33927,0.0,0.0,0.0
2026-08-10 14:54:00-04:00,773.0650024414062,773.1500244140625,773.0650024414062,773.1099853515625,27751,0.0,0.0,0.0
2026-08-10 14:55:00-04:00,773.114990234375,773.1199951171875,773.010009765625,773.010009765625,39351,0.0,0.0,0.0
2026-08-10 14:56:00-04:00,773.010009765625,773.1599731445312,773.0,773.1500244140625,36400,0.0,0.0,0.0
2026-08-10 14:57:00-04:00,773.1500244140625,773.280029296875,773.1300048828125,773.2750244140625,148984,0.0,0.0,0.0
2026-08-10 14:58:00-04:00,773.280029296875,773.3300170898438,773.1599731445312,773.1799926757812,64811,0.0,0.0,0.0
2026-08-10 14:59:00-04:00,773.1900024414062,773.260009765625,773.1699829101562,773.1900024414062,41133,0.0,0.0,0.0
2026-08-10 15:00:00-04:00,773.2000122070312,773.219970703125,773.0499877929688,773.0650024414062,65568,0.0,0.0,0.0
2026-08-10 15:01:00-04:00,773.0800170898438,773.2100219726562,773.0700073242188,773.1300048828125,131794,0.0,0.0,0.0
2026-08-10 15:02:00-04:00,773.1300048828125,773.239990234375,773.1199951171875,773.1799926757812,44279,0.0,0.0,0.0
2026-08-10 15:03:00-04:00,773.1699829101562,773.3099975585938,773.1300048828125,773.2849731445312,44500,0.0,0.0,0.0
2026-08-10 15:04:00-04:00,773.2849731445312,773.3200073242188,773.1500244140625,773.1900024414062,94843,0.0,0.0,0.0
2026-08-10 15:05:00-04:00,773.1849975585938,773.27001953125,773.1099853515625,773.1900024414062,36175,0.0,0.0,0.0
2026-08-10 15:06:00-04:00,773.2000122070312,773.3200073242188,773.1599731445312,773.25,33906,0.0,0.0,0.0
2026-08-10 15:07:00-04:00,773.22998046875,773.3200073242188,773.22998046875,773.2949829101562,60000,0.0,0.0,0.0
2026-08-10 15:08:00-04:00,773.2999877929688,773.3900146484375,773.280029296875,773.3800048828125,58025,0.0,0.0,0.0
2026-08-10 15:09:00-04:00,773.375,773.4000244140625,773.3099975585938,773.3900146484375,41358,0.0,0.0,0.0
2026-08-10 15:10:00-04:00,773.3900146484375,773.3900146484375,773.27001953125,773.3200073242188,89416,0.0,0.0,0.0
2026-08-10 15:11:00-04:00,773.3200073242188,773.3800048828125,773.260009765625,773.2789916992188,82868,0.0,0.0,0.0
2026-08-10 15:12:00-04:00,773.260009765625,773.3400268554688,773.219970703125,773.2999877929688,44435,0.0,0.0,0.0
2026-08-10 15:13:00-04:00,773.3099975585938,773.3900146484375,773.2899780273438,773.3400268554688,41576,0.0,0.0,0.0
2026-08-10 15:14:00-04:00,773.3400268554688,773.3499755859375,773.25,773.2999877929688,57699,0.0,0.0,0.0
2026-08-10 15:15:00-04:00,773.2999877929688,773.3300170898438,773.260009765625,773.2999267578125,31182,0.0,0.0,0.0
2026-08-10 15:16:00-04:00,773.27001953125,773.2999877929688,773.2100219726562,773.219970703125,42269,0.0,0.0,0.0
2026-08-10 15:17:00-04:00,773.219970703125,773.3699951171875,773.2100219726562,773.3499755859375,94402,0.0,0.0,0.0
2026-08-10 15:18:00-04:00,773.3499755859375,773.4400024414062,773.3209838867188,773.3800048828125,62536,0.0,0.0,0.0
2026-08-10 15:19:00-04:00,773.375,773.3800048828125,773.2700805664062,773.2999877929688,35243,0.0,0.0,0.0
2026-08-10 15:20:00-04:00,773.3099975585938,773.3800048828125,773.219970703125,773.25,34393,0.0,0.0,0.0
2026-08-10 15:21:00-04:00,773.25,773.2999877929688,773.1817016601562,773.27001953125,126639,0.0,0.0,0.0
2026-08-10 15:22:00-04:00,773.27001953125,773.3099975585938,773.219970703125,773.2249755859375,47937,0.0,0.0,0.0
2026-08-10 15:23:00-04:00,773.219970703125,773.3400268554688,773.2000122070312,773.3250122070312,80382,0.0,0.0,0.0
2026-08-10 15:24:00-04:00,773.3164672851562,773.4000244140625,773.22998046875,773.3701171875,48806,0.0,0.0,0.0
2026-08-10 15:25:00-04:00,773.3900146484375,773.3900146484375,773.1599731445312,773.1599731445312,77328,0.0,0.0,0.0
2026-08-10 15:26:00-04:00,773.1649780273438,773.2550048828125,773.1199951171875,773.1500244140625,35157,0.0,0.0,0.0
2026-08-10 15:27:00-04:00,773.1500244140625,773.1500244140625,773.010009765625,773.010009765625,62115,0.0,0.0,0.0
2026-08-10 15:28:00-04:00,773.030029296875,773.0999755859375,772.989990234375,772.9920043945312,48041,0.0,0.0,0.0
2026-08-10 15:29:00-04:00,772.9982299804688,773.02001953125,772.8800048828125,772.9299926757812,63006,0.0,0.0,0.0
2026-08-10 15:30:00-04:00,772.9450073242188,773.0007934570312,772.8499755859375,772.8800048828125,103072,0.0,0.0,0.0
2026-08-10 15:31:00-04:00,772.8800048828125,772.969970703125,772.8699951171875,772.9000244140625,66555,0.0,0.0,0.0
2026-08-10 15:32:00-04:00,772.9000244140625,772.9550170898438,772.72998046875,772.7899780273438,58465,0.0,0.0,0.0
2026-08-10 15:33:00-04:00,772.780029296875,772.8599853515625,772.760009765625,772.8200073242188,58783,0.0,0.0,0.0
2026-08-10 15:34:00-04:00,772.8200073242188,772.9600219726562,772.8099975585938,772.8900146484375,51072,0.0,0.0,0.0
2026-08-10 15:35:00-04:00,772.8800048828125,772.969970703125,772.780029296875,772.8099975585938,75341,0.0,0.0,0.0
2026-08-10 15:36:00-04:00,772.8300170898438,772.97998046875,772.8200073242188,772.9500122070312,40129,0.0,0.0,0.0
2026-08-10 15:37:00-04:00,772.9450073242188,773.010009765625,772.9450073242188,772.989990234375,45209,0.0,0.0,0.0
2026-08-10 15:38:00-04:00,772.9879760742188,773.1099853515625,772.97998046875,773.094970703125,87884,0.0,0.0,0.0
2026-08-10 15:39:00-04:00,773.0999755859375,773.2899780273438,773.0800170898438,773.1701049804688,132947,0.0,0.0,0.0
2026-08-10 15:40:00-04:00,773.1900024414062,773.2000122070312,773.0900268554688,773.0900268554688,74603,0.0,0.0,0.0
2026-08-10 15:41:00-04:00,773.094970703125,773.1400146484375,772.969970703125,773.010009765625,60456,0.0,0.0,0.0
2026-08-10 15:42:00-04:00,773.0,773.1799926757812,772.9400024414062,773.1500244140625,60783,0.0,0.0,0.0
2026-08-10 15:43:00-04:00,773.1300048828125,773.1900024414062,773.0800170898438,773.1300048828125,69246,0.0,0.0,0.0
2026-08-10 15:44:00-04:00,773.1300048828125,773.1500244140625,773.0700073242188,773.0850219726562,54568,0.0,0.0,0.0
2026-08-10 15:45:00-04:00,773.0800170898438,773.1900024414062,772.89501953125,772.9299926757812,145008,0.0,0.0,0.0
2026-08-10 15:46:00-04:00,772.9400024414062,773.010009765625,772.9099731445312,772.9349975585938,68144,0.0,0.0,0.0
2026-08-10 15:47:00-04:00,772.9349975585938,773.1099853515625,772.9349975585938,773.0549926757812,535833,0.0,0.0,0.0
2026-08-10 15:48:00-04:00,773.0549926757812,773.0900268554688,772.9600219726562,772.989990234375,69513,0.0,0.0,0.0
2026-08-10 15:49:00-04:00,772.989990234375,773.219970703125,772.97998046875,773.1699829101562,132690,0.0,0.0,0.0
2026-08-10 15:50:00-04:00,773.1599731445312,773.1599731445312,772.5499877929688,772.5599975585938,238997,0.0,0.0,0.0
2026-08-10 15:51:00-04:00,772.5700073242188,772.6599731445312,772.4099731445312,772.469970703125,408893,0.0,0.0,0.0
2026-08-10 15:52:00-04:00,772.489990234375,772.5900268554688,772.4000244140625,772.4299926757812,189591,0.0,0.0,0.0
2026-08-10 15:53:00-04:00,772.4299926757812,772.5399780273438,772.35498046875,772.4849853515625,173141,0.0,0.0,0.0
2026-08-10 15:54:00-04:00,772.489990234375,772.6900024414062,772.3800048828125,772.3800048828125,199637,0.0,0.0,0.0
2026-08-10 15:55:00-04:00,772.4000244140625,772.8200073242188,772.4000244140625,772.5900268554688,178266,0.0,0.0,0.0
2026-08-10 15:56:00-04:00,772.5800170898438,772.580078125,772.4199829101562,772.4550170898438,177357,0.0,0.0,0.0
2026-08-10 15:57:00-04:00,772.4500122070312,772.489990234375,772.3300170898438,772.3599853515625,229213,0.0,0.0,0.0
2026-08-10 15:58:00-04:00,772.35498046875,772.719970703125,772.3150024414062,772.7050170898438,511669,0.0,0.0,0.0
2026-08-10 15:59:00-04:00,772.7050170898438,773.1599731445312,772.5700073242188,773.0700073242188,1267932,0.0,0.0,0.0
2026-08-11 09:30:00-04:00,774.530029296875,774.5399780273438,773.8300170898438,773.9400024414062,944317,0.0,0.0,0.0
2026-08-11 09:31:00-04:00,773.9500122070312,774.0,773.510009765625,773.5700073242188,140722,0.0,0.0,0.0
2026-08-11 09:32:00-04:00,773.5599975585938,773.6599731445312,773.3200073242188,773.4998779296875,121906,0.0,0.0,0.0
2026-08-11 09:33:00-04:00,773.4849853515625,773.6199951171875,773.22998046875,773.3099975585938,132947,0.0,0.0,0.0
2026-08-11 09:34:00-04:00,773.3078002929688,773.52001953125,773.3078002929688,773.469970703125,88756,0.0,0.0,0.0
2026-08-11 09:35:00-04:00,773.4600219726562,773.469970703125,773.010009765625,773.0399780273438,106597,0.0,0.0,0.0
2026-08-11 09:36:00-04:00,773.0499877929688,773.3687744140625,772.9600219726562,773.22998046875,81711,0.0,0.0,0.0
2026-08-11 09:37:00-04:00,773.239990234375,773.5399780273438,773.2100219726562,773.2999877929688,98770,0.0,0.0,0.0
2026-08-11 09:38:00-04:00,773.3087768554688,773.3200073242188,772.8806762695312,773.030029296875,64766,0.0,0.0,0.0
2026-08-11 09:39:00-04:00,773.030029296875,773.1099853515625,772.864990234375,773.1099853515625,73149,0.0,0.0,0.0
2026-08-11 09:40:00-04:00,773.1198120117188,773.4400024414062,773.0999755859375,773.4299926757812,72452,0.0,0.0,0.0
2026-08-11 09:41:00-04:00,773.4299926757812,773.6500244140625,773.2999877929688,773.5999755859375,71874,0.0,0.0,0.0
2026-08-11 09:42:00-04:00,773.590087890625,773.7100219726562,773.3399047851562,773.5650024414062,80308,0.0,0.0,0.0
2026-08-11 09:43:00-04:00,773.5700073242188,773.6082763671875,773.3424072265625,773.3800048828125,35250,0.0,0.0,0.0
2026-08-11 09:44:00-04:00,773.3900146484375,773.587890625,773.2100219726562,773.2999877929688,64833,0.0,0.0,0.0
2026-08-11 09:45:00-04:00,773.2999877929688,773.4849853515625,772.9650268554688,773.0,83806,0.0,0.0,0.0
2026-08-11 09:46:00-04:00,772.9885864257812,773.0650024414062,772.6199951171875,772.9000244140625,188290,0.0,0.0,0.0
2026-08-11 09:47:00-04:00,772.9000244140625,772.9749755859375,772.6199951171875,772.7698974609375,101538,0.0,0.0,0.0
2026-08-11 09:48:00-04:00,772.77001953125,772.8499755859375,772.5800170898438,772.7901000976562,54890,0.0,0.0,0.0
2026-08-11 09:49:00-04:00,772.7999267578125,773.0,772.6599731445312,772.8400268554688,103613,0.0,0.0,0.0
2026-08-11 09:50:00-04:00,772.8350219726562,773.0499877929688,772.5900268554688,772.605712890625,81861,0.0,0.0,0.0
2026-08-11 09:51:00-04:00,772.60498046875,772.77001953125,772.5900268554688,772.75,54715,0.0,0.0,0.0
2026-08-11 09:52:00-04:00,772.7675170898438,773.0700073242188,772.6873779296875,773.0599975585938,50523,0.0,0.0,0.0
2026-08-11 09:53:00-04:00,773.0549926757812,773.1400146484375,772.8499755859375,773.0650024414062,75777,0.0,0.0,0.0
2026-08-11 09:54:00-04:00,773.0300903320312,773.0800170898438,772.8400268554688,772.9199829101562,35794,0.0,0.0,0.0
2026-08-11 09:55:00-04:00,772.8800048828125,773.10498046875,772.7999877929688,773.0499877929688,48069,0.0,0.0,0.0
2026-08-11 09:56:00-04:00,773.0499877929688,773.3200073242188,773.0250244140625,773.3200073242188,90452,0.0,0.0,0.0
2026-08-11 09:57:00-04:00,773.3300170898438,773.4600219726562,773.22998046875,773.4099731445312,138535,0.0,0.0,0.0
2026-08-11 09:58:00-04:00,773.4099731445312,773.4498901367188,773.1799926757812,773.3099975585938,47086,0.0,0.0,0.0
2026-08-11 09:59:00-04:00,773.2899780273438,773.6400146484375,773.27001953125,773.614990234375,56802,0.0,0.0,0.0
2026-08-11 10:00:00-04:00,773.614990234375,774.030029296875,773.489990234375,774.0289916992188,186835,0.0,0.0,0.0
2026-08-11 10:01:00-04:00,774.010009765625,774.0800170898438,773.8499755859375,773.97998046875,57767,0.0,0.0,0.0
2026-08-11 10:02:00-04:00,774.010009765625,774.02001953125,773.8200073242188,773.8900146484375,91256,0.0,0.0,0.0
2026-08-11 10:03:00-04:00,773.9000244140625,773.9600219726562,773.719970703125,773.9000244140625,72184,0.0,0.0,0.0
2026-08-11 10:04:00-04:00,773.89501953125,773.9500122070312,773.8099975585938,773.8699951171875,45410,0.0,0.0,0.0
2026-08-11 10:05:00-04:00,773.85498046875,773.969970703125,773.6995849609375,773.9450073242188,52671,0.0,0.0,0.0
2026-08-11 10:06:00-04:00,773.9299926757812,773.969970703125,773.8300170898438,773.8499755859375,59420,0.0,0.0,0.0
2026-08-11 10:07:00-04:00,773.8350219726562,773.8499755859375,773.5599975585938,773.7449951171875,104442,0.0,0.0,0.0
2026-08-11 10:08:00-04:00,773.739990234375,773.780029296875,773.5499877929688,773.7000122070312,56376,0.0,0.0,0.0
2026-08-11 10:09:00-04:00,773.75,773.8599853515625,773.6199951171875,773.7899780273438,56422,0.0,0.0,0.0
2026-08-11 10:10:00-04:00,773.8018188476562,773.9761962890625,773.7849731445312,773.8300170898438,51869,0.0,0.0,0.0
2026-08-11 10:11:00-04:00,773.8214721679688,773.8499755859375,773.6699829101562,773.719970703125,72592,0.0,0.0,0.0
2026-08-11 10:12:00-04:00,773.6950073242188,773.760009765625,773.635009765625,773.7000122070312,49002,0.0,0.0,0.0
2026-08-11 10:13:00-04:00,773.7000122070312,773.7750244140625,773.5900268554688,773.6900024414062,42541,0.0,0.0,0.0
2026-08-11 10:14:00-04:00,773.6699829101562,773.819091796875,773.5999755859375,773.780029296875,35063,0.0,0.0,0.0
2026-08-11 10:15:00-04:00,773.7999877929688,773.9199829101562,773.6199951171875,773.875,38414,0.0,0.0,0.0
2026-08-11 10:16:00-04:00,773.8699951171875,773.9500122070312,773.7546997070312,773.7999877929688,29270,0.0,0.0,0.0
2026-08-11 10:17:00-04:00,773.8099975585938,773.8200073242188,773.45068359375,773.469970703125,35586,0.0,0.0,0.0
2026-08-11 10:18:00-04:00,773.47998046875,773.6199951171875,773.3800048828125,773.5499267578125,33170,0.0,0.0,0.0
2026-08-11 10:19:00-04:00,773.52001953125,773.7332763671875,773.52001953125,773.6300048828125,23766,0.0,0.0,0.0
2026-08-11 10:20:00-04:00,773.6400146484375,773.8699951171875,773.6201171875,773.7949829101562,29273,0.0,0.0,0.0
2026-08-11 10:21:00-04:00,773.780029296875,773.7979125976562,773.5900268554688,773.6799926757812,48399,0.0,0.0,0.0
2026-08-11 10:22:00-04:00,773.6950073242188,773.75,773.47998046875,773.489990234375,100175,0.0,0.0,0.0
2026-08-11 10:23:00-04:00,773.489990234375,773.6699829101562,773.489990234375,773.55908203125,65278,0.0,0.0,0.0
2026-08-11 10:24:00-04:00,773.5399780273438,773.6099853515625,773.3800048828125,773.405029296875,48813,0.0,0.0,0.0
2026-08-11 10:25:00-04:00,773.3900146484375,773.5499877929688,773.3300170898438,773.5499877929688,80769,0.0,0.0,0.0
2026-08-11 10:26:00-04:00,773.5700073242188,773.6099853515625,773.4299926757812,773.52001953125,34185,0.0,0.0,0.0
2026-08-11 10:27:00-04:00,773.530029296875,773.6699829101562,773.4000244140625,773.5,84262,0.0,0.0,0.0
2026-08-11 10:28:00-04:00,773.489990234375,773.8099975585938,773.4600219726562,773.8049926757812,106100,0.0,0.0,0.0
2026-08-11 10:29:00-04:00,773.8099975585938,773.9498901367188,773.7000122070312,773.8699951171875,101269,0.0,0.0,0.0
2026-08-11 10:30:00-04:00,773.8800048828125,773.9299926757812,773.5234985351562,773.5234985351562,40527,0.0,0.0,0.0
2026-08-11 10:31:00-04:00,773.52001953125,773.6699829101562,773.4600219726562,773.5599975585938,101557,0.0,0.0,0.0
2026-08-11 10:32:00-04:00,773.5499877929688,773.6300048828125,773.510009765625,773.5700073242188,32047,0.0,0.0,0.0
2026-08-11 10:33:00-04:00,773.5599975585938,773.7000122070312,773.5599975585938,773.6199951171875,32402,0.0,0.0,0.0
2026-08-11 10:34:00-04:00,773.5999755859375,773.6699829101562,773.5050048828125,773.6699829101562,36500,0.0,0.0,0.0
2026-08-11 10:35:00-04:00,773.6699829101562,773.7750244140625,773.5900268554688,773.7000122070312,29190,0.0,0.0,0.0
2026-08-11 10:36:00-04:00,773.7100219726562,773.72998046875,773.6300048828125,773.7100219726562,33116,0.0,0.0,0.0
2026-08-11 10:37:00-04:00,773.7100219726562,773.739990234375,773.3599853515625,773.4099731445312,76135,0.0,0.0,0.0
2026-08-11 10:38:00-04:00,773.4000244140625,773.4199829101562,773.2100219726562,773.3499755859375,124377,0.0,0.0,0.0
2026-08-11 10:39:00-04:00,773.344970703125,773.4500122070312,773.3200073242188,773.344970703125,120266,0.0,0.0,0.0
2026-08-11 10:40:00-04:00,773.3699951171875,773.530029296875,773.3200073242188,773.52001953125,36961,0.0,0.0,0.0
2026-08-11 10:41:00-04:00,773.5050048828125,773.5900268554688,773.4400024414062,773.5800170898438,29273,0.0,0.0,0.0
2026-08-11 10:42:00-04:00,773.5999755859375,773.6199951171875,773.2899780273438,773.5250244140625,38389,0.0,0.0,0.0
2026-08-11 10:43:00-04:00,773.5800170898438,773.60498046875,773.3599853515625,773.4099731445312,49564,0.0,0.0,0.0
2026-08-11 10:44:00-04:00,773.4199829101562,773.4299926757812,773.280029296875,773.369873046875,47701,0.0,0.0,0.0
2026-08-11 10:45:00-04:00,773.3599853515625,773.5800170898438,773.3499755859375,773.5800170898438,37220,0.0,0.0,0.0
2026-08-11 10:46:00-04:00,773.5900268554688,773.8099975585938,773.5900268554688,773.739990234375,31181,0.0,0.0,0.0
2026-08-11 10:47:00-04:00,773.72998046875,773.7777709960938,773.6300048828125,773.77001953125,51915,0.0,0.0,0.0
2026-08-11 10:48:00-04:00,773.760009765625,773.9299926757812,773.75,773.9000244140625,34476,0.0,0.0,0.0
2026-08-11 10:49:00-04:00,773.9000244140625,773.9099731445312,773.77001953125,773.9000244140625,387546,0.0,0.0,0.0
2026-08-11 10:50:00-04:00,773.8800048828125,773.8900146484375,773.5,773.52587890625,51475,0.0,0.0,0.0
2026-08-11 10:51:00-04:00,773.5499877929688,773.9000244140625,773.4600219726562,773.8699951171875,59407,0.0,0.0,0.0
2026-08-11 10:52:00-04:00,773.864990234375,774.0349731445312,773.7999877929688,773.97998046875,51500,0.0,0.0,0.0
2026-08-11 10:53:00-04:00,773.97998046875,773.989990234375,773.6649780273438,773.6649780273438,51887,0.0,0.0,0.0
2026-08-11 10:54:00-04:00,773.6799926757812,773.9550170898438,773.6798706054688,773.8900146484375,46130,0.0,0.0,0.0
2026-08-11 10:55:00-04:00,773.8900146484375,774.030029296875,773.77001953125,773.7899169921875,40791,0.0,0.0,0.0
2026-08-11 10:56:00-04:00,773.7899780273438,773.8900146484375,773.7000732421875,773.7000732421875,52379,0.0,0.0,0.0
2026-08-11 10:57:00-04:00,773.72998046875,773.77001953125,773.6799926757812,773.72998046875,67827,0.0,0.0,0.0
2026-08-11 10:58:00-04:00,773.7431030273438,773.8300170898438,773.6900024414062,773.7100219726562,52554,0.0,0.0,0.0
2026-08-11 10:59:00-04:00,773.719970703125,773.7349853515625,773.5449829101562,773.6199951171875,57582,0.0,0.0,0.0
2026-08-11 11:00:00-04:00,773.6300048828125,773.8074951171875,773.6300048828125,773.760009765625,42082,0.0,0.0,0.0
2026-08-11 11:01:00-04:00,773.75,773.8099975585938,773.7000122070312,773.7899780273438,33806,0.0,0.0,0.0
2026-08-11 11:02:00-04:00,773.780029296875,773.7899780273438,773.5100708007812,773.5302734375,33599,0.0,0.0,0.0
2026-08-11 11:03:00-04:00,773.5399780273438,773.5900268554688,773.4600219726562,773.4876708984375,52237,0.0,0.0,0.0
2026-08-11 11:04:00-04:00,773.5,773.5499877929688,773.375,773.5,46107,0.0,0.0,0.0
2026-08-11 11:05:00-04:00,773.5050048828125,773.5098876953125,773.239990234375,773.2750244140625,47428,0.0,0.0,0.0
2026-08-11 11:06:00-04:00,773.2750244140625,773.280029296875,773.0344848632812,773.0999755859375,72735,0.0,0.0,0.0
2026-08-11 11:07:00-04:00,773.10498046875,773.1599731445312,773.030029296875,773.0499267578125,56346,0.0,0.0,0.0
2026-08-11 11:08:00-04:00,773.030029296875,773.0700073242188,772.77001953125,772.8800048828125,225785,0.0,0.0,0.0
2026-08-11 11:09:00-04:00,772.875,772.9249877929688,772.719970703125,772.8049926757812,57784,0.0,0.0,0.0
2026-08-11 11:10:00-04:00,772.7899780273438,772.8699951171875,772.75,772.7999877929688,66206,0.0,0.0,0.0
2026-08-11 11:11:00-04:00,772.7999877929688,772.8200073242188,772.5499877929688,772.75,65814,0.0,0.0,0.0
2026-08-11 11:12:00-04:00,772.739990234375,772.9450073242188,772.6950073242188,772.8300170898438,94812,0.0,0.0,0.0
2026-08-11 11:13:00-04:00,772.8150024414062,772.9000244140625,772.6099853515625,772.6099853515625,74610,0.0,0.0,0.0
2026-08-11 11:14:00-04:00,772.6099853515625,772.7686767578125,772.5999755859375,772.6599731445312,60232,0.0,0.0,0.0
2026-08-11 11:15:00-04:00,772.6599731445312,772.6699829101562,772.5150146484375,772.6400146484375,51875,0.0,0.0,0.0
2026-08-11 11:16:00-04:00,772.6300048828125,772.6799926757812,772.530029296875,772.530029296875,92407,0.0,0.0,0.0
2026-08-11 11:17:00-04:00,772.5399780273438,772.6799926757812,772.47998046875,772.4901123046875,78604,0.0,0.0,0.0
2026-08-11 11:18:00-04:00,772.489990234375,772.489990234375,772.2050170898438,772.2199096679688,105444,0.0,0.0,0.0
2026-08-11 11:19:00-04:00,772.2100219726562,772.5,772.2000122070312,772.4500122070312,73258,0.0,0.0,0.0
2026-08-11 11:20:00-04:00,772.4500122070312,772.5700073242188,772.4000244140625,772.5399780273438,54034,0.0,0.0,0.0
2026-08-11 11:21:00-04:00,772.5449829101562,772.7849731445312,772.5399780273438,772.780029296875,85130,0.0,0.0,0.0
2026-08-11 11:22:00-04:00,772.77001953125,772.8400268554688,772.7000732421875,772.7449951171875,62504,0.0,0.0,0.0
2026-08-11 11:23:00-04:00,772.75,772.75,772.6199951171875,772.6400146484375,52414,0.0,0.0,0.0
2026-08-11 11:24:00-04:00,772.6300048828125,772.6527709960938,772.47998046875,772.510009765625,42650,0.0,0.0,0.0
2026-08-11 11:25:00-04:00,772.52001953125,772.6199951171875,772.4099731445312,772.6199951171875,40903,0.0,0.0,0.0
2026-08-11 11:26:00-04:00,772.5999755859375,772.7000122070312,772.5700073242188,772.6199951171875,55542,0.0,0.0,0.0
2026-08-11 11:27:00-04:00,772.6099853515625,772.6300048828125,772.4600219726562,772.4600219726562,55111,0.0,0.0,0.0
2026-08-11 11:28:00-04:00,772.469970703125,772.5399780273438,772.4000244140625,772.422607421875,22301,0.0,0.0,0.0
2026-08-11 11:29:00-04:00,772.4500122070312,772.530029296875,772.4000244140625,772.4010009765625,26648,0.0,0.0,0.0
2026-08-11 11:30:00-04:00,772.4099731445312,772.510009765625,772.4000244140625,772.510009765625,46322,0.0,0.0,0.0
2026-08-11 11:31:00-04:00,772.510009765625,772.5599975585938,772.3499755859375,772.3599853515625,34951,0.0,0.0,0.0
2026-08-11 11:32:00-04:00,772.3800048828125,772.489990234375,772.260009765625,772.4600219726562,115164,0.0,0.0,0.0
2026-08-11 11:33:00-04:00,772.489990234375,772.5399780273438,772.3400268554688,772.3699951171875,30181,0.0,0.0,0.0
2026-08-11 11:34:00-04:00,772.3699951171875,772.3900146484375,771.8049926757812,771.9450073242188,109984,0.0,0.0,0.0
2026-08-11 11:35:00-04:00,771.9500122070312,772.1099853515625,771.864990234375,772.010009765625,118489,0.0,0.0,0.0
2026-08-11 11:36:00-04:00,772.0,772.0999755859375,771.9299926757812,772.0499877929688,87509,0.0,0.0,0.0
2026-08-11 11:37:00-04:00,772.0399780273438,772.10498046875,771.8699951171875,771.9849853515625,77942,0.0,0.0,0.0
2026-08-11 11:38:00-04:00,771.97998046875,772.0599975585938,771.8900146484375,771.9852294921875,35271,0.0,0.0,0.0
2026-08-11 11:39:00-04:00,771.989990234375,772.1300048828125,771.75,771.8599853515625,76619,0.0,0.0,0.0
2026-08-11 11:40:00-04:00,771.85498046875,772.030029296875,771.780029296875,771.989990234375,37812,0.0,0.0,0.0
2026-08-11 11:41:00-04:00,771.989990234375,772.0700073242188,771.8699951171875,771.97998046875,40055,0.0,0.0,0.0
2026-08-11 11:42:00-04:00,772.0,772.1300048828125,771.8804931640625,772.114013671875,58769,0.0,0.0,0.0
2026-08-11 11:43:00-04:00,772.1199951171875,772.2100219726562,772.0900268554688,772.1799926757812,74742,0.0,0.0,0.0
2026-08-11 11:44:00-04:00,772.1799926757812,772.1950073242188,772.02001953125,772.1799926757812,84510,0.0,0.0,0.0
2026-08-11 11:45:00-04:00,772.1699829101562,772.1763916015625,772.030029296875,772.0900268554688,43490,0.0,0.0,0.0
2026-08-11 11:46:00-04:00,772.0800170898438,772.1300048828125,771.97998046875,771.97998046875,54303,0.0,0.0,0.0
2026-08-11 11:47:00-04:00,771.9749755859375,772.030029296875,771.9099731445312,771.9099731445312,34118,0.0,0.0,0.0
2026-08-11 11:48:00-04:00,771.9199829101562,772.030029296875,771.8905029296875,772.0,36396,0.0,0.0,0.0
2026-08-11 11:49:00-04:00,772.0,772.1298828125,771.9249877929688,771.9949951171875,45700,0.0,0.0,0.0
2026-08-11 11:50:00-04:00,772.0,772.2479858398438,771.989990234375,772.2249755859375,50689,0.0,0.0,0.0
2026-08-11 11:51:00-04:00,772.2200927734375,772.22998046875,771.9199829101562,771.9299926757812,41015,0.0,0.0,0.0
2026-08-11 11:52:00-04:00,771.9299926757812,771.9600219726562,771.8300170898438,771.8441772460938,61593,0.0,0.0,0.0
2026-08-11 11:53:00-04:00,771.8400268554688,771.9099731445312,771.7708740234375,771.7899780273438,46178,0.0,0.0,0.0
2026-08-11 11:54:00-04:00,771.7899780273438,771.8800048828125,771.77001953125,771.8399047851562,47169,0.0,0.0,0.0
2026-08-11 11:55:00-04:00,771.8400268554688,771.969970703125,771.7899780273438,771.7899780273438,71256,0.0,0.0,0.0
2026-08-11 11:56:00-04:00,771.7999877929688,771.9299926757812,771.7899780273438,771.9099731445312,79447,0.0,0.0,0.0
2026-08-11 11:57:00-04:00,771.9000244140625,771.9600219726562,771.8499755859375,771.8599853515625,81924,0.0,0.0,0.0
2026-08-11 11:58:00-04:00,771.8499755859375,772.02001953125,771.8300170898438,772.0050048828125,44340,0.0,0.0,0.0
2026-08-11 11:59:00-04:00,772.02001953125,772.1400146484375,772.0,772.0,38315,0.0,0.0,0.0
2026-08-11 12:00:00-04:00,772.030029296875,772.3099975585938,772.030029296875,772.2899780273438,85825,0.0,0.0,0.0
2026-08-11 12:01:00-04:00,772.280029296875,772.2949829101562,772.0499877929688,772.0999755859375,46080,0.0,0.0,0.0
2026-08-11 12:02:00-04:00,772.0999755859375,772.1900024414062,772.0800170898438,772.1599731445312,22148,0.0,0.0,0.0
2026-08-11 12:03:00-04:00,772.1699829101562,772.1799926757812,772.02099609375,772.0303955078125,28861,0.0,0.0,0.0
2026-08-11 12:04:00-04:00,772.0399169921875,772.1300048828125,772.010009765625,772.0399780273438,29794,0.0,0.0,0.0
2026-08-11 12:05:00-04:00,772.030029296875,772.3480224609375,771.969970703125,772.3480224609375,394462,0.0,0.0,0.0
2026-08-11 12:06:00-04:00,772.3499755859375,772.3900146484375,772.3099975585938,772.3150024414062,63160,0.0,0.0,0.0
2026-08-11 12:07:00-04:00,772.3200073242188,772.3800048828125,772.239990234375,772.260009765625,74765,0.0,0.0,0.0
2026-08-11 12:08:00-04:00,772.239990234375,772.3099975585938,772.1749877929688,772.27001953125,31838,0.0,0.0,0.0
2026-08-11 12:09:00-04:00,772.280029296875,772.3099975585938,772.219970703125,772.3099975585938,28599,0.0,0.0,0.0
2026-08-11 12:10:00-04:00,772.318115234375,772.3300170898438,772.1900024414062,772.27001953125,95259,0.0,0.0,0.0
2026-08-11 12:11:00-04:00,772.2899780273438,772.2999877929688,772.010009765625,772.1099853515625,62636,0.0,0.0,0.0
2026-08-11 12:12:00-04:00,772.0900268554688,772.1699829101562,772.0399780273438,772.0999755859375,20926,0.0,0.0,0.0
2026-08-11 12:13:00-04:00,772.0999755859375,772.1300048828125,772.0599975585938,772.0999755859375,23762,0.0,0.0,0.0
2026-08-11 12:14:00-04:00,772.0999755859375,772.2100219726562,771.9299926757812,771.9550170898438,103622,0.0,0.0,0.0
2026-08-11 12:15:00-04:00,771.969970703125,772.1500244140625,771.9661865234375,772.1373901367188,21054,0.0,0.0,0.0
2026-08-11 12:16:00-04:00,772.1400146484375,772.3599853515625,772.0999755859375,772.3400268554688,39153,0.0,0.0,0.0
2026-08-11 12:17:00-04:00,772.3300170898438,772.4500122070312,772.3099975585938,772.3499755859375,865368,0.0,0.0,0.0
2026-08-11 12:18:00-04:00,772.3499755859375,772.3499755859375,772.1799926757812,772.22998046875,30740,0.0,0.0,0.0
2026-08-11 12:19:00-04:00,772.2150268554688,772.2349853515625,772.030029296875,772.0800170898438,29979,0.0,0.0,0.0
2026-08-11 12:20:00-04:00,772.0800170898438,772.1599731445312,772.010009765625,772.0499877929688,25117,0.0,0.0,0.0
2026-08-11 12:21:00-04:00,772.0401000976562,772.12939453125,772.02001953125,772.12939453125,25649,0.0,0.0,0.0
2026-08-11 12:22:00-04:00,772.1199951171875,772.2000122070312,772.0700073242188,772.1599731445312,41018,0.0,0.0,0.0
2026-08-11 12:23:00-04:00,772.1699829101562,772.1799926757812,772.0150146484375,772.02001953125,88933,0.0,0.0,0.0
2026-08-11 12:24:00-04:00,772.0050048828125,772.0499877929688,771.6300048828125,771.7050170898438,116085,0.0,0.0,0.0
2026-08-11 12:25:00-04:00,771.7000122070312,771.7000122070312,771.3800048828125,771.6300048828125,135757,0.0,0.0,0.0
2026-08-11 12:26:00-04:00,771.6199951171875,771.75,771.5,771.655029296875,95639,0.0,0.0,0.0
2026-08-11 12:27:00-04:00,771.655029296875,771.8900146484375,771.6400146484375,771.875,176378,0.0,0.0,0.0
2026-08-11 12:28:00-04:00,771.8599853515625,771.8599853515625,771.5900268554688,771.6699829101562,114649,0.0,0.0,0.0
2026-08-11 12:29:00-04:00,771.6900024414062,771.8400268554688,771.6500244140625,771.8189697265625,159437,0.0,0.0,0.0
2026-08-11 12:30:00-04:00,771.8175048828125,771.9199829101562,771.760009765625,771.830078125,43983,0.0,0.0,0.0
2026-08-11 12:31:00-04:00,771.8300170898438,771.8300170898438,771.5399780273438,771.5399780273438,79626,0.0,0.0,0.0
2026-08-11 12:32:00-04:00,771.5599975585938,771.6400146484375,771.4600219726562,771.5050048828125,88444,0.0,0.0,0.0
2026-08-11 12:33:00-04:00,771.52001953125,771.6199951171875,771.5150146484375,771.5599975585938,51912,0.0,0.0,0.0
2026-08-11 12:34:00-04:00,771.5700073242188,771.6300048828125,771.5399780273438,771.5599975585938,31607,0.0,0.0,0.0
2026-08-11 12:35:00-04:00,771.5549926757812,771.77001953125,771.52001953125,771.7399291992188,45691,0.0,0.0,0.0
2026-08-11 12:36:00-04:00,771.7387084960938,771.8900146484375,771.7379760742188,771.8099975585938,67942,0.0,0.0,0.0
2026-08-11 12:37:00-04:00,771.8200073242188,772.010009765625,771.8099975585938,771.9099731445312,50067,0.0,0.0,0.0
2026-08-11 12:38:00-04:00,771.9099731445312,771.9199829101562,771.7650146484375,771.8699951171875,32510,0.0,0.0,0.0
2026-08-11 12:39:00-04:00,771.8599853515625,771.8900146484375,771.8300170898438,771.8699951171875,20117,0.0,0.0,0.0
2026-08-11 12:40:00-04:00,771.8599853515625,771.8599853515625,771.6400146484375,771.739990234375,156995,0.0,0.0,0.0
2026-08-11 12:41:00-04:00,771.72998046875,771.8200073242188,771.7100219726562,771.72998046875,21965,0.0,0.0,0.0
2026-08-11 12:42:00-04:00,771.7100219726562,771.75,771.6799926757812,771.7100219726562,17808,0.0,0.0,0.0
2026-08-11 12:43:00-04:00,771.7100219726562,771.7349853515625,771.5800170898438,771.5800170898438,26607,0.0,0.0,0.0
2026-08-11 12:44:00-04:00,771.5800170898438,771.6599731445312,771.5499877929688,771.5800170898438,66857,0.0,0.0,0.0
2026-08-11 12:45:00-04:00,771.5800170898438,771.5999755859375,771.4500122070312,771.469970703125,33875,0.0,0.0,0.0
2026-08-11 12:46:00-04:00,771.47998046875,771.52001953125,771.2999877929688,771.3599853515625,51010,0.0,0.0,0.0
2026-08-11 12:47:00-04:00,771.3499755859375,771.4099731445312,771.3099975585938,771.3599853515625,31793,0.0,0.0,0.0
2026-08-11 12:48:00-04:00,771.35498046875,771.3900146484375,771.280029296875,771.3699951171875,34666,0.0,0.0,0.0
2026-08-11 12:49:00-04:00,771.3599853515625,771.5,771.3300170898438,771.4299926757812,448205,0.0,0.0,0.0
2026-08-11 12:50:00-04:00,771.4400024414062,771.5599975585938,771.3499755859375,771.3800048828125,35004,0.0,0.0,0.0
2026-08-11 12:51:00-04:00,771.3699951171875,771.469970703125,771.3400268554688,771.4450073242188,45943,0.0,0.0,0.0
2026-08-11 12:52:00-04:00,771.4450073242188,771.47998046875,771.3699951171875,771.3900146484375,32817,0.0,0.0,0.0
2026-08-11 12:53:00-04:00,771.3800048828125,771.4099731445312,771.3001098632812,771.3300170898438,37241,0.0,0.0,0.0
2026-08-11 12:54:00-04:00,771.3300170898438,771.4299926757812,771.3099975585938,771.3800048828125,27646,0.0,0.0,0.0
2026-08-11 12:55:00-04:00,771.3800048828125,771.4099731445312,771.280029296875,771.2899780273438,38736,0.0,0.0,0.0
2026-08-11 12:56:00-04:00,771.2899780273438,771.2899780273438,771.1199951171875,771.1950073242188,209324,0.0,0.0,0.0
2026-08-11 12:57:00-04:00,771.1950073242188,771.2100219726562,771.1099853515625,771.1400146484375,91388,0.0,0.0,0.0
2026-08-11 12:58:00-04:00,771.1400146484375,771.2100219726562,771.0399780273438,771.0750122070312,72130,0.0,0.0,0.0
2026-08-11 12:59:00-04:00,771.0700073242188,771.219970703125,771.0700073242188,771.1400146484375,53008,0.0,0.0,0.0
2026-08-11 13:00:00-04:00,771.1500244140625,771.260009765625,770.9550170898438,771.02001953125,47667,0.0,0.0,0.0
2026-08-11 13:01:00-04:00,771.0399169921875,771.0999755859375,770.97998046875,771.0700073242188,57400,0.0,0.0,0.0
2026-08-11 13:02:00-04:00,771.0599975585938,771.0599975585938,770.7999877929688,770.8599853515625,63822,0.0,0.0,0.0
2026-08-11 13:03:00-04:00,770.864990234375,770.97998046875,770.8400268554688,770.97998046875,46537,0.0,0.0,0.0
2026-08-11 13:04:00-04:00,770.989990234375,771.0499877929688,770.780029296875,770.7849731445312,53540,0.0,0.0,0.0
2026-08-11 13:05:00-04:00,770.780029296875,770.9299926757812,770.760009765625,770.8400268554688,37850,0.0,0.0,0.0
2026-08-11 13:06:00-04:00,770.8300170898438,771.0900268554688,770.8275146484375,771.030029296875,36129,0.0,0.0,0.0
2026-08-11 13:07:00-04:00,771.02001953125,771.0999755859375,770.9500122070312,770.97998046875,38935,0.0,0.0,0.0
2026-08-11 13:08:00-04:00,770.97998046875,771.0499877929688,770.8900146484375,770.9099731445312,35698,0.0,0.0,0.0
2026-08-11 13:09:00-04:00,770.9099731445312,770.9500122070312,770.8499755859375,770.8800048828125,50215,0.0,0.0,0.0
2026-08-11 13:10:00-04:00,770.8800048828125,770.8800048828125,770.719970703125,770.780029296875,47465,0.0,0.0,0.0
2026-08-11 13:11:00-04:00,770.7899780273438,770.7999877929688,770.5050048828125,770.5499877929688,71311,0.0,0.0,0.0
2026-08-11 13:12:00-04:00,770.5449829101562,770.5499877929688,770.4199829101562,770.469970703125,43783,0.0,0.0,0.0
2026-08-11 13:13:00-04:00,770.4600219726562,770.489990234375,770.3200073242188,770.469970703125,36537,0.0,0.0,0.0
2026-08-11 13:14:00-04:00,770.469970703125,770.5499877929688,770.2999877929688,770.3265991210938,45912,0.0,0.0,0.0
2026-08-11 13:15:00-04:00,770.3099975585938,770.47998046875,770.260009765625,770.4450073242188,72805,0.0,0.0,0.0
2026-08-11 13:16:00-04:00,770.4349975585938,770.489990234375,770.3300170898438,770.3699951171875,47167,0.0,0.0,0.0
2026-08-11 13:17:00-04:00,770.39501953125,770.655029296875,770.3900146484375,770.64501953125,58061,0.0,0.0,0.0
2026-08-11 13:18:00-04:00,770.6300048828125,770.76171875,770.625,770.6799926757812,46271,0.0,0.0,0.0
2026-08-11 13:19:00-04:00,770.6699829101562,770.8399047851562,770.6400146484375,770.7550048828125,61088,0.0,0.0,0.0
2026-08-11 13:20:00-04:00,770.760009765625,770.8298950195312,770.6699829101562,770.739990234375,55130,0.0,0.0,0.0
2026-08-11 13:21:00-04:00,770.75,771.0,770.5999755859375,770.9400024414062,55461,0.0,0.0,0.0
2026-08-11 13:22:00-04:00,770.9400024414062,770.9600219726562,770.6900024414062,770.72998046875,23157,0.0,0.0,0.0
2026-08-11 13:23:00-04:00,770.7326049804688,770.8300170898438,770.6500244140625,770.75,31357,0.0,0.0,0.0
2026-08-11 13:24:00-04:00,770.75,770.9000244140625,770.7150268554688,770.9000244140625,26530,0.0,0.0,0.0
2026-08-11 13:25:00-04:00,770.8900146484375,771.010009765625,770.719970703125,770.75,34642,0.0,0.0,0.0
2026-08-11 13:26:00-04:00,770.760009765625,770.8099975585938,770.7000122070312,770.7999877929688,29201,0.0,0.0,0.0
2026-08-11 13:27:00-04:00,770.77001953125,770.780029296875,770.6599731445312,770.7249755859375,23613,0.0,0.0,0.0
2026-08-11 13:28:00-04:00,770.738525390625,770.9500122070312,770.6901245117188,770.8800048828125,28480,0.0,0.0,0.0
2026-08-11 13:29:00-04:00,770.8699951171875,770.9700927734375,770.8400268554688,770.8499755859375,42379,0.0,0.0,0.0
2026-08-11 13:30:00-04:00,770.8499755859375,770.9000244140625,770.739990234375,770.8099975585938,31513,0.0,0.0,0.0
2026-08-11 13:31:00-04:00,770.7999877929688,770.8400268554688,770.72998046875,770.77001953125,34667,0.0,0.0,0.0
2026-08-11 13:32:00-04:00,770.77001953125,770.7999877929688,770.72998046875,770.72998046875,22306,0.0,0.0,0.0
2026-08-11 13:33:00-04:00,770.75,770.8900146484375,770.75,770.7949829101562,20687,0.0,0.0,0.0
2026-08-11 13:34:00-04:00,770.8099975585938,770.9500122070312,770.75,770.9400024414062,47532,0.0,0.0,0.0
2026-08-11 13:35:00-04:00,770.9450073242188,771.1300048828125,770.9450073242188,771.0399780273438,49683,0.0,0.0,0.0
2026-08-11 13:36:00-04:00,771.0399780273438,771.0700073242188,770.969970703125,771.010009765625,43204,0.0,0.0,0.0
2026-08-11 13:37:00-04:00,771.0,771.010009765625,770.905029296875,770.9398803710938,67445,0.0,0.0,0.0
2026-08-11 13:38:00-04:00,770.9199829101562,770.9500122070312,770.77001953125,770.780029296875,55312,0.0,0.0,0.0
2026-08-11 13:39:00-04:00,770.77001953125,770.9149780273438,770.77001953125,770.875,19976,0.0,0.0,0.0
2026-08-11 13:40:00-04:00,770.8900146484375,771.02001953125,770.7899780273438,771.0,50540,0.0,0.0,0.0
2026-08-11 13:41:00-04:00,770.989990234375,771.1599731445312,770.9000244140625,771.1400146484375,33851,0.0,0.0,0.0
2026-08-11 13:42:00-04:00,771.1400146484375,771.280029296875,771.1300048828125,771.260009765625,80571,0.0,0.0,0.0
2026-08-11 13:43:00-04:00,771.239990234375,771.3099975585938,771.2000122070312,771.2100219726562,33455,0.0,0.0,0.0
2026-08-11 13:44:00-04:00,771.2100219726562,771.280029296875,771.2000122070312,771.27001953125,32269,0.0,0.0,0.0
2026-08-11 13:45:00-04:00,771.260009765625,771.27001953125,771.1199951171875,771.2100219726562,27761,0.0,0.0,0.0
2026-08-11 13:46:00-04:00,771.25,771.260009765625,771.1400146484375,771.22998046875,26218,0.0,0.0,0.0
2026-08-11 13:47:00-04:00,771.22998046875,771.25,771.1500244140625,771.25,25678,0.0,0.0,0.0
2026-08-11 13:48:00-04:00,771.27001953125,771.35498046875,771.239990234375,771.3099975585938,33962,0.0,0.0,0.0
2026-08-11 13:49:00-04:00,771.2999877929688,771.3300170898438,771.1500244140625,771.1702880859375,26498,0.0,0.0,0.0
2026-08-11 13:50:00-04:00,771.1950073242188,771.2999877929688,771.1950073242188,771.25,27522,0.0,0.0,0.0
2026-08-11 13:51:00-04:00,771.27001953125,771.2899780273438,771.1500244140625,771.219970703125,25284,0.0,0.0,0.0
2026-08-11 13:52:00-04:00,771.2000122070312,771.2786865234375,771.1699829101562,771.260009765625,28706,0.0,0.0,0.0
2026-08-11 13:53:00-04:00,771.2550048828125,771.260009765625,771.1699829101562,771.25,36933,0.0,0.0,0.0
2026-08-11 13:54:00-04:00,771.25,771.3300170898438,771.22998046875,771.2949829101562,32138,0.0,0.0,0.0
2026-08-11 13:55:00-04:00,771.3099975585938,771.3099975585938,771.2000122070312,771.239990234375,41616,0.0,0.0,0.0
2026-08-11 13:56:00-04:00,771.239990234375,771.239990234375,771.114990234375,771.1500244140625,47190,0.0,0.0,0.0
2026-08-11 13:57:00-04:00,771.1599731445312,771.25,771.1199951171875,771.1400146484375,24332,0.0,0.0,0.0
2026-08-11 13:58:00-04:00,771.1199951171875,771.27001953125,771.1099853515625,771.260009765625,31468,0.0,0.0,0.0
2026-08-11 13:59:00-04:00,771.25,771.2899780273438,771.1950073242188,771.2399291992188,23779,0.0,0.0,0.0
2026-08-11 14:00:00-04:00,771.219970703125,771.239501953125,771.0800170898438,771.1599731445312,40136,0.0,0.0,0.0
2026-08-11 14:01:00-04:00,771.1102905273438,771.1699829101562,771.0399780273438,771.0499877929688,74513,0.0,0.0,0.0
2026-08-11 14:02:00-04:00,771.0399780273438,771.0499877929688,770.9000244140625,770.97998046875,44469,0.0,0.0,0.0
2026-08-11 14:03:00-04:00,770.97998046875,771.1199951171875,770.969970703125,771.1099853515625,82538,0.0,0.0,0.0
2026-08-11 14:04:00-04:00,771.1099853515625,771.1400146484375,770.97998046875,771.0650024414062,46593,0.0,0.0,0.0
2026-08-11 14:05:00-04:00,771.0700073242188,771.1599731445312,770.9450073242188,771.0,29593,0.0,0.0,0.0
2026-08-11 14:06:00-04:00,771.0050048828125,771.0499877929688,770.760009765625,770.760009765625,57172,0.0,0.0,0.0
2026-08-11 14:07:00-04:00,770.760009765625,770.8900146484375,770.72998046875,770.8250122070312,44937,0.0,0.0,0.0
2026-08-11 14:08:00-04:00,770.8499755859375,770.8900146484375,770.7100219726562,770.72998046875,30306,0.0,0.0,0.0
2026-08-11 14:09:00-04:00,770.739990234375,770.8200073242188,770.6699829101562,770.6900024414062,30599,0.0,0.0,0.0
2026-08-11 14:10:00-04:00,770.7000122070312,770.780029296875,770.6500244140625,770.75,39047,0.0,0.0,0.0
2026-08-11 14:11:00-04:00,770.760009765625,770.8900146484375,770.739990234375,770.8499755859375,108755,0.0,0.0,0.0
2026-08-11 14:12:00-04:00,770.8499755859375,770.9000244140625,770.760009765625,770.780029296875,46501,0.0,0.0,0.0
2026-08-11 14:13:00-04:00,770.8099975585938,770.9099731445312,770.75,770.780029296875,62076,0.0,0.0,0.0
2026-08-11 14:14:00-04:00,770.7899780273438,770.8699951171875,770.77001953125,770.8350219726562,28591,0.0,0.0,0.0
2026-08-11 14:15:00-04:00,770.8400268554688,770.9400024414062,770.7899780273438,770.7899780273438,29629,0.0,0.0,0.0
2026-08-11 14:16:00-04:00,770.8049926757812,770.8250122070312,770.719970703125,770.7249755859375,29172,0.0,0.0,0.0
2026-08-11 14:17:00-04:00,770.719970703125,770.75,770.6500244140625,770.6599731445312,45969,0.0,0.0,0.0
2026-08-11 14:18:00-04:00,770.6500244140625,770.760009765625,770.6400146484375,770.72998046875,44253,0.0,0.0,0.0
2026-08-11 14:19:00-04:00,770.739990234375,770.8400268554688,770.6900024414062,770.75,40389,0.0,0.0,0.0
2026-08-11 14:20:00-04:00,770.739990234375,770.75,770.5,770.52001953125,49513,0.0,0.0,0.0
2026-08-11 14:21:00-04:00,770.5349731445312,770.5399780273438,770.3300170898438,770.4199829101562,57253,0.0,0.0,0.0
2026-08-11 14:22:00-04:00,770.4000244140625,770.4500122070312,770.3599853515625,770.4099731445312,50750,0.0,0.0,0.0
2026-08-11 14:23:00-04:00,770.4099731445312,770.4400024414062,770.280029296875,770.3131713867188,37313,0.0,0.0,0.0
2026-08-11 14:24:00-04:00,770.3400268554688,770.510009765625,770.3099975585938,770.489990234375,80688,0.0,0.0,0.0
2026-08-11 14:25:00-04:00,770.5,770.5599975585938,770.469970703125,770.5499877929688,34137,0.0,0.0,0.0
2026-08-11 14:26:00-04:00,770.5499877929688,770.5499877929688,770.3800048828125,770.3800048828125,41879,0.0,0.0,0.0
2026-08-11 14:27:00-04:00,770.3900146484375,770.4099731445312,770.0599975585938,770.10498046875,71253,0.0,0.0,0.0
2026-08-11 14:28:00-04:00,770.0900268554688,770.0999755859375,769.8609008789062,769.89501953125,106315,0.0,0.0,0.0
2026-08-11 14:29:00-04:00,769.9000244140625,769.9298706054688,769.2000122070312,769.5,215925,0.0,0.0,0.0
2026-08-11 14:30:00-04:00,769.52001953125,769.8599853515625,769.5150146484375,769.8049926757812,108591,0.0,0.0,0.0
2026-08-11 14:31:00-04:00,769.7999877929688,769.989990234375,769.780029296875,769.969970703125,565666,0.0,0.0,0.0
2026-08-11 14:32:00-04:00,769.969970703125,770.0449829101562,769.8400268554688,769.9849853515625,63120,0.0,0.0,0.0
2026-08-11 14:33:00-04:00,769.97998046875,770.0499877929688,769.8599853515625,769.875,59733,0.0,0.0,0.0
2026-08-11 14:34:00-04:00,769.8900146484375,770.0499877929688,769.8900146484375,770.0,34541,0.0,0.0,0.0
2026-08-11 14:35:00-04:00,770.0050048828125,770.1599731445312,769.9299926757812,770.080078125,66863,0.0,0.0,0.0
2026-08-11 14:36:00-04:00,770.1005249023438,770.1649780273438,770.0625,770.1099853515625,35601,0.0,0.0,0.0
2026-08-11 14:37:00-04:00,770.1099853515625,770.219970703125,770.0,770.0150146484375,123835,0.0,0.0,0.0
2026-08-11 14:38:00-04:00,770.010009765625,770.0599975585938,769.9299926757812,770.0,57176,0.0,0.0,0.0
2026-08-11 14:39:00-04:00,770.0,770.02001953125,769.9400024414062,770.010009765625,25174,0.0,0.0,0.0
2026-08-11 14:40:00-04:00,770.0,770.0,769.8300170898438,769.8400268554688,64827,0.0,0.0,0.0
2026-08-11 14:41:00-04:00,769.8499755859375,769.9000244140625,769.6799926757812,769.6846923828125,105429,0.0,0.0,0.0
2026-08-11 14:42:00-04:00,769.6950073242188,769.8400268554688,769.6599731445312,769.8400268554688,103139,0.0,0.0,0.0
2026-08-11 14:43:00-04:00,769.8300170898438,769.8499755859375,769.72998046875,769.8200073242188,65771,0.0,0.0,0.0
2026-08-11 14:44:00-04:00,769.8099975585938,769.9299926757812,769.780029296875,769.7899780273438,47119,0.0,0.0,0.0
2026-08-11 14:45:00-04:00,769.780029296875,769.969970703125,769.780029296875,769.9199829101562,40577,0.0,0.0,0.0
2026-08-11 14:46:00-04:00,769.9199829101562,770.030029296875,769.9199829101562,769.9600219726562,65217,0.0,0.0,0.0
2026-08-11 14:47:00-04:00,769.969970703125,770.0700073242188,769.9500122070312,769.989990234375,50504,0.0,0.0,0.0
2026-08-11 14:48:00-04:00,770.0,770.1799926757812,770.0,770.1699829101562,35336,0.0,0.0,0.0
2026-08-11 14:49:00-04:00,770.1599731445312,770.3499755859375,770.1300048828125,770.3400268554688,47800,0.0,0.0,0.0
2026-08-11 14:50:00-04:00,770.3250122070312,770.364990234375,770.239990234375,770.239990234375,47463,0.0,0.0,0.0
2026-08-11 14:51:00-04:00,770.2349853515625,770.27001953125,770.1400146484375,770.27001953125,86881,0.0,0.0,0.0
2026-08-11 14:52:00-04:00,770.280029296875,770.3599853515625,770.25,770.3599853515625,41043,0.0,0.0,0.0
2026-08-11 14:53:00-04:00,770.3599853515625,770.4650268554688,770.2550048828125,770.2999877929688,51290,0.0,0.0,0.0
2026-08-11 14:54:00-04:00,770.3099975585938,770.4199829101562,770.2899780273438,770.3699951171875,60426,0.0,0.0,0.0
2026-08-11 14:55:00-04:00,770.35498046875,770.3800048828125,770.27001953125,770.280029296875,24898,0.0,0.0,0.0
2026-08-11 14:56:00-04:00,770.280029296875,770.2999877929688,770.1801147460938,770.1900024414062,40805,0.0,0.0,0.0
2026-08-11 14:57:00-04:00,770.1900024414062,770.3599853515625,770.1699829101562,770.3300170898438,28825,0.0,0.0,0.0
2026-08-11 14:58:00-04:00,770.3250122070312,770.3250122070312,770.0900268554688,770.125,43936,0.0,0.0,0.0
2026-08-11 14:59:00-04:00,770.1300048828125,770.1599731445312,770.0599975585938,770.0750122070312,25082,0.0,0.0,0.0
2026-08-11 15:00:00-04:00,770.0900268554688,770.2100219726562,769.8900146484375,769.9749755859375,46070,0.0,0.0,0.0
2026-08-11 15:01:00-04:00,769.989990234375,770.155029296875,769.9500122070312,769.989990234375,27272,0.0,0.0,0.0
2026-08-11 15:02:00-04:00,770.0050048828125,770.1300048828125,770.0,770.0900268554688,40032,0.0,0.0,0.0
2026-08-11 15:03:00-04:00,770.0599975585938,770.1500244140625,770.0399780273438,770.0999755859375,48328,0.0,0.0,0.0
2026-08-11 15:04:00-04:00,770.0999755859375,770.1519775390625,770.02001953125,770.094970703125,47268,0.0,0.0,0.0
2026-08-11 15:05:00-04:00,770.094970703125,770.1199951171875,770.010009765625,770.0800170898438,48174,0.0,0.0,0.0
2026-08-11 15:06:00-04:00,770.0800170898438,770.1699829101562,769.97998046875,770.030029296875,36852,0.0,0.0,0.0
2026-08-11 15:07:00-04:00,770.010009765625,770.010009765625,769.8499755859375,769.8889770507812,100772,0.0,0.0,0.0
2026-08-11 15:08:00-04:00,769.8800048828125,770.010009765625,769.8699951171875,769.969970703125,85428,0.0,0.0,0.0
2026-08-11 15:09:00-04:00,769.97998046875,770.0872192382812,769.8900146484375,770.0800170898438,30435,0.0,0.0,0.0
2026-08-11 15:10:00-04:00,770.0900268554688,770.27001953125,770.02001953125,770.1799926757812,64297,0.0,0.0,0.0
2026-08-11 15:11:00-04:00,770.2000122070312,770.27001953125,770.1799926757812,770.25,42352,0.0,0.0,0.0
2026-08-11 15:12:00-04:00,770.25,770.2750244140625,770.16748046875,770.2000122070312,30993,0.0,0.0,0.0
2026-08-11 15:13:00-04:00,770.1799926757812,770.3699951171875,770.1799926757812,770.3499755859375,39727,0.0,0.0,0.0
2026-08-11 15:14:00-04:00,770.3599853515625,770.3800048828125,770.1799926757812,770.239990234375,38321,0.0,0.0,0.0
2026-08-11 15:15:00-04:00,770.27001953125,770.2999877929688,770.1900024414062,770.2100219726562,36530,0.0,0.0,0.0
2026-08-11 15:16:00-04:00,770.2100219726562,770.3400268554688,770.1699829101562,770.3300170898438,44081,0.0,0.0,0.0
2026-08-11 15:17:00-04:00,770.3399047851562,770.4000244140625,770.2449951171875,770.260009765625,102916,0.0,0.0,0.0
2026-08-11 15:18:00-04:00,770.27001953125,770.4099731445312,770.260009765625,770.3800048828125,40733,0.0,0.0,0.0
2026-08-11 15:19:00-04:00,770.375,770.4901123046875,770.3699951171875,770.4400024414062,95263,0.0,0.0,0.0
2026-08-11 15:20:00-04:00,770.4400024414062,770.4749755859375,770.3699951171875,770.4400024414062,42955,0.0,0.0,0.0
2026-08-11 15:21:00-04:00,770.448974609375,770.5499877929688,770.4099731445312,770.5157470703125,54353,0.0,0.0,0.0
2026-08-11 15:22:00-04:00,770.5150146484375,770.5399780273438,770.4199829101562,770.5,42354,0.0,0.0,0.0
2026-08-11 15:23:00-04:00,770.5,770.6199951171875,770.5,770.5349731445312,88640,0.0,0.0,0.0
2026-08-11 15:24:00-04:00,770.5349731445312,770.6699829101562,770.530029296875,770.6400146484375,48425,0.0,0.0,0.0
2026-08-11 15:25:00-04:00,770.6389770507812,770.6500244140625,770.5186767578125,770.6199951171875,55836,0.0,0.0,0.0
2026-08-11 15:26:00-04:00,770.6300048828125,770.6500244140625,770.5399780273438,770.5700073242188,99150,0.0,0.0,0.0
2026-08-11 15:27:00-04:00,770.5800170898438,770.5800170898438,770.4600219726562,770.52001953125,39874,0.0,0.0,0.0
2026-08-11 15:28:00-04:00,770.52001953125,770.6599731445312,770.4500122070312,770.6599731445312,57516,0.0,0.0,0.0
2026-08-11 15:29:00-04:00,770.6500244140625,770.6900024414062,770.5700073242188,770.6300048828125,182553,0.0,0.0,0.0
2026-08-11 15:30:00-04:00,770.6300048828125,770.8099975585938,770.5499877929688,770.6900024414062,219453,0.0,0.0,0.0
2026-08-11 15:31:00-04:00,770.6799926757812,770.8400268554688,770.6799926757812,770.760009765625,103668,0.0,0.0,0.0
2026-08-11 15:32:00-04:00,770.760009765625,770.7750244140625,770.5999755859375,770.6099853515625,67824,0.0,0.0,0.0
2026-08-11 15:33:00-04:00,770.5999755859375,770.72998046875,770.5800170898438,770.6900024414062,55951,0.0,0.0,0.0
2026-08-11 15:34:00-04:00,770.6799926757812,770.8099975585938,770.6799926757812,770.7999877929688,53893,0.0,0.0,0.0
2026-08-11 15:35:00-04:00,770.7899780273438,770.8599853515625,770.7750244140625,770.7949829101562,63885,0.0,0.0,0.0
2026-08-11 15:36:00-04:00,770.7899780273438,770.9600219726562,770.7000122070312,770.9598999023438,44263,0.0,0.0,0.0
2026-08-11 15:37:00-04:00,770.9517211914062,771.0399780273438,770.9100952148438,770.9249877929688,75156,0.0,0.0,0.0
2026-08-11 15:38:00-04:00,770.9149780273438,771.094970703125,770.9149780273438,771.0800170898438,67075,0.0,0.0,0.0
2026-08-11 15:39:00-04:00,771.0850219726562,771.0936279296875,770.9600219726562,771.0499877929688,69809,0.0,0.0,0.0
2026-08-11 15:40:00-04:00,771.0700073242188,771.0700073242188,770.8699951171875,770.9550170898438,66099,0.0,0.0,0.0
2026-08-11 15:41:00-04:00,770.9600219726562,770.989990234375,770.8400268554688,770.9000244140625,69362,0.0,0.0,0.0
2026-08-11 15:42:00-04:00,770.8900146484375,770.9299926757812,770.760009765625,770.77001953125,80712,0.0,0.0,0.0
2026-08-11 15:43:00-04:00,770.7650146484375,770.8800048828125,770.739990234375,770.8099975585938,112826,0.0,0.0,0.0
2026-08-11 15:44:00-04:00,770.7999877929688,770.8099975585938,770.6799926757812,770.7150268554688,48307,0.0,0.0,0.0
2026-08-11 15:45:00-04:00,770.719970703125,770.719970703125,770.4099731445312,770.469970703125,136037,0.0,0.0,0.0
2026-08-11 15:46:00-04:00,770.469970703125,770.5800170898438,770.4199829101562,770.52001953125,314606,0.0,0.0,0.0
2026-08-11 15:47:00-04:00,770.52001953125,770.5599975585938,770.4299926757812,770.47998046875,100382,0.0,0.0,0.0
2026-08-11 15:48:00-04:00,770.469970703125,770.489990234375,770.2899780273438,770.3416748046875,85334,0.0,0.0,0.0
2026-08-11 15:49:00-04:00,770.3499755859375,770.489990234375,770.2999877929688,770.3800048828125,161666,0.0,0.0,0.0
2026-08-11 15:50:00-04:00,770.3900146484375,770.469970703125,769.9299926757812,770.0698852539062,142242,0.0,0.0,0.0
2026-08-11 15:51:00-04:00,770.0599975585938,770.25,770.0,770.125,109985,0.0,0.0,0.0
2026-08-11 15:52:00-04:00,770.1300048828125,770.1599731445312,769.9000244140625,769.9099731445312,111889,0.0,0.0,0.0
2026-08-11 15:53:00-04:00,769.9099731445312,769.989990234375,769.7899780273438,769.9600219726562,105750,0.0,0.0,0.0
2026-08-11 15:54:00-04:00,769.9600219726562,770.4099731445312,769.8499755859375,770.4000244140625,140717,0.0,0.0,0.0
2026-08-11 15:55:00-04:00,770.4099731445312,770.47998046875,770.1500244140625,770.2349853515625,200012,0.0,0.0,0.0
2026-08-11 15:56:00-04:00,770.22998046875,770.3350219726562,770.0599975585938,770.1500244140625,164570,0.0,0.0,0.0
2026-08-11 15:57:00-04:00,770.1694946289062,770.1950073242188,770.0499877929688,770.0750122070312,803046,0.0,0.0,0.0
2026-08-11 15:58:00-04:00,770.0800170898438,770.3300170898438,769.969970703125,770.3300170898438,334818,0.0,0.0,0.0
2026-08-11 15:59:00-04:00,770.3300170898438,770.5499877929688,769.8400268554688,770.47998046875,1159576,0.0,0.0,0.0
2026-08-12 09:30:00-04:00,774.7100219726562,774.9000244140625,773.760009765625,773.8699951171875,1885271,0.0,0.0,0.0
2026-08-12 09:31:00-04:00,773.8599853515625,773.8599853515625,773.0599975585938,773.1099853515625,217307,0.0,0.0,0.0
2026-08-12 09:32:00-04:00,773.135009765625,773.25,772.7999877929688,772.7999877929688,130033,0.0,0.0,0.0
2026-08-12 09:33:00-04:00,772.780029296875,773.2550048828125,772.719970703125,773.0399780273438,129030,0.0,0.0,0.0
2026-08-12 09:34:00-04:00,773.02001953125,773.2999877929688,772.9299926757812,773.0650024414062,111422,0.0,0.0,0.0
2026-08-12 09:35:00-04:00,773.0499877929688,773.25,772.8599853515625,773.1500244140625,148902,0.0,0.0,0.0
2026-08-12 09:36:00-04:00,773.1300048828125,773.4400024414062,773.0399780273438,773.3599853515625,101915,0.0,0.0,0.0
2026-08-12 09:37:00-04:00,773.3800048828125,773.5150146484375,773.0399780273438,773.0399780273438,101873,0.0,0.0,0.0
2026-08-12 09:38:00-04:00,773.030029296875,773.3049926757812,772.9099731445312,773.02001953125,83184,0.0,0.0,0.0
2026-08-12 09:39:00-04:00,773.0399780273438,773.1300048828125,772.8049926757812,772.8800048828125,109813,0.0,0.0,0.0
2026-08-12 09:40:00-04:00,772.8900146484375,772.9199829101562,772.4550170898438,772.7100219726562,214258,0.0,0.0,0.0
2026-08-12 09:41:00-04:00,772.7000122070312,773.02001953125,772.7000122070312,773.010009765625,85045,0.0,0.0,0.0
2026-08-12 09:42:00-04:00,772.989990234375,773.1199951171875,772.7999877929688,772.9299926757812,83784,0.0,0.0,0.0
2026-08-12 09:43:00-04:00,772.9400024414062,773.02001953125,772.7849731445312,772.9000244140625,95434,0.0,0.0,0.0
2026-08-12 09:44:00-04:00,772.8900146484375,772.9550170898438,772.6400146484375,772.8095092773438,63005,0.0,0.0,0.0
2026-08-12 09:45:00-04:00,772.8200073242188,773.030029296875,772.7000122070312,772.75,74080,0.0,0.0,0.0
2026-08-12 09:46:00-04:00,772.75,772.780029296875,772.3619995117188,772.5800170898438,138124,0.0,0.0,0.0
2026-08-12 09:47:00-04:00,772.5900268554688,772.780029296875,772.5349731445312,772.719970703125,97656,0.0,0.0,0.0
2026-08-12 09:48:00-04:00,772.719970703125,773.6500244140625,772.719970703125,773.5250244140625,212518,0.0,0.0,0.0
2026-08-12 09:49:00-04:00,773.52001953125,773.635009765625,773.3699951171875,773.5399780273438,159434,0.0,0.0,0.0
2026-08-12 09:50:00-04:00,773.5399780273438,773.5399780273438,773.2849731445312,773.3900146484375,83651,0.0,0.0,0.0
2026-08-12 09:51:00-04:00,773.3699951171875,773.4400024414062,772.9500122070312,773.114990234375,123980,0.0,0.0,0.0
2026-08-12 09:52:00-04:00,773.114990234375,773.1199951171875,772.625,772.7150268554688,100903,0.0,0.0,0.0
2026-08-12 09:53:00-04:00,772.719970703125,772.9091796875,772.5999755859375,772.9091796875,76699,0.0,0.0,0.0
2026-08-12 09:54:00-04:00,772.9000244140625,772.9713134765625,772.5650024414062,772.614990234375,89867,0.0,0.0,0.0
2026-08-12 09:55:00-04:00,772.614990234375,772.6649780273438,772.4199829101562,772.5650024414062,88311,0.0,0.0,0.0
2026-08-12 09:56:00-04:00,772.5599975585938,772.6500244140625,772.0900268554688,772.159912109375,111138,0.0,0.0,0.0
2026-08-12 09:57:00-04:00,772.1561889648438,772.4224853515625,772.1099853515625,772.3300170898438,85250,0.0,0.0,0.0
2026-08-12 09:58:00-04:00,772.3400268554688,772.6900024414062,772.3267211914062,772.6364135742188,75728,0.0,0.0,0.0
2026-08-12 09:59:00-04:00,772.6699829101562,772.780029296875,772.5700073242188,772.5900268554688,59682,0.0,0.0,0.0
2026-08-12 10:00:00-04:00,772.594970703125,772.6400146484375,772.260009765625,772.5499877929688,85678,0.0,0.0,0.0
2026-08-12 10:01:00-04:00,772.5700073242188,772.8200073242188,772.47998046875,772.5700073242188,102570,0.0,0.0,0.0
2026-08-12 10:02:00-04:00,772.5999755859375,772.5999755859375,772.219970703125,772.2899780273438,95734,0.0,0.0,0.0
2026-08-12 10:03:00-04:00,772.2849731445312,772.3499755859375,772.1599731445312,772.1599731445312,78842,0.0,0.0,0.0
2026-08-12 10:04:00-04:00,772.1500244140625,772.1799926757812,771.9299926757812,771.9400024414062,139992,0.0,0.0,0.0
2026-08-12 10:05:00-04:00,771.9400024414062,772.35009765625,771.8800048828125,772.2999877929688,160727,0.0,0.0,0.0
2026-08-12 10:06:00-04:00,772.3099975585938,772.4099731445312,772.22998046875,772.3400268554688,60370,0.0,0.0,0.0
2026-08-12 10:07:00-04:00,772.3400268554688,772.3699951171875,772.2000122070312,772.2550048828125,44191,0.0,0.0,0.0
2026-08-12 10:08:00-04:00,772.239990234375,772.36767578125,772.1453247070312,772.340576171875,68600,0.0,0.0,0.0
2026-08-12 10:09:00-04:00,772.3499755859375,772.510009765625,772.2000122070312,772.4000244140625,135097,0.0,0.0,0.0
2026-08-12 10:10:00-04:00,772.4199829101562,772.6494140625,772.280029296875,772.635009765625,73062,0.0,0.0,0.0
2026-08-12 10:11:00-04:00,772.635009765625,772.719970703125,772.4400024414062,772.4849853515625,104906,0.0,0.0,0.0
2026-08-12 10:12:00-04:00,772.47998046875,772.52001953125,772.3499755859375,772.4249877929688,61575,0.0,0.0,0.0
2026-08-12 10:13:00-04:00,772.4249877929688,772.4400024414062,772.1599731445312,772.3699951171875,49377,0.0,0.0,0.0
2026-08-12 10:14:00-04:00,772.361083984375,772.5399780273438,772.3250122070312,772.3800048828125,40570,0.0,0.0,0.0
2026-08-12 10:15:00-04:00,772.3599853515625,772.6300048828125,772.22998046875,772.5399780273438,44581,0.0,0.0,0.0
2026-08-12 10:16:00-04:00,772.5399780273438,772.6699829101562,772.4949951171875,772.5150146484375,94217,0.0,0.0,0.0
2026-08-12 10:17:00-04:00,772.52001953125,772.719970703125,772.4650268554688,772.6849975585938,94819,0.0,0.0,0.0
2026-08-12 10:18:00-04:00,772.6900024414062,773.02001953125,772.6900024414062,772.9550170898438,100888,0.0,0.0,0.0
2026-08-12 10:19:00-04:00,772.969970703125,773.0150146484375,772.469970703125,772.5,62733,0.0,0.0,0.0
2026-08-12 10:20:00-04:00,772.5,772.5546875,772.1799926757812,772.4874877929688,69153,0.0,0.0,0.0
2026-08-12 10:21:00-04:00,772.469970703125,772.5599975585938,772.3300170898438,772.530029296875,52432,0.0,0.0,0.0
2026-08-12 10:22:00-04:00,772.5250244140625,772.8200073242188,772.469970703125,772.5800170898438,61150,0.0,0.0,0.0
2026-08-12 10:23:00-04:00,772.5599975585938,772.8699951171875,772.5599975585938,772.85009765625,36526,0.0,0.0,0.0
2026-08-12 10:24:00-04:00,772.8699951171875,773.030029296875,772.8599853515625,772.9650268554688,89431,0.0,0.0,0.0
2026-08-12 10:25:00-04:00,772.9400024414062,772.97998046875,772.760009765625,772.8150024414062,59006,0.0,0.0,0.0
2026-08-12 10:26:00-04:00,772.8200073242188,773.280029296875,772.77001953125,773.260009765625,87811,0.0,0.0,0.0
2026-08-12 10:27:00-04:00,773.280029296875,773.3049926757812,773.1199951171875,773.1900024414062,49861,0.0,0.0,0.0
2026-08-12 10:28:00-04:00,773.1950073242188,773.2999877929688,773.010009765625,773.0399780273438,59884,0.0,0.0,0.0
2026-08-12 10:29:00-04:00,773.0599975585938,773.1300048828125,772.5900268554688,772.7949829101562,94126,0.0,0.0,0.0
2026-08-12 10:30:00-04:00,772.7899780273438,772.9807739257812,772.6300048828125,772.739990234375,109901,0.0,0.0,0.0
2026-08-12 10:31:00-04:00,772.739990234375,772.7999877929688,771.2899780273438,772.47998046875,566088,0.0,0.0,0.0
2026-08-12 10:32:00-04:00,772.469970703125,772.5800170898438,772.1900024414062,772.239990234375,122980,0.0,0.0,0.0
2026-08-12 10:33:00-04:00,772.27001953125,772.5399780273438,772.260009765625,772.4500122070312,66766,0.0,0.0,0.0
2026-08-12 10:34:00-04:00,772.4400024414062,772.4400024414062,771.9500122070312,772.0700073242188,75336,0.0,0.0,0.0
2026-08-12 10:35:00-04:00,772.0599975585938,772.3400268554688,771.9199829101562,772.25,91780,0.0,0.0,0.0
2026-08-12 10:36:00-04:00,772.27001953125,772.4600219726562,772.1500244140625,772.3900146484375,46454,0.0,0.0,0.0
2026-08-12 10:37:00-04:00,772.372314453125,772.7100219726562,772.3599853515625,772.655029296875,47733,0.0,0.0,0.0
2026-08-12 10:38:00-04:00,772.6099853515625,772.780029296875,772.50048828125,772.5499877929688,71129,0.0,0.0,0.0
2026-08-12 10:39:00-04:00,772.5399780273438,772.7899780273438,772.4600219726562,772.7899780273438,70346,0.0,0.0,0.0
2026-08-12 10:40:00-04:00,772.7799072265625,772.9099731445312,772.7000122070312,772.864990234375,58278,0.0,0.0,0.0
2026-08-12 10:41:00-04:00,772.8900146484375,773.010009765625,772.8300170898438,772.9114990234375,63018,0.0,0.0,0.0
2026-08-12 10:42:00-04:00,772.9000244140625,772.9299926757812,772.6799926757812,772.8099975585938,142667,0.0,0.0,0.0
2026-08-12 10:43:00-04:00,772.8200073242188,773.030029296875,772.7999877929688,773.0,39300,0.0,0.0,0.0
2026-08-12 10:44:00-04:00,772.97998046875,773.0900268554688,772.9099731445312,773.0599975585938,53755,0.0,0.0,0.0
2026-08-12 10:45:00-04:00,773.0599975585938,773.1300048828125,772.9500122070312,773.0974731445312,46266,0.0,0.0,0.0
2026-08-12 10:46:00-04:00,773.0900268554688,773.2000122070312,772.969970703125,773.0289916992188,45356,0.0,0.0,0.0
2026-08-12 10:47:00-04:00,773.030029296875,773.030029296875,772.469970703125,772.5499877929688,58317,0.0,0.0,0.0
2026-08-12 10:48:00-04:00,772.5599975585938,772.6300048828125,772.4199829101562,772.5299072265625,54755,0.0,0.0,0.0
2026-08-12 10:49:00-04:00,772.510009765625,772.6900024414062,772.4600219726562,772.6799926757812,42541,0.0,0.0,0.0
2026-08-12 10:50:00-04:00,772.6799926757812,772.7100219726562,772.260009765625,772.2999877929688,52283,0.0,0.0,0.0
2026-08-12 10:51:00-04:00,772.2899780273438,772.3800048828125,772.1300048828125,772.3400268554688,50519,0.0,0.0,0.0
2026-08-12 10:52:00-04:00,772.3400268554688,772.4600219726562,772.219970703125,772.4600219726562,49354,0.0,0.0,0.0
2026-08-12 10:53:00-04:00,772.4500122070312,772.4600219726562,772.22998046875,772.4429931640625,51166,0.0,0.0,0.0
2026-08-12 10:54:00-04:00,772.4650268554688,772.5700073242188,771.989990234375,772.0599975585938,66961,0.0,0.0,0.0
2026-08-12 10:55:00-04:00,772.0399780273438,772.0900268554688,771.8200073242188,771.919921875,55001,0.0,0.0,0.0
2026-08-12 10:56:00-04:00,771.8900756835938,772.280029296875,771.8900146484375,772.0599975585938,140425,0.0,0.0,0.0
2026-08-12 10:57:00-04:00,772.0700073242188,772.2899780273438,772.0499877929688,772.1500244140625,46514,0.0,0.0,0.0
2026-08-12 10:58:00-04:00,772.1699829101562,772.3400268554688,772.1400146484375,772.1950073242188,36037,0.0,0.0,0.0
2026-08-12 10:59:00-04:00,772.1950073242188,772.3200073242188,772.1099853515625,772.219970703125,33107,0.0,0.0,0.0
2026-08-12 11:00:00-04:00,772.2208862304688,772.2899780273438,771.9168701171875,772.1199951171875,47482,0.0,0.0,0.0
2026-08-12 11:01:00-04:00,772.1400146484375,772.22998046875,772.0800170898438,772.219970703125,38043,0.0,0.0,0.0
2026-08-12 11:02:00-04:00,772.22998046875,772.25,771.969970703125,772.0999755859375,31865,0.0,0.0,0.0
2026-08-12 11:03:00-04:00,772.0999755859375,772.1400146484375,771.760009765625,771.8099975585938,38123,0.0,0.0,0.0
2026-08-12 11:04:00-04:00,771.7999877929688,771.9149780273438,771.760009765625,771.8699951171875,61625,0.0,0.0,0.0
2026-08-12 11:05:00-04:00,771.864990234375,771.9199829101562,771.7100219726562,771.8499755859375,76964,0.0,0.0,0.0
2026-08-12 11:06:00-04:00,771.8599853515625,772.2100219726562,771.72998046875,772.1801147460938,71721,0.0,0.0,0.0
2026-08-12 11:07:00-04:00,772.2000122070312,772.2000122070312,772.010009765625,772.1199951171875,61513,0.0,0.0,0.0
2026-08-12 11:08:00-04:00,772.1099853515625,772.1300048828125,771.97998046875,772.0850219726562,33024,0.0,0.0,0.0
2026-08-12 11:09:00-04:00,772.0599975585938,772.1895141601562,772.0399780273438,772.0900268554688,38730,0.0,0.0,0.0
2026-08-12 11:10:00-04:00,772.1199951171875,772.1300048828125,771.860107421875,771.8699951171875,25937,0.0,0.0,0.0
2026-08-12 11:11:00-04:00,771.8900146484375,771.969970703125,771.77001953125,771.9650268554688,96217,0.0,0.0,0.0
2026-08-12 11:12:00-04:00,771.969970703125,772.3150024414062,771.9299926757812,772.3099975585938,23299,0.0,0.0,0.0
2026-08-12 11:13:00-04:00,772.3200073242188,772.4099731445312,772.1950073242188,772.260009765625,57128,0.0,0.0,0.0
2026-08-12 11:14:00-04:00,772.25,772.3300170898438,772.1300048828125,772.1699829101562,31751,0.0,0.0,0.0
2026-08-12 11:15:00-04:00,772.1300048828125,772.1699829101562,771.9899291992188,772.0800170898438,24653,0.0,0.0,0.0
2026-08-12 11:16:00-04:00,772.094970703125,772.3198852539062,772.094970703125,772.2100830078125,31532,0.0,0.0,0.0
2026-08-12 11:17:00-04:00,772.2100219726562,772.280029296875,772.1199951171875,772.260009765625,27410,0.0,0.0,0.0
2026-08-12 11:18:00-04:00,772.280029296875,772.2890014648438,771.97998046875,772.010009765625,31691,0.0,0.0,0.0
2026-08-12 11:19:00-04:00,771.989990234375,772.1300048828125,771.9400024414062,772.0999755859375,28056,0.0,0.0,0.0
2026-08-12 11:20:00-04:00,772.1220092773438,772.1900024414062,772.010009765625,772.0599975585938,32389,0.0,0.0,0.0
2026-08-12 11:21:00-04:00,772.0499877929688,772.1699829101562,771.989990234375,772.1099853515625,18512,0.0,0.0,0.0
2026-08-12 11:22:00-04:00,772.1099853515625,772.1099853515625,771.8400268554688,771.8900146484375,426875,0.0,0.0,0.0
2026-08-12 11:23:00-04:00,771.8900146484375,771.8900146484375,771.719970703125,771.885009765625,34296,0.0,0.0,0.0
2026-08-12 11:24:00-04:00,771.8900146484375,771.97998046875,771.780029296875,771.9089965820312,27583,0.0,0.0,0.0
2026-08-12 11:25:00-04:00,771.8900146484375,772.010009765625,771.8499755859375,771.9400024414062,24426,0.0,0.0,0.0
2026-08-12 11:26:00-04:00,771.9299926757812,772.030029296875,771.8599853515625,771.97998046875,24523,0.0,0.0,0.0
2026-08-12 11:27:00-04:00,771.989990234375,772.02001953125,771.844970703125,771.9600219726562,16005,0.0,0.0,0.0
2026-08-12 11:28:00-04:00,771.989990234375,772.1599731445312,771.8599853515625,772.14501953125,24059,0.0,0.0,0.0
2026-08-12 11:29:00-04:00,772.1500244140625,772.3699951171875,772.0900268554688,772.3699951171875,27517,0.0,0.0,0.0
2026-08-12 11:30:00-04:00,772.4000244140625,772.469970703125,772.1900024414062,772.3275146484375,64677,0.0,0.0,0.0
2026-08-12 11:31:00-04:00,772.3049926757812,772.3250122070312,772.1300048828125,772.1500244140625,37498,0.0,0.0,0.0
2026-08-12 11:32:00-04:00,772.1699829101562,772.2199096679688,771.8800048828125,772.0,43537,0.0,0.0,0.0
2026-08-12 11:33:00-04:00,772.010009765625,772.030029296875,771.72998046875,771.77001953125,48923,0.0,0.0,0.0
2026-08-12 11:34:00-04:00,771.77001953125,771.9400024414062,771.6649780273438,771.9000244140625,41040,0.0,0.0,0.0
2026-08-12 11:35:00-04:00,771.8900146484375,772.0700073242188,771.8900146484375,771.9299926757812,44372,0.0,0.0,0.0
2026-08-12 11:36:00-04:00,771.9099731445312,772.1900024414062,771.8699951171875,772.1300048828125,34015,0.0,0.0,0.0
2026-08-12 11:37:00-04:00,772.1400146484375,772.1500244140625,771.9400024414062,771.9500122070312,32089,0.0,0.0,0.0
2026-08-12 11:38:00-04:00,771.969970703125,772.0800170898438,771.9212036132812,771.9650268554688,33809,0.0,0.0,0.0
2026-08-12 11:39:00-04:00,771.969970703125,772.0,771.6649780273438,771.6849975585938,42657,0.0,0.0,0.0
2026-08-12 11:40:00-04:00,771.6699829101562,771.72998046875,771.5900268554688,771.5900268554688,34190,0.0,0.0,0.0
2026-08-12 11:41:00-04:00,771.5800170898438,771.8400268554688,771.5599975585938,771.8400268554688,326110,0.0,0.0,0.0
2026-08-12 11:42:00-04:00,771.844970703125,771.9099731445312,771.780029296875,771.7999877929688,97174,0.0,0.0,0.0
2026-08-12 11:43:00-04:00,771.7999877929688,771.9400024414062,771.7999877929688,771.9199829101562,44765,0.0,0.0,0.0
2026-08-12 11:44:00-04:00,771.9099731445312,771.969970703125,771.761474609375,771.7999877929688,52854,0.0,0.0,0.0
2026-08-12 11:45:00-04:00,771.7999877929688,771.9400024414062,771.7698974609375,771.8499755859375,29699,0.0,0.0,0.0
2026-08-12 11:46:00-04:00,771.8400268554688,771.9199829101562,771.7750244140625,771.9000244140625,36070,0.0,0.0,0.0
2026-08-12 11:47:00-04:00,771.9000244140625,772.0499877929688,771.8400268554688,772.0499877929688,25946,0.0,0.0,0.0
2026-08-12 11:48:00-04:00,772.0349731445312,772.0499877929688,771.8200073242188,771.8800048828125,17909,0.0,0.0,0.0
2026-08-12 11:49:00-04:00,771.8701171875,772.1699829101562,771.8699951171875,772.1699829101562,21651,0.0,0.0,0.0
2026-08-12 11:50:00-04:00,772.1900024414062,772.1900024414062,771.8400268554688,771.8900146484375,37534,0.0,0.0,0.0
2026-08-12 11:51:00-04:00,771.8900146484375,771.9400024414062,771.8400268554688,771.9000244140625,28679,0.0,0.0,0.0
2026-08-12 11:52:00-04:00,771.9000244140625,772.010009765625,771.8699951171875,772.010009765625,26935,0.0,0.0,0.0
2026-08-12 11:53:00-04:00,772.0050048828125,772.1199951171875,771.97998046875,772.0900268554688,29234,0.0,0.0,0.0
2026-08-12 11:54:00-04:00,772.0900268554688,772.10498046875,771.97998046875,771.97998046875,32878,0.0,0.0,0.0
2026-08-12 11:55:00-04:00,771.9400024414062,772.02001953125,771.8800048828125,771.8800048828125,25346,0.0,0.0,0.0
2026-08-12 11:56:00-04:00,771.8699951171875,772.0599975585938,771.8699951171875,771.9600219726562,40703,0.0,0.0,0.0
2026-08-12 11:57:00-04:00,771.97998046875,772.0800170898438,771.9749755859375,772.010009765625,27911,0.0,0.0,0.0
2026-08-12 11:58:00-04:00,772.0001220703125,772.030029296875,771.9500122070312,771.9949951171875,40140,0.0,0.0,0.0
2026-08-12 11:59:00-04:00,771.9650268554688,772.0700073242188,771.9400024414062,772.030029296875,26509,0.0,0.0,0.0
2026-08-12 12:00:00-04:00,772.0150146484375,772.280029296875,771.969970703125,772.280029296875,57750,0.0,0.0,0.0
2026-08-12 12:01:00-04:00,772.2999267578125,772.4299926757812,772.27001953125,772.3674926757812,35457,0.0,0.0,0.0
2026-08-12 12:02:00-04:00,772.3699951171875,772.4000244140625,772.3049926757812,772.340087890625,30065,0.0,0.0,0.0
2026-08-12 12:03:00-04:00,772.3499755859375,772.3699951171875,772.1900024414062,772.2199096679688,30665,0.0,0.0,0.0
2026-08-12 12:04:00-04:00,772.219970703125,772.3099975585938,772.1903076171875,772.219970703125,33231,0.0,0.0,0.0
2026-08-12 12:05:00-04:00,772.219970703125,772.2999877929688,772.2000122070312,772.27001953125,33145,0.0,0.0,0.0
2026-08-12 12:06:00-04:00,772.27001953125,772.3099975585938,772.1300048828125,772.1306762695312,36650,0.0,0.0,0.0
2026-08-12 12:07:00-04:00,772.135009765625,772.1900024414062,772.0399780273438,772.0399780273438,42202,0.0,0.0,0.0
2026-08-12 12:08:00-04:00,772.0401000976562,772.25,771.97998046875,772.25,28164,0.0,0.0,0.0
2026-08-12 12:09:00-04:00,772.2449951171875,772.3599853515625,772.219970703125,772.3499755859375,34773,0.0,0.0,0.0
2026-08-12 12:10:00-04:00,772.3699951171875,772.375,772.2000122070312,772.2899780273438,46538,0.0,0.0,0.0
2026-08-12 12:11:00-04:00,772.2999877929688,772.4400024414062,772.280029296875,772.4400024414062,52722,0.0,0.0,0.0
2026-08-12 12:12:00-04:00,772.4310913085938,772.4500122070312,772.2899780273438,772.385009765625,175238,0.0,0.0,0.0
2026-08-12 12:13:00-04:00,772.385009765625,772.5499877929688,772.385009765625,772.52001953125,77173,0.0,0.0,0.0
2026-08-12 12:14:00-04:00,772.5150146484375,772.6199951171875,772.489990234375,772.5198974609375,56172,0.0,0.0,0.0
2026-08-12 12:15:00-04:00,772.530029296875,772.5599975585938,772.4400024414062,772.52001953125,43534,0.0,0.0,0.0
2026-08-12 12:16:00-04:00,772.510009765625,772.6199951171875,772.4199829101562,772.530029296875,45941,0.0,0.0,0.0
2026-08-12 12:17:00-04:00,772.5399780273438,772.5499877929688,772.4105224609375,772.5098876953125,45163,0.0,0.0,0.0
2026-08-12 12:18:00-04:00,772.510009765625,772.5800170898438,772.489990234375,772.5,55955,0.0,0.0,0.0
2026-08-12 12:19:00-04:00,772.47998046875,772.510009765625,772.3599853515625,772.434326171875,55318,0.0,0.0,0.0
2026-08-12 12:20:00-04:00,772.435302734375,772.489990234375,772.3699951171875,772.3699951171875,49159,0.0,0.0,0.0
2026-08-12 12:21:00-04:00,772.3699951171875,772.52001953125,772.3200073242188,772.4749145507812,37866,0.0,0.0,0.0
2026-08-12 12:22:00-04:00,772.4600219726562,772.5999755859375,772.4099731445312,772.5999755859375,40708,0.0,0.0,0.0
2026-08-12 12:23:00-04:00,772.5999755859375,772.6400146484375,772.5250244140625,772.5499877929688,46799,0.0,0.0,0.0
2026-08-12 12:24:00-04:00,772.5700073242188,772.5800170898438,772.4650268554688,772.5700073242188,34541,0.0,0.0,0.0
2026-08-12 12:25:00-04:00,772.5800170898438,772.6699829101562,772.5150146484375,772.635009765625,43573,0.0,0.0,0.0
2026-08-12 12:26:00-04:00,772.6400146484375,772.6400146484375,772.510009765625,772.510009765625,40274,0.0,0.0,0.0
2026-08-12 12:27:00-04:00,772.5,772.530029296875,772.4099731445312,772.469970703125,39171,0.0,0.0,0.0
2026-08-12 12:28:00-04:00,772.47998046875,772.530029296875,772.4400024414062,772.4500122070312,31797,0.0,0.0,0.0
2026-08-12 12:29:00-04:00,772.4500122070312,772.47998046875,772.4099731445312,772.4500122070312,26494,0.0,0.0,0.0
2026-08-12 12:30:00-04:00,772.4500122070312,772.530029296875,772.4249877929688,772.469970703125,41190,0.0,0.0,0.0
2026-08-12 12:31:00-04:00,772.47998046875,772.47998046875,772.2000122070312,772.2849731445312,59590,0.0,0.0,0.0
2026-08-12 12:32:00-04:00,772.280029296875,772.4199829101562,772.260009765625,772.4000244140625,67842,0.0,0.0,0.0
2026-08-12 12:33:00-04:00,772.4099731445312,772.4400024414062,772.2849731445312,772.3200073242188,58138,0.0,0.0,0.0
2026-08-12 12:34:00-04:00,772.3400268554688,772.3499755859375,772.1799926757812,772.2000122070312,43172,0.0,0.0,0.0
2026-08-12 12:35:00-04:00,772.2000122070312,772.3599853515625,772.1799926757812,772.27001953125,32260,0.0,0.0,0.0
2026-08-12 12:36:00-04:00,772.260009765625,772.4600219726562,772.25,772.3099975585938,34114,0.0,0.0,0.0
2026-08-12 12:37:00-04:00,772.3099975585938,772.594970703125,772.3099975585938,772.594970703125,30847,0.0,0.0,0.0
2026-08-12 12:38:00-04:00,772.5900268554688,772.7000122070312,772.5800170898438,772.60498046875,47221,0.0,0.0,0.0
2026-08-12 12:39:00-04:00,772.6099853515625,772.77001953125,772.5999755859375,772.760009765625,45778,0.0,0.0,0.0
2026-08-12 12:40:00-04:00,772.760009765625,772.8248291015625,772.7249755859375,772.780029296875,42296,0.0,0.0,0.0
2026-08-12 12:41:00-04:00,772.7849731445312,772.9099731445312,772.77001953125,772.7949829101562,68273,0.0,0.0,0.0
2026-08-12 12:42:00-04:00,772.7899780273438,772.8200073242188,772.739990234375,772.7899780273438,34200,0.0,0.0,0.0
2026-08-12 12:43:00-04:00,772.7899780273438,772.8499755859375,772.7000122070312,772.7199096679688,35516,0.0,0.0,0.0
2026-08-12 12:44:00-04:00,772.719970703125,772.7890014648438,772.6599731445312,772.739990234375,23799,0.0,0.0,0.0
2026-08-12 12:45:00-04:00,772.760009765625,772.760009765625,772.610107421875,772.639892578125,32214,0.0,0.0,0.0
2026-08-12 12:46:00-04:00,772.6400146484375,772.6950073242188,772.5599975585938,772.6599731445312,43894,0.0,0.0,0.0
2026-08-12 12:47:00-04:00,772.6400756835938,772.719970703125,772.635009765625,772.6599731445312,22577,0.0,0.0,0.0
2026-08-12 12:48:00-04:00,772.6599731445312,772.8200073242188,772.6500244140625,772.780029296875,31104,0.0,0.0,0.0
2026-08-12 12:49:00-04:00,772.780029296875,772.8870239257812,772.7750244140625,772.8499755859375,56109,0.0,0.0,0.0
2026-08-12 12:50:00-04:00,772.8499755859375,773.094970703125,772.8400268554688,773.0750122070312,50606,0.0,0.0,0.0
2026-08-12 12:51:00-04:00,773.0700073242188,773.1599731445312,773.0599975585938,773.0999755859375,59328,0.0,0.0,0.0
2026-08-12 12:52:00-04:00,773.0999755859375,773.2000122070312,773.030029296875,773.1900024414062,47682,0.0,0.0,0.0
2026-08-12 12:53:00-04:00,773.1900024414062,773.2000122070312,773.114990234375,773.1400756835938,65942,0.0,0.0,0.0
2026-08-12 12:54:00-04:00,773.1300048828125,773.1599731445312,773.0599975585938,773.0650024414062,40642,0.0,0.0,0.0
2026-08-12 12:55:00-04:00,773.0599975585938,773.0800170898438,772.9400024414062,772.97900390625,45533,0.0,0.0,0.0
2026-08-12 12:56:00-04:00,772.97998046875,773.02001953125,772.9307861328125,772.989990234375,37965,0.0,0.0,0.0
2026-08-12 12:57:00-04:00,772.989990234375,773.010009765625,772.9099731445312,772.9299926757812,31216,0.0,0.0,0.0
2026-08-12 12:58:00-04:00,772.9299926757812,772.9500122070312,772.8300170898438,772.8400268554688,45901,0.0,0.0,0.0
2026-08-12 12:59:00-04:00,772.8499755859375,772.969970703125,772.8099975585938,772.905029296875,62256,0.0,0.0,0.0
2026-08-12 13:00:00-04:00,772.9099731445312,772.9600219726562,772.8400268554688,772.9099731445312,65850,0.0,0.0,0.0
2026-08-12 13:01:00-04:00,772.9299926757812,773.0900268554688,772.9299926757812,773.0399780273438,36881,0.0,0.0,0.0
2026-08-12 13:02:00-04:00,773.030029296875,773.0499877929688,772.9400024414062,772.969970703125,38602,0.0,0.0,0.0
2026-08-12 13:03:00-04:00,772.97998046875,773.030029296875,772.9299926757812,773.030029296875,29920,0.0,0.0,0.0
2026-08-12 13:04:00-04:00,773.02001953125,773.0999755859375,773.0,773.0499877929688,34807,0.0,0.0,0.0
2026-08-12 13:05:00-04:00,773.0549926757812,773.0999755859375,773.0,773.0999755859375,39096,0.0,0.0,0.0
2026-08-12 13:06:00-04:00,773.1099853515625,773.1900024414062,773.0549926757812,773.1900024414062,39580,0.0,0.0,0.0
2026-08-12 13:07:00-04:00,773.1998901367188,773.2899780273438,773.1799926757812,773.260009765625,58715,0.0,0.0,0.0
2026-08-12 13:08:00-04:00,773.25,773.2899780273438,773.1799926757812,773.2000122070312,48649,0.0,0.0,0.0
2026-08-12 13:09:00-04:00,773.1900024414062,773.1900024414062,773.010009765625,773.010009765625,37772,0.0,0.0,0.0
2026-08-12 13:10:00-04:00,773.0198974609375,773.0700073242188,772.9299926757812,773.0,42117,0.0,0.0,0.0
2026-08-12 13:11:00-04:00,773.0,773.030029296875,772.8699951171875,772.8699951171875,37117,0.0,0.0,0.0
2026-08-12 13:12:00-04:00,772.8699951171875,772.9299926757812,772.77001953125,772.9201049804688,33122,0.0,0.0,0.0
2026-08-12 13:13:00-04:00,772.9212036132812,772.97998046875,772.905029296875,772.9600219726562,30528,0.0,0.0,0.0
2026-08-12 13:14:00-04:00,772.969970703125,773.0399780273438,772.9299926757812,773.030029296875,23780,0.0,0.0,0.0
2026-08-12 13:15:00-04:00,773.030029296875,773.030029296875,772.7000122070312,772.75,94479,0.0,0.0,0.0
2026-08-12 13:16:00-04:00,772.739990234375,772.77001953125,772.6599731445312,772.7150268554688,53267,0.0,0.0,0.0
2026-08-12 13:17:00-04:00,772.7249755859375,772.7597045898438,772.6699829101562,772.6900024414062,51791,0.0,0.0,0.0
2026-08-12 13:18:00-04:00,772.6950073242188,772.77001953125,772.6799926757812,772.72998046875,58313,0.0,0.0,0.0
2026-08-12 13:19:00-04:00,772.7349853515625,772.77001953125,772.6099853515625,772.77001953125,43080,0.0,0.0,0.0
2026-08-12 13:20:00-04:00,772.77001953125,772.8699951171875,772.760009765625,772.8099975585938,41062,0.0,0.0,0.0
2026-08-12 13:21:00-04:00,772.8200073242188,772.905029296875,772.72998046875,772.8319702148438,39238,0.0,0.0,0.0
2026-08-12 13:22:00-04:00,772.8499755859375,772.8599853515625,772.719970703125,772.72998046875,26094,0.0,0.0,0.0
2026-08-12 13:23:00-04:00,772.719970703125,772.7999877929688,772.6599731445312,772.719970703125,21023,0.0,0.0,0.0
2026-08-12 13:24:00-04:00,772.72998046875,772.8300170898438,772.7100219726562,772.7899780273438,25987,0.0,0.0,0.0
2026-08-12 13:25:00-04:00,772.780029296875,772.9199829101562,772.75,772.9199829101562,30193,0.0,0.0,0.0
2026-08-12 13:26:00-04:00,772.9199829101562,773.02001953125,772.9155883789062,773.02001953125,41535,0.0,0.0,0.0
2026-08-12 13:27:00-04:00,773.02001953125,773.0250244140625,772.9099731445312,772.9500122070312,53375,0.0,0.0,0.0
2026-08-12 13:28:00-04:00,772.9500122070312,772.9500122070312,772.8400268554688,772.875,26537,0.0,0.0,0.0
2026-08-12 13:29:00-04:00,772.8800048828125,772.9000244140625,772.72998046875,772.780029296875,23388,0.0,0.0,0.0
2026-08-12 13:30:00-04:00,772.8300170898438,772.8300170898438,772.7000122070312,772.7899780273438,30252,0.0,0.0,0.0
2026-08-12 13:31:00-04:00,772.7899780273438,772.8350219726562,772.7550048828125,772.77001953125,24727,0.0,0.0,0.0
2026-08-12 13:32:00-04:00,772.7750244140625,772.9099731445312,772.7750244140625,772.8599853515625,54688,0.0,0.0,0.0
2026-08-12 13:33:00-04:00,772.8699951171875,773.0,772.8499755859375,772.9199829101562,175461,0.0,0.0,0.0
2026-08-12 13:34:00-04:00,772.9099731445312,772.9299926757812,772.8300170898438,772.9000244140625,22559,0.0,0.0,0.0
2026-08-12 13:35:00-04:00,772.9000244140625,772.9000244140625,772.7899780273438,772.8200073242188,25282,0.0,0.0,0.0
2026-08-12 13:36:00-04:00,772.8200073242188,772.9400024414062,772.8090209960938,772.9349975585938,23591,0.0,0.0,0.0
2026-08-12 13:37:00-04:00,772.9312744140625,772.9500122070312,772.905029296875,772.9099731445312,33049,0.0,0.0,0.0
2026-08-12 13:38:00-04:00,772.9149780273438,772.9199829101562,772.8499755859375,772.8499755859375,35678,0.0,0.0,0.0
2026-08-12 13:39:00-04:00,772.85498046875,772.8800048828125,772.760009765625,772.864990234375,44072,0.0,0.0,0.0
2026-08-12 13:40:00-04:00,772.8599853515625,772.9400024414062,772.719970703125,772.9199829101562,55805,0.0,0.0,0.0
2026-08-12 13:41:00-04:00,772.919921875,772.9450073242188,772.864990234375,772.9400024414062,26244,0.0,0.0,0.0
2026-08-12 13:42:00-04:00,772.9450073242188,772.969970703125,772.9299926757812,772.9500122070312,26974,0.0,0.0,0.0
2026-08-12 13:43:00-04:00,772.9500122070312,772.969970703125,772.9299926757812,772.9400024414062,25746,0.0,0.0,0.0
2026-08-12 13:44:00-04:00,772.9400024414062,772.9500122070312,772.8200073242188,772.8800048828125,40461,0.0,0.0,0.0
2026-08-12 13:45:00-04:00,772.8599853515625,772.9000244140625,772.7999877929688,772.8099975585938,31903,0.0,0.0,0.0
2026-08-12 13:46:00-04:00,772.8200073242188,772.8900146484375,772.8049926757812,772.8699951171875,25850,0.0,0.0,0.0
2026-08-12 13:47:00-04:00,772.864990234375,772.9600219726562,772.8599853515625,772.9000244140625,30350,0.0,0.0,0.0
2026-08-12 13:48:00-04:00,772.89501953125,772.9199829101562,772.7899780273438,772.8150024414062,31618,0.0,0.0,0.0
2026-08-12 13:49:00-04:00,772.8150024414062,772.8800048828125,772.760009765625,772.7999877929688,25629,0.0,0.0,0.0
2026-08-12 13:50:00-04:00,772.7899780273438,772.9000244140625,772.739990234375,772.8900146484375,43053,0.0,0.0,0.0
2026-08-12 13:51:00-04:00,772.9000244140625,772.969970703125,772.8599853515625,772.9149780273438,52874,0.0,0.0,0.0
2026-08-12 13:52:00-04:00,772.9149780273438,772.9600219726562,772.8699951171875,772.9099731445312,23920,0.0,0.0,0.0
2026-08-12 13:53:00-04:00,772.905029296875,772.97998046875,772.8400268554688,772.8400268554688,35051,0.0,0.0,0.0
2026-08-12 13:54:00-04:00,772.8300170898438,772.8499755859375,772.72998046875,772.75,48221,0.0,0.0,0.0
2026-08-12 13:55:00-04:00,772.75,772.7899780273438,772.6414184570312,772.6950073242188,32857,0.0,0.0,0.0
2026-08-12 13:56:00-04:00,772.7100219726562,772.82470703125,772.7000122070312,772.7899780273438,30524,0.0,0.0,0.0
2026-08-12 13:57:00-04:00,772.8049926757812,772.8350219726562,772.7750244140625,772.8350219726562,17080,0.0,0.0,0.0
2026-08-12 13:58:00-04:00,772.8400268554688,772.8900146484375,772.7899780273438,772.875,23604,0.0,0.0,0.0
2026-08-12 13:59:00-04:00,772.8699951171875,772.89501953125,772.8101196289062,772.8101196289062,30314,0.0,0.0,0.0
2026-08-12 14:00:00-04:00,772.8099975585938,772.9400024414062,772.7999877929688,772.8099975585938,46336,0.0,0.0,0.0
2026-08-12 14:01:00-04:00,772.7999877929688,772.8900146484375,772.780029296875,772.8699951171875,52907,0.0,0.0,0.0
2026-08-12 14:02:00-04:00,772.8599853515625,772.9000244140625,772.8200073242188,772.8599853515625,36175,0.0,0.0,0.0
2026-08-12 14:03:00-04:00,772.8599853515625,772.9400024414062,772.8499755859375,772.8900146484375,23881,0.0,0.0,0.0
2026-08-12 14:04:00-04:00,772.9000244140625,772.9600219726562,772.8599853515625,772.9099731445312,36242,0.0,0.0,0.0
2026-08-12 14:05:00-04:00,772.8900146484375,772.97998046875,772.8200073242188,772.9349975585938,36760,0.0,0.0,0.0
2026-08-12 14:06:00-04:00,772.9500122070312,772.9600219726562,772.8300170898438,772.8599853515625,25331,0.0,0.0,0.0
2026-08-12 14:07:00-04:00,772.8499755859375,772.8800048828125,772.8099975585938,772.864990234375,25611,0.0,0.0,0.0
2026-08-12 14:08:00-04:00,772.8800048828125,772.9400024414062,772.8300170898438,772.8599853515625,47130,0.0,0.0,0.0
2026-08-12 14:09:00-04:00,772.8499755859375,772.8900146484375,772.8300170898438,772.8900146484375,19354,0.0,0.0,0.0
2026-08-12 14:10:00-04:00,772.8887329101562,772.97998046875,772.8887329101562,772.9099731445312,37231,0.0,0.0,0.0
2026-08-12 14:11:00-04:00,772.9400024414062,773.1900024414062,772.9099731445312,773.1749877929688,47245,0.0,0.0,0.0
2026-08-12 14:12:00-04:00,773.1599731445312,773.2100219726562,773.0999755859375,773.1300048828125,43034,0.0,0.0,0.0
2026-08-12 14:13:00-04:00,773.1400146484375,773.1799926757812,773.1199951171875,773.1699829101562,64517,0.0,0.0,0.0
2026-08-12 14:14:00-04:00,773.1749877929688,773.1749877929688,773.1099853515625,773.1099853515625,27949,0.0,0.0,0.0
2026-08-12 14:15:00-04:00,773.1099853515625,773.125,773.0399780273438,773.1199951171875,33258,0.0,0.0,0.0
2026-08-12 14:16:00-04:00,773.1099853515625,773.1300048828125,773.0700073242188,773.0999755859375,32050,0.0,0.0,0.0
2026-08-12 14:17:00-04:00,773.0800170898438,773.0900268554688,772.989990234375,772.989990234375,59029,0.0,0.0,0.0
2026-08-12 14:18:00-04:00,772.9996948242188,773.0349731445312,772.97998046875,773.0349731445312,41218,0.0,0.0,0.0
2026-08-12 14:19:00-04:00,773.030029296875,773.1300048828125,773.030029296875,773.1300048828125,157568,0.0,0.0,0.0
2026-08-12 14:20:00-04:00,773.1199951171875,773.1599731445312,772.9600219726562,773.010009765625,56826,0.0,0.0,0.0
2026-08-12 14:21:00-04:00,773.02001953125,773.1500244140625,772.9849853515625,773.1400146484375,33075,0.0,0.0,0.0
2026-08-12 14:22:00-04:00,773.1400146484375,773.1500244140625,773.0700073242188,773.1099853515625,31590,0.0,0.0,0.0
2026-08-12 14:23:00-04:00,773.10498046875,773.1300048828125,773.0599975585938,773.1300048828125,32590,0.0,0.0,0.0
2026-08-12 14:24:00-04:00,773.1300048828125,773.22998046875,773.0800170898438,773.2249755859375,54041,0.0,0.0,0.0
2026-08-12 14:25:00-04:00,773.22998046875,773.3099975585938,773.1599731445312,773.1699829101562,44362,0.0,0.0,0.0
2026-08-12 14:26:00-04:00,773.1799926757812,773.2150268554688,773.1199951171875,773.2000122070312,29424,0.0,0.0,0.0
2026-08-12 14:27:00-04:00,773.1900024414062,773.22998046875,773.1500244140625,773.2000122070312,44640,0.0,0.0,0.0
2026-08-12 14:28:00-04:00,773.1799926757812,773.1799926757812,773.0999755859375,773.1500244140625,40095,0.0,0.0,0.0
2026-08-12 14:29:00-04:00,773.1699829101562,773.2000122070312,773.0700073242188,773.0900268554688,30809,0.0,0.0,0.0
2026-08-12 14:30:00-04:00,773.0900268554688,773.22998046875,773.0900268554688,773.219970703125,33807,0.0,0.0,0.0
2026-08-12 14:31:00-04:00,773.219970703125,773.3300170898438,773.1599731445312,773.3200073242188,39749,0.0,0.0,0.0
2026-08-12 14:32:00-04:00,773.3200073242188,773.4299926757812,773.3099975585938,773.4199829101562,41629,0.0,0.0,0.0
2026-08-12 14:33:00-04:00,773.4199829101562,773.468994140625,773.3699951171875,773.3900146484375,40677,0.0,0.0,0.0
2026-08-12 14:34:00-04:00,773.39501953125,773.4099731445312,773.3099975585938,773.344970703125,42907,0.0,0.0,0.0
2026-08-12 14:35:00-04:00,773.3300170898438,773.4199829101562,773.3300170898438,773.4199829101562,32213,0.0,0.0,0.0
2026-08-12 14:36:00-04:00,773.4199829101562,773.489990234375,773.4099731445312,773.4600219726562,51527,0.0,0.0,0.0
2026-08-12 14:37:00-04:00,773.4600219726562,773.469970703125,773.4199829101562,773.4199829101562,42132,0.0,0.0,0.0
2026-08-12 14:38:00-04:00,773.4199829101562,773.47998046875,773.3900146484375,773.4500122070312,59172,0.0,0.0,0.0
2026-08-12 14:39:00-04:00,773.4500122070312,773.4600219726562,773.3900146484375,773.4249877929688,28036,0.0,0.0,0.0
2026-08-12 14:40:00-04:00,773.4199829101562,773.5499877929688,773.4199829101562,773.5399780273438,53792,0.0,0.0,0.0
2026-08-12 14:41:00-04:00,773.5449829101562,773.6199951171875,773.5449829101562,773.594970703125,55384,0.0,0.0,0.0
2026-08-12 14:42:00-04:00,773.5999755859375,773.6300048828125,773.5399780273438,773.5599975585938,40604,0.0,0.0,0.0
2026-08-12 14:43:00-04:00,773.5599975585938,773.60498046875,773.5449829101562,773.5700073242188,46487,0.0,0.0,0.0
2026-08-12 14:44:00-04:00,773.5499877929688,773.5689697265625,773.510009765625,773.510009765625,26274,0.0,0.0,0.0
2026-08-12 14:45:00-04:00,773.5150146484375,773.530029296875,773.4099731445312,773.4249877929688,71072,0.0,0.0,0.0
2026-08-12 14:46:00-04:00,773.4299926757812,773.52001953125,773.4199829101562,773.5198974609375,41268,0.0,0.0,0.0
2026-08-12 14:47:00-04:00,773.5,773.52001953125,773.3800048828125,773.47998046875,37492,0.0,0.0,0.0
2026-08-12 14:48:00-04:00,773.47998046875,773.5399780273438,773.4600219726562,773.5399780273438,70376,0.0,0.0,0.0
2026-08-12 14:49:00-04:00,773.5399780273438,773.5499877929688,773.4849853515625,773.5250244140625,27918,0.0,0.0,0.0
2026-08-12 14:50:00-04:00,773.530029296875,773.5900268554688,773.5150146484375,773.5399780273438,48777,0.0,0.0,0.0
2026-08-12 14:51:00-04:00,773.5399780273438,773.5900268554688,773.530029296875,773.5850219726562,27359,0.0,0.0,0.0
2026-08-12 14:52:00-04:00,773.5800170898438,773.6300048828125,773.530029296875,773.5349731445312,37671,0.0,0.0,0.0
2026-08-12 14:53:00-04:00,773.530029296875,773.5399780273438,773.47998046875,773.47998046875,38798,0.0,0.0,0.0
2026-08-12 14:54:00-04:00,773.47998046875,773.4949951171875,773.4400024414062,773.4400024414062,45467,0.0,0.0,0.0
2026-08-12 14:55:00-04:00,773.4500122070312,773.4500122070312,773.3200073242188,773.3300170898438,83606,0.0,0.0,0.0
2026-08-12 14:56:00-04:00,773.3350219726562,773.3800048828125,773.280029296875,773.2899780273438,33317,0.0,0.0,0.0
2026-08-12 14:57:00-04:00,773.280029296875,773.3099975585938,773.0499877929688,773.078125,70854,0.0,0.0,0.0
2026-08-12 14:58:00-04:00,773.0800170898438,773.1900024414062,773.0700073242188,773.114990234375,56533,0.0,0.0,0.0
2026-08-12 14:59:00-04:00,773.1300048828125,773.1900024414062,773.0399780273438,773.0599975585938,55070,0.0,0.0,0.0
2026-08-12 15:00:00-04:00,773.0349731445312,773.2999877929688,773.02001953125,773.2999877929688,83866,0.0,0.0,0.0
2026-08-12 15:01:00-04:00,773.2999877929688,773.3250122070312,773.219970703125,773.2905883789062,33085,0.0,0.0,0.0
2026-08-12 15:02:00-04:00,773.2999877929688,773.2999877929688,773.2100219726562,773.280029296875,40742,0.0,0.0,0.0
2026-08-12 15:03:00-04:00,773.2750244140625,773.3049926757812,773.22998046875,773.25,38392,0.0,0.0,0.0
2026-08-12 15:04:00-04:00,773.2550048828125,773.2899780273438,773.2449951171875,773.2503051757812,26351,0.0,0.0,0.0
2026-08-12 15:05:00-04:00,773.2559814453125,773.3400268554688,773.239990234375,773.3400268554688,33580,0.0,0.0,0.0
2026-08-12 15:06:00-04:00,773.3499755859375,773.3699951171875,773.3099975585938,773.3300170898438,44395,0.0,0.0,0.0
2026-08-12 15:07:00-04:00,773.3200073242188,773.3800048828125,773.2999877929688,773.2999877929688,159828,0.0,0.0,0.0
2026-08-12 15:08:00-04:00,773.2899780273438,773.3300170898438,773.2100219726562,773.2849731445312,68014,0.0,0.0,0.0
2026-08-12 15:09:00-04:00,773.280029296875,773.3099975585938,773.2100219726562,773.22998046875,184211,0.0,0.0,0.0
2026-08-12 15:10:00-04:00,773.22998046875,773.280029296875,773.1500244140625,773.155029296875,40099,0.0,0.0,0.0
2026-08-12 15:11:00-04:00,773.1400146484375,773.239990234375,773.0900268554688,773.1300048828125,42285,0.0,0.0,0.0
2026-08-12 15:12:00-04:00,773.1300048828125,773.1500244140625,773.0598754882812,773.1199951171875,44039,0.0,0.0,0.0
2026-08-12 15:13:00-04:00,773.1199951171875,773.1998901367188,773.094970703125,773.1599731445312,27213,0.0,0.0,0.0
2026-08-12 15:14:00-04:00,773.1699829101562,773.1699829101562,773.0,773.0700073242188,50509,0.0,0.0,0.0
2026-08-12 15:15:00-04:00,773.0700073242188,773.155029296875,773.0549926757812,773.0599975585938,33265,0.0,0.0,0.0
2026-08-12 15:16:00-04:00,773.0700073242188,773.1749877929688,773.0700073242188,773.1699829101562,239174,0.0,0.0,0.0
2026-08-12 15:17:00-04:00,773.1699829101562,773.219970703125,773.1400146484375,773.1599731445312,38146,0.0,0.0,0.0
2026-08-12 15:18:00-04:00,773.1599731445312,773.2000122070312,773.1500244140625,773.1649780273438,41673,0.0,0.0,0.0
2026-08-12 15:19:00-04:00,773.1649780273438,773.1649780273438,773.0800170898438,773.14501953125,47921,0.0,0.0,0.0
2026-08-12 15:20:00-04:00,773.1400146484375,773.1599731445312,772.9600219726562,772.9749755859375,47225,0.0,0.0,0.0
2026-08-12 15:21:00-04:00,772.97998046875,772.989990234375,772.7999877929688,772.8599853515625,75040,0.0,0.0,0.0
2026-08-12 15:22:00-04:00,772.844970703125,772.9400024414062,772.844970703125,772.9299926757812,44157,0.0,0.0,0.0
2026-08-12 15:23:00-04:00,772.9099731445312,772.9099731445312,772.8400268554688,772.906982421875,51390,0.0,0.0,0.0
2026-08-12 15:24:00-04:00,772.9099731445312,772.9600219726562,772.8699951171875,772.8699951171875,39181,0.0,0.0,0.0
2026-08-12 15:25:00-04:00,772.8699951171875,772.9650268554688,772.844970703125,772.9400024414062,27930,0.0,0.0,0.0
2026-08-12 15:26:00-04:00,772.9299926757812,772.989990234375,772.9099731445312,772.9500122070312,41064,0.0,0.0,0.0
2026-08-12 15:27:00-04:00,772.9600219726562,772.97998046875,772.8400268554688,772.8400268554688,160443,0.0,0.0,0.0
2026-08-12 15:28:00-04:00,772.8400268554688,772.8800048828125,772.8099975585938,772.8699951171875,65385,0.0,0.0,0.0
2026-08-12 15:29:00-04:00,772.8800048828125,772.97998046875,772.8499755859375,772.97998046875,43735,0.0,0.0,0.0
2026-08-12 15:30:00-04:00,772.97998046875,772.989990234375,772.8099975585938,772.9000244140625,75473,0.0,0.0,0.0
2026-08-12 15:31:00-04:00,772.9000244140625,772.989990234375,772.8800048828125,772.969970703125,55219,0.0,0.0,0.0
2026-08-12 15:32:00-04:00,772.97998046875,773.02001953125,772.9299926757812,772.9600219726562,65851,0.0,0.0,0.0
2026-08-12 15:33:00-04:00,772.969970703125,772.9799194335938,772.7999877929688,772.8200073242188,76863,0.0,0.0,0.0
2026-08-12 15:34:00-04:00,772.8099975585938,772.9000244140625,772.7999877929688,772.8800048828125,48851,0.0,0.0,0.0
2026-08-12 15:35:00-04:00,772.8699951171875,772.9500122070312,772.8599853515625,772.9099731445312,83410,0.0,0.0,0.0
2026-08-12 15:36:00-04:00,772.9099731445312,772.97998046875,772.9000244140625,772.9500122070312,105103,0.0,0.0,0.0
2026-08-12 15:37:00-04:00,772.9500122070312,772.969970703125,772.8800048828125,772.9000244140625,72764,0.0,0.0,0.0
2026-08-12 15:38:00-04:00,772.9000244140625,773.0,772.8800048828125,772.9650268554688,54448,0.0,0.0,0.0
2026-08-12 15:39:00-04:00,772.9650268554688,772.97998046875,772.8400268554688,772.8900146484375,53382,0.0,0.0,0.0
2026-08-12 15:40:00-04:00,772.8800048828125,772.9099731445312,772.719970703125,772.8300170898438,62961,0.0,0.0,0.0
2026-08-12 15:41:00-04:00,772.844970703125,772.8499145507812,772.7100219726562,772.719970703125,43940,0.0,0.0,0.0
2026-08-12 15:42:00-04:00,772.7249755859375,772.760009765625,772.57373046875,772.5999755859375,67771,0.0,0.0,0.0
2026-08-12 15:43:00-04:00,772.6099853515625,772.739990234375,772.5599975585938,772.719970703125,76091,0.0,0.0,0.0
2026-08-12 15:44:00-04:00,772.7249755859375,772.864990234375,772.7249755859375,772.864990234375,50703,0.0,0.0,0.0
2026-08-12 15:45:00-04:00,772.8599853515625,772.97998046875,772.760009765625,772.7750854492188,95998,0.0,0.0,0.0
2026-08-12 15:46:00-04:00,772.780029296875,772.7899780273438,772.7000122070312,772.739990234375,77897,0.0,0.0,0.0
2026-08-12 15:47:00-04:00,772.739990234375,772.9299926757812,772.72998046875,772.9199829101562,84879,0.0,0.0,0.0
2026-08-12 15:48:00-04:00,772.9000244140625,773.0,772.843994140625,772.9849853515625,99656,0.0,0.0,0.0
2026-08-12 15:49:00-04:00,772.989990234375,773.0,772.8699951171875,772.8800048828125,94272,0.0,0.0,0.0
2026-08-12 15:50:00-04:00,772.8800048828125,772.9000244140625,772.5,772.5,216787,0.0,0.0,0.0
2026-08-12 15:51:00-04:00,772.489990234375,772.52001953125,772.3200073242188,772.3699951171875,144245,0.0,0.0,0.0
2026-08-12 15:52:00-04:00,772.3699951171875,772.469970703125,772.3499755859375,772.409912109375,121209,0.0,0.0,0.0
2026-08-12 15:53:00-04:00,772.4099731445312,772.4500122070312,772.3300170898438,772.4199829101562,122574,0.0,0.0,0.0
2026-08-12 15:54:00-04:00,772.4199829101562,772.5,772.1699829101562,772.239990234375,233197,0.0,0.0,0.0
2026-08-12 15:55:00-04:00,772.260009765625,772.3200073242188,772.0,772.0700073242188,216938,0.0,0.0,0.0
2026-08-12 15:56:00-04:00,772.0800170898438,772.280029296875,772.02001953125,772.280029296875,188041,0.0,0.0,0.0
2026-08-12 15:57:00-04:00,772.25,772.2899780273438,772.0900268554688,772.25,225573,0.0,0.0,0.0
2026-08-12 15:58:00-04:00,772.260009765625,772.4199829101562,772.22998046875,772.4000854492188,350687,0.0,0.0,0.0
2026-08-12 15:59:00-04:00,772.4000244140625,772.719970703125,772.2999877929688,772.52001953125,549542,0.0,0.0,0.0
2026-08-13 09:30:00-04:00,774.8699951171875,774.9500122070312,774.1199951171875,774.3499755859375,984697,0.0,0.0,0.0
2026-08-13 09:31:00-04:00,774.3300170898438,774.72998046875,774.2750244140625,774.47998046875,97893,0.0,0.0,0.0
2026-08-13 09:32:00-04:00,774.4600219726562,774.760009765625,774.4293823242188,774.7100219726562,59327,0.0,0.0,0.0
2026-08-13 09:33:00-04:00,774.6699829101562,775.0900268554688,774.6699829101562,774.9949951171875,114885,0.0,0.0,0.0
2026-08-13 09:34:00-04:00,775.0,775.489990234375,774.97998046875,775.3807983398438,119302,0.0,0.0,0.0
2026-08-13 09:35:00-04:00,775.3900146484375,775.7999877929688,775.3599853515625,775.7119750976562,177701,0.0,0.0,0.0
2026-08-13 09:36:00-04:00,775.719970703125,776.0999755859375,775.719970703125,776.0999755859375,153362,0.0,0.0,0.0
2026-08-13 09:37:00-04:00,776.0850219726562,776.219970703125,776.0499877929688,776.1749877929688,116061,0.0,0.0,0.0
2026-08-13 09:38:00-04:00,776.1799926757812,776.2100219726562,776.0399780273438,776.1500854492188,124135,0.0,0.0,0.0
2026-08-13 09:39:00-04:00,776.14501953125,776.469970703125,776.0999755859375,776.4400024414062,138664,0.0,0.0,0.0
2026-08-13 09:40:00-04:00,776.4400024414062,776.4400024414062,776.22998046875,776.2449951171875,101404,0.0,0.0,0.0
2026-08-13 09:41:00-04:00,776.239990234375,776.389892578125,776.1099853515625,776.1099853515625,110375,0.0,0.0,0.0
2026-08-13 09:42:00-04:00,776.114990234375,776.2000122070312,776.0700073242188,776.1300048828125,61847,0.0,0.0,0.0
2026-08-13 09:43:00-04:00,776.1300048828125,776.1599731445312,775.739990234375,775.739990234375,103297,0.0,0.0,0.0
2026-08-13 09:44:00-04:00,775.75,775.8300170898438,775.5499877929688,775.7100219726562,101622,0.0,0.0,0.0
2026-08-13 09:45:00-04:00,775.719970703125,776.280029296875,775.6199951171875,776.2205810546875,107080,0.0,0.0,0.0
2026-08-13 09:46:00-04:00,776.219970703125,776.6400146484375,776.219970703125,776.6199951171875,190963,0.0,0.0,0.0
2026-08-13 09:47:00-04:00,776.5999755859375,776.8599853515625,776.52001953125,776.8400268554688,74152,0.0,0.0,0.0
2026-08-13 09:48:00-04:00,776.8300170898438,776.9603271484375,776.77001953125,776.780029296875,83243,0.0,0.0,0.0
2026-08-13 09:49:00-04:00,776.780029296875,776.9500122070312,776.72998046875,776.8400268554688,104791,0.0,0.0,0.0
2026-08-13 09:50:00-04:00,776.8400268554688,776.9500122070312,776.6699829101562,776.875,178157,0.0,0.0,0.0
2026-08-13 09:51:00-04:00,776.8599853515625,777.030029296875,776.7899780273438,777.02001953125,135419,0.0,0.0,0.0
2026-08-13 09:52:00-04:00,777.0289916992188,777.0499877929688,776.77001953125,776.9749755859375,76880,0.0,0.0,0.0
2026-08-13 09:53:00-04:00,776.9600219726562,776.969970703125,776.8499755859375,776.8900146484375,54021,0.0,0.0,0.0
2026-08-13 09:54:00-04:00,776.885009765625,777.1699829101562,776.8599853515625,777.1500244140625,72352,0.0,0.0,0.0
2026-08-13 09:55:00-04:00,777.135009765625,777.135009765625,776.9299926757812,777.02001953125,121230,0.0,0.0,0.0
2026-08-13 09:56:00-04:00,777.010009765625,777.3699951171875,776.9299926757812,777.344970703125,157055,0.0,0.0,0.0
2026-08-13 09:57:00-04:00,777.3499755859375,777.4500122070312,777.3099975585938,777.4000244140625,82469,0.0,0.0,0.0
2026-08-13 09:58:00-04:00,777.4000244140625,777.6900024414062,777.3599853515625,777.6500244140625,78769,0.0,0.0,0.0
2026-08-13 09:59:00-04:00,777.6400146484375,777.6699829101562,777.5599975585938,777.6099853515625,78672,0.0,0.0,0.0
2026-08-13 10:00:00-04:00,777.5999755859375,777.989990234375,777.52001953125,777.969970703125,147686,0.0,0.0,0.0
2026-08-13 10:01:00-04:00,777.9400024414062,778.010009765625,777.8499755859375,777.9901123046875,73349,0.0,0.0,0.0
2026-08-13 10:02:00-04:00,777.989990234375,778.25,777.989990234375,778.25,102008,0.0,0.0,0.0
2026-08-13 10:03:00-04:00,778.25,778.25,777.9600219726562,778.0250244140625,116557,0.0,0.0,0.0
2026-08-13 10:04:00-04:00,778.02001953125,778.25,777.9650268554688,778.2249755859375,89456,0.0,0.0,0.0
2026-08-13 10:05:00-04:00,778.2249755859375,778.3900146484375,778.1900024414062,778.2261962890625,133830,0.0,0.0,0.0
2026-08-13 10:06:00-04:00,778.219970703125,778.22998046875,778.0501098632812,778.1199951171875,77655,0.0,0.0,0.0
2026-08-13 10:07:00-04:00,778.1199951171875,778.1799926757812,777.9299926757812,778.0700073242188,87238,0.0,0.0,0.0
2026-08-13 10:08:00-04:00,778.0700073242188,778.0999755859375,777.9299926757812,778.0700073242188,77269,0.0,0.0,0.0
2026-08-13 10:09:00-04:00,778.0800170898438,778.219970703125,778.0750122070312,778.1400146484375,72947,0.0,0.0,0.0
2026-08-13 10:10:00-04:00,778.1500244140625,778.2100219726562,778.1300048828125,778.1900024414062,38779,0.0,0.0,0.0
2026-08-13 10:11:00-04:00,778.1799926757812,778.5,778.1500244140625,778.4600219726562,82854,0.0,0.0,0.0
2026-08-13 10:12:00-04:00,778.469970703125,778.5499877929688,778.385009765625,778.469970703125,109915,0.0,0.0,0.0
2026-08-13 10:13:00-04:00,778.469970703125,778.5399780273438,778.4000244140625,778.4614868164062,64556,0.0,0.0,0.0
2026-08-13 10:14:00-04:00,778.4650268554688,778.5250244140625,778.3699951171875,778.510009765625,57207,0.0,0.0,0.0
2026-08-13 10:15:00-04:00,778.5250244140625,778.5549926757812,778.385009765625,778.4450073242188,76263,0.0,0.0,0.0
2026-08-13 10:16:00-04:00,778.4400024414062,778.4500122070312,778.219970703125,778.25,96479,0.0,0.0,0.0
2026-08-13 10:17:00-04:00,778.2550048828125,778.3499755859375,778.023193359375,778.3499755859375,75666,0.0,0.0,0.0
2026-08-13 10:18:00-04:00,778.35498046875,778.5900268554688,778.3223876953125,778.5800170898438,43651,0.0,0.0,0.0
2026-08-13 10:19:00-04:00,778.5800170898438,778.6599731445312,778.4702758789062,778.530029296875,56166,0.0,0.0,0.0
2026-08-13 10:20:00-04:00,778.5399780273438,778.5549926757812,778.3900146484375,778.5499877929688,51772,0.0,0.0,0.0
2026-08-13 10:21:00-04:00,778.5700073242188,778.8599853515625,778.5300903320312,778.830078125,64933,0.0,0.0,0.0
2026-08-13 10:22:00-04:00,778.8350219726562,778.989990234375,778.7999877929688,778.9500122070312,65095,0.0,0.0,0.0
2026-08-13 10:23:00-04:00,778.9600219726562,779.2100219726562,778.9500122070312,779.0999755859375,209786,0.0,0.0,0.0
2026-08-13 10:24:00-04:00,779.0999755859375,779.1699829101562,779.0050048828125,779.0294799804688,62293,0.0,0.0,0.0
2026-08-13 10:25:00-04:00,779.030029296875,779.1300048828125,778.9400024414062,779.1199951171875,47491,0.0,0.0,0.0
2026-08-13 10:26:00-04:00,779.1389770507812,779.1400146484375,778.9600219726562,779.0399780273438,40636,0.0,0.0,0.0
2026-08-13 10:27:00-04:00,779.0449829101562,779.1400146484375,778.9099731445312,779.030029296875,47288,0.0,0.0,0.0
2026-08-13 10:28:00-04:00,779.010009765625,779.25,779.010009765625,779.2200927734375,49634,0.0,0.0,0.0
2026-08-13 10:29:00-04:00,779.2249755859375,779.239990234375,779.1400146484375,779.1900024414062,86682,0.0,0.0,0.0
2026-08-13 10:30:00-04:00,779.1900024414062,779.2100219726562,778.97998046875,778.989990234375,92952,0.0,0.0,0.0
2026-08-13 10:31:00-04:00,778.97998046875,779.239990234375,778.97998046875,779.22998046875,73406,0.0,0.0,0.0
2026-08-13 10:32:00-04:00,779.25,779.3699951171875,779.219970703125,779.2849731445312,114530,0.0,0.0,0.0
2026-08-13 10:33:00-04:00,779.2899780273438,779.2899780273438,779.030029296875,779.10498046875,115147,0.0,0.0,0.0
2026-08-13 10:34:00-04:00,779.0900268554688,779.25,779.0900268554688,779.219970703125,68827,0.0,0.0,0.0
2026-08-13 10:35:00-04:00,779.219970703125,779.3699951171875,779.135009765625,779.3099975585938,89580,0.0,0.0,0.0
2026-08-13 10:36:00-04:00,779.3049926757812,779.3098754882812,779.2150268554688,779.260009765625,78895,0.0,0.0,0.0
2026-08-13 10:37:00-04:00,779.2449951171875,779.25,779.0800170898438,779.1199951171875,48890,0.0,0.0,0.0
2026-08-13 10:38:00-04:00,779.0999755859375,779.1099853515625,778.8200073242188,778.9099731445312,77657,0.0,0.0,0.0
2026-08-13 10:39:00-04:00,778.9199829101562,779.1300048828125,778.75,779.0650024414062,121696,0.0,0.0,0.0
2026-08-13 10:40:00-04:00,779.0650024414062,779.1099853515625,778.969970703125,779.0399780273438,87789,0.0,0.0,0.0
2026-08-13 10:41:00-04:00,779.0250244140625,779.030029296875,778.7899780273438,778.7899780273438,40213,0.0,0.0,0.0
2026-08-13 10:42:00-04:00,778.7949829101562,778.8499755859375,778.7100219726562,778.8200073242188,135577,0.0,0.0,0.0
2026-08-13 10:43:00-04:00,778.8200073242188,778.8499755859375,778.5800170898438,778.6849975585938,91041,0.0,0.0,0.0
2026-08-13 10:44:00-04:00,778.719970703125,778.77001953125,778.5695190429688,778.5695190429688,36871,0.0,0.0,0.0
2026-08-13 10:45:00-04:00,778.5399780273438,778.5499877929688,778.1849975585938,778.1849975585938,54072,0.0,0.0,0.0
2026-08-13 10:46:00-04:00,778.1849975585938,778.3897094726562,778.1099853515625,778.3300170898438,108773,0.0,0.0,0.0
2026-08-13 10:47:00-04:00,778.3400268554688,778.3900146484375,778.0999755859375,778.1500244140625,57208,0.0,0.0,0.0
2026-08-13 10:48:00-04:00,778.1500244140625,778.2000122070312,777.8400268554688,777.905029296875,100305,0.0,0.0,0.0
2026-08-13 10:49:00-04:00,777.9000244140625,777.905029296875,777.530029296875,777.6799926757812,169581,0.0,0.0,0.0
2026-08-13 10:50:00-04:00,777.6900024414062,777.9349975585938,777.5700073242188,777.5989990234375,145464,0.0,0.0,0.0
2026-08-13 10:51:00-04:00,777.5999755859375,777.8800048828125,777.5900268554688,777.8200073242188,78141,0.0,0.0,0.0
2026-08-13 10:52:00-04:00,777.8099975585938,777.8800048828125,777.6500244140625,777.7899780273438,55619,0.0,0.0,0.0
2026-08-13 10:53:00-04:00,777.8099975585938,777.8099975585938,777.5999755859375,777.72998046875,297179,0.0,0.0,0.0
2026-08-13 10:54:00-04:00,777.7349853515625,777.8400268554688,777.6403198242188,777.8400268554688,51896,0.0,0.0,0.0
2026-08-13 10:55:00-04:00,777.8400268554688,777.8400268554688,777.3800048828125,777.4299926757812,64415,0.0,0.0,0.0
2026-08-13 10:56:00-04:00,777.4600219726562,777.6699829101562,777.4199829101562,777.5800170898438,50530,0.0,0.0,0.0
2026-08-13 10:57:00-04:00,777.5700073242188,777.8300170898438,777.5700073242188,777.8099975585938,44429,0.0,0.0,0.0
2026-08-13 10:58:00-04:00,777.8099975585938,777.969970703125,777.75,777.9509887695312,76105,0.0,0.0,0.0
2026-08-13 10:59:00-04:00,777.958984375,777.958984375,777.719970703125,777.760009765625,63722,0.0,0.0,0.0
2026-08-13 11:00:00-04:00,777.77001953125,778.1900024414062,777.7000122070312,778.135009765625,76121,0.0,0.0,0.0
2026-08-13 11:01:00-04:00,778.1300048828125,778.2000122070312,778.0900268554688,778.1599731445312,44559,0.0,0.0,0.0
2026-08-13 11:02:00-04:00,778.1699829101562,778.22998046875,777.8400268554688,777.8757934570312,57797,0.0,0.0,0.0
2026-08-13 11:03:00-04:00,777.864990234375,777.89501953125,777.510009765625,777.5399780273438,57428,0.0,0.0,0.0
2026-08-13 11:04:00-04:00,777.5399780273438,777.569091796875,777.3200073242188,777.3800048828125,56960,0.0,0.0,0.0
2026-08-13 11:05:00-04:00,777.3699951171875,777.60498046875,777.364990234375,777.60498046875,62254,0.0,0.0,0.0
2026-08-13 11:06:00-04:00,777.594970703125,777.594970703125,777.2899780273438,777.3300170898438,64483,0.0,0.0,0.0
2026-08-13 11:07:00-04:00,777.3350219726562,777.4099731445312,777.0900268554688,777.0900268554688,90797,0.0,0.0,0.0
2026-08-13 11:08:00-04:00,777.094970703125,777.219970703125,776.9650268554688,777.010009765625,80452,0.0,0.0,0.0
2026-08-13 11:09:00-04:00,777.010009765625,777.25,776.989990234375,777.2349853515625,66467,0.0,0.0,0.0
2026-08-13 11:10:00-04:00,777.239990234375,777.3699951171875,777.125,777.25,145558,0.0,0.0,0.0
2026-08-13 11:11:00-04:00,777.239990234375,777.3250122070312,777.1900024414062,777.239990234375,78401,0.0,0.0,0.0
2026-08-13 11:12:00-04:00,777.239990234375,777.3200073242188,777.030029296875,777.030029296875,48834,0.0,0.0,0.0
2026-08-13 11:13:00-04:00,777.030029296875,777.2000122070312,777.02001953125,777.1849975585938,70527,0.0,0.0,0.0
2026-08-13 11:14:00-04:00,777.1900024414062,777.219970703125,777.0501098632812,777.1199951171875,35956,0.0,0.0,0.0
2026-08-13 11:15:00-04:00,777.125,777.1729125976562,777.0250244140625,777.1199951171875,40894,0.0,0.0,0.0
2026-08-13 11:16:00-04:00,777.1400146484375,777.1400146484375,777.0,777.0499877929688,40792,0.0,0.0,0.0
2026-08-13 11:17:00-04:00,777.0399780273438,777.25,777.0,777.0399780273438,37859,0.0,0.0,0.0
2026-08-13 11:18:00-04:00,777.0499877929688,777.0549926757812,776.7213134765625,776.8200073242188,107789,0.0,0.0,0.0
2026-08-13 11:19:00-04:00,776.83837890625,777.1749877929688,776.7999877929688,777.1749877929688,42360,0.0,0.0,0.0
2026-08-13 11:20:00-04:00,777.1500244140625,777.22998046875,777.0900268554688,777.1790161132812,55265,0.0,0.0,0.0
2026-08-13 11:21:00-04:00,777.1500244140625,777.260009765625,777.030029296875,777.1500244140625,48786,0.0,0.0,0.0
2026-08-13 11:22:00-04:00,777.1749877929688,777.1921997070312,776.875,776.989990234375,65162,0.0,0.0,0.0
2026-08-13 11:23:00-04:00,776.97998046875,776.97998046875,776.8250122070312,776.97998046875,62143,0.0,0.0,0.0
2026-08-13 11:24:00-04:00,776.97998046875,777.0050048828125,776.9000244140625,776.9149780273438,79793,0.0,0.0,0.0
2026-08-13 11:25:00-04:00,776.9199829101562,776.9299926757812,776.6099853515625,776.610107421875,104609,0.0,0.0,0.0
2026-08-13 11:26:00-04:00,776.6162719726562,776.7249755859375,776.5150146484375,776.7050170898438,93700,0.0,0.0,0.0
2026-08-13 11:27:00-04:00,776.7000122070312,776.7899780273438,776.219970703125,776.4650268554688,331679,0.0,0.0,0.0
2026-08-13 11:28:00-04:00,776.4600219726562,776.4998779296875,775.9199829101562,775.969970703125,154329,0.0,0.0,0.0
2026-08-13 11:29:00-04:00,775.9749755859375,776.260009765625,775.9450073242188,776.1699829101562,99397,0.0,0.0,0.0
2026-08-13 11:30:00-04:00,776.1799926757812,776.2899780273438,776.02001953125,776.125,83072,0.0,0.0,0.0
2026-08-13 11:31:00-04:00,776.1300048828125,776.3099975585938,776.10498046875,776.1099853515625,73152,0.0,0.0,0.0
2026-08-13 11:32:00-04:00,776.1300048828125,776.219970703125,776.0449829101562,776.0449829101562,67429,0.0,0.0,0.0
2026-08-13 11:33:00-04:00,776.0499877929688,776.1600952148438,775.97998046875,775.989990234375,63606,0.0,0.0,0.0
2026-08-13 11:34:00-04:00,775.989990234375,776.0900268554688,775.7100219726562,775.72998046875,77633,0.0,0.0,0.0
2026-08-13 11:35:00-04:00,775.739990234375,776.1500244140625,775.7349853515625,776.0399780273438,131011,0.0,0.0,0.0
2026-08-13 11:36:00-04:00,776.0399780273438,776.0399780273438,775.7849731445312,775.9799194335938,98255,0.0,0.0,0.0
2026-08-13 11:37:00-04:00,775.9749755859375,775.97998046875,775.760009765625,775.8400268554688,77671,0.0,0.0,0.0
2026-08-13 11:38:00-04:00,775.8250122070312,775.8400268554688,775.5800170898438,775.7999877929688,153133,0.0,0.0,0.0
2026-08-13 11:39:00-04:00,775.7999877929688,776.0,775.7050170898438,775.9600219726562,383671,0.0,0.0,0.0
2026-08-13 11:40:00-04:00,775.9500122070312,775.9600219726562,775.7000122070312,775.77001953125,48116,0.0,0.0,0.0
2026-08-13 11:41:00-04:00,775.7899780273438,776.1599731445312,775.7899780273438,776.1256713867188,85467,0.0,0.0,0.0
2026-08-13 11:42:00-04:00,776.1400146484375,776.3699951171875,776.1400146484375,776.3099975585938,90425,0.0,0.0,0.0
2026-08-13 11:43:00-04:00,776.3001098632812,776.3001098632812,776.1300048828125,776.1300048828125,69100,0.0,0.0,0.0
2026-08-13 11:44:00-04:00,776.1400146484375,776.1950073242188,775.9600830078125,775.9650268554688,52376,0.0,0.0,0.0
2026-08-13 11:45:00-04:00,775.9600219726562,775.9600219726562,775.8400268554688,775.9099731445312,40236,0.0,0.0,0.0
2026-08-13 11:46:00-04:00,775.9199829101562,776.1099853515625,775.9199829101562,776.10498046875,48321,0.0,0.0,0.0
2026-08-13 11:47:00-04:00,776.1099853515625,776.1300048828125,775.9500122070312,776.02001953125,36139,0.0,0.0,0.0
2026-08-13 11:48:00-04:00,776.0294189453125,776.0349731445312,775.8499755859375,775.85498046875,42417,0.0,0.0,0.0
2026-08-13 11:49:00-04:00,775.85498046875,775.9400024414062,775.7000122070312,775.909912109375,70218,0.0,0.0,0.0
2026-08-13 11:50:00-04:00,775.89501953125,775.9299926757812,775.780029296875,775.9000244140625,37727,0.0,0.0,0.0
2026-08-13 11:51:00-04:00,775.9000244140625,775.9000244140625,775.6699829101562,775.7550048828125,43436,0.0,0.0,0.0
2026-08-13 11:52:00-04:00,775.75,775.75,775.52001953125,775.6900024414062,47959,0.0,0.0,0.0
2026-08-13 11:53:00-04:00,775.7000122070312,775.7899780273438,775.5999755859375,775.7899780273438,34875,0.0,0.0,0.0
2026-08-13 11:54:00-04:00,775.7979736328125,775.8099975585938,775.6300048828125,775.6599731445312,30046,0.0,0.0,0.0
2026-08-13 11:55:00-04:00,775.6599731445312,775.7899780273438,775.6099853515625,775.7050170898438,42626,0.0,0.0,0.0
2026-08-13 11:56:00-04:00,775.7100219726562,775.8400268554688,775.6649780273438,775.8350219726562,48776,0.0,0.0,0.0
2026-08-13 11:57:00-04:00,775.8350219726562,775.9299926757812,775.6500244140625,775.6799926757812,55525,0.0,0.0,0.0
2026-08-13 11:58:00-04:00,775.6699829101562,775.6799926757812,775.47998046875,775.5,51862,0.0,0.0,0.0
2026-08-13 11:59:00-04:00,775.5,775.5,775.3800048828125,775.489990234375,64697,0.0,0.0,0.0
2026-08-13 12:00:00-04:00,775.47998046875,775.719970703125,775.4600219726562,775.719970703125,43252,0.0,0.0,0.0
2026-08-13 12:01:00-04:00,775.719970703125,775.8099975585938,775.610107421875,775.7999877929688,36257,0.0,0.0,0.0
2026-08-13 12:02:00-04:00,775.802490234375,776.030029296875,775.7949829101562,776.0198974609375,76305,0.0,0.0,0.0
2026-08-13 12:03:00-04:00,776.0150146484375,776.0499877929688,775.8599853515625,776.030029296875,34562,0.0,0.0,0.0
2026-08-13 12:04:00-04:00,776.0250244140625,776.0399780273438,775.85498046875,775.89990234375,17209,0.0,0.0,0.0
2026-08-13 12:05:00-04:00,775.9099731445312,776.1871948242188,775.8900146484375,776.1749877929688,45971,0.0,0.0,0.0
2026-08-13 12:06:00-04:00,776.1799926757812,776.2899780273438,776.0900268554688,776.114990234375,46933,0.0,0.0,0.0
2026-08-13 12:07:00-04:00,776.0999755859375,776.1799926757812,776.0050048828125,776.030029296875,36946,0.0,0.0,0.0
2026-08-13 12:08:00-04:00,776.030029296875,776.0999755859375,776.0240478515625,776.0900268554688,35398,0.0,0.0,0.0
2026-08-13 12:09:00-04:00,776.0900268554688,776.094970703125,775.9149780273438,775.9650268554688,39265,0.0,0.0,0.0
2026-08-13 12:10:00-04:00,775.9650268554688,776.0549926757812,775.9299926757812,775.989990234375,34999,0.0,0.0,0.0
2026-08-13 12:11:00-04:00,775.9949951171875,776.1199951171875,775.97998046875,775.97998046875,16195,0.0,0.0,0.0
2026-08-13 12:12:00-04:00,775.9349975585938,776.0449829101562,775.8099975585938,775.8400268554688,28374,0.0,0.0,0.0
2026-08-13 12:13:00-04:00,775.8200073242188,775.875,775.7301025390625,775.7949829101562,42925,0.0,0.0,0.0
2026-08-13 12:14:00-04:00,775.7399291992188,775.780029296875,775.6749877929688,775.6900024414062,31514,0.0,0.0,0.0
2026-08-13 12:15:00-04:00,775.6923217773438,775.8400268554688,775.6923217773438,775.7000122070312,44306,0.0,0.0,0.0
2026-08-13 12:16:00-04:00,775.7100219726562,775.7650146484375,775.6199951171875,775.6300048828125,39529,0.0,0.0,0.0
2026-08-13 12:17:00-04:00,775.6400146484375,775.760009765625,775.5999755859375,775.739990234375,33866,0.0,0.0,0.0
2026-08-13 12:18:00-04:00,775.75,775.7999877929688,775.6749877929688,775.719970703125,43040,0.0,0.0,0.0
2026-08-13 12:19:00-04:00,775.72998046875,775.8800048828125,775.6900024414062,775.8499755859375,37824,0.0,0.0,0.0
2026-08-13 12:20:00-04:00,775.8499755859375,775.9849853515625,775.760009765625,775.97998046875,53322,0.0,0.0,0.0
2026-08-13 12:21:00-04:00,775.969970703125,775.989990234375,775.864990234375,775.9500122070312,38793,0.0,0.0,0.0
2026-08-13 12:22:00-04:00,775.969970703125,776.0900268554688,775.9299926757812,776.010009765625,53760,0.0,0.0,0.0
2026-08-13 12:23:00-04:00,776.0,776.010009765625,775.9249877929688,775.97998046875,27248,0.0,0.0,0.0
2026-08-13 12:24:00-04:00,776.0,776.0811157226562,775.969970703125,776.0599975585938,34201,0.0,0.0,0.0
2026-08-13 12:25:00-04:00,776.0650024414062,776.3599853515625,776.0449829101562,776.3599853515625,319621,0.0,0.0,0.0
2026-08-13 12:26:00-04:00,776.3599853515625,776.3699951171875,776.2849731445312,776.3300170898438,42756,0.0,0.0,0.0
2026-08-13 12:27:00-04:00,776.3298950195312,776.489990234375,776.3200073242188,776.3599853515625,94068,0.0,0.0,0.0
2026-08-13 12:28:00-04:00,776.3499755859375,776.4299926757812,776.3200073242188,776.405029296875,41826,0.0,0.0,0.0
2026-08-13 12:29:00-04:00,776.405029296875,776.52001953125,776.3699951171875,776.52001953125,45368,0.0,0.0,0.0
2026-08-13 12:30:00-04:00,776.5250244140625,776.6300048828125,776.47998046875,776.6199951171875,49646,0.0,0.0,0.0
2026-08-13 12:31:00-04:00,776.6300048828125,776.6649780273438,776.4500122070312,776.52001953125,67024,0.0,0.0,0.0
2026-08-13 12:32:00-04:00,776.52001953125,776.6099853515625,776.405029296875,776.5,51996,0.0,0.0,0.0
2026-08-13 12:33:00-04:00,776.489990234375,776.7000122070312,776.489990234375,776.6799926757812,80381,0.0,0.0,0.0
2026-08-13 12:34:00-04:00,776.6799926757812,776.7100219726562,776.6400146484375,776.6400146484375,29259,0.0,0.0,0.0
2026-08-13 12:35:00-04:00,776.6400146484375,776.7000122070312,776.5900268554688,776.6300048828125,106337,0.0,0.0,0.0
2026-08-13 12:36:00-04:00,776.6389770507812,776.6599731445312,776.4600219726562,776.510009765625,38098,0.0,0.0,0.0
2026-08-13 12:37:00-04:00,776.5,776.5599975585938,776.440185546875,776.5198974609375,33172,0.0,0.0,0.0
2026-08-13 12:38:00-04:00,776.489990234375,776.5850219726562,776.4299926757812,776.5650024414062,28013,0.0,0.0,0.0
2026-08-13 12:39:00-04:00,776.5599975585938,776.6400146484375,776.2199096679688,776.2899780273438,52531,0.0,0.0,0.0
2026-08-13 12:40:00-04:00,776.2857055664062,776.3198852539062,776.2050170898438,776.25,37263,0.0,0.0,0.0
2026-08-13 12:41:00-04:00,776.2449951171875,776.3900146484375,776.219970703125,776.3699951171875,26806,0.0,0.0,0.0
2026-08-13 12:42:00-04:00,776.3699951171875,776.510009765625,776.32861328125,776.510009765625,39272,0.0,0.0,0.0
2026-08-13 12:43:00-04:00,776.510009765625,776.510009765625,776.3900146484375,776.4600219726562,25005,0.0,0.0,0.0
2026-08-13 12:44:00-04:00,776.4400024414062,776.469970703125,776.4149780273438,776.4400024414062,31112,0.0,0.0,0.0
2026-08-13 12:45:00-04:00,776.4146728515625,776.5599975585938,776.4146728515625,776.510009765625,37014,0.0,0.0,0.0
2026-08-13 12:46:00-04:00,776.5050048828125,776.523193359375,776.4349975585938,776.52001953125,28359,0.0,0.0,0.0
2026-08-13 12:47:00-04:00,776.52001953125,776.6199951171875,776.510009765625,776.6199951171875,30662,0.0,0.0,0.0
2026-08-13 12:48:00-04:00,776.6099853515625,776.6699829101562,776.6099853515625,776.6400146484375,37546,0.0,0.0,0.0
2026-08-13 12:49:00-04:00,776.6599731445312,776.6699829101562,776.5599975585938,776.6099853515625,46705,0.0,0.0,0.0
2026-08-13 12:50:00-04:00,776.6099853515625,776.7000122070312,776.594970703125,776.7000122070312,35049,0.0,0.0,0.0
2026-08-13 12:51:00-04:00,776.7000122070312,776.7999877929688,776.6849975585938,776.7100219726562,42160,0.0,0.0,0.0
2026-08-13 12:52:00-04:00,776.719970703125,776.7650756835938,776.7000122070312,776.7050170898438,30915,0.0,0.0,0.0
2026-08-13 12:53:00-04:00,776.7000122070312,776.760009765625,776.6749877929688,776.6799926757812,23770,0.0,0.0,0.0
2026-08-13 12:54:00-04:00,776.6699829101562,776.719970703125,776.6199951171875,776.6900024414062,29075,0.0,0.0,0.0
2026-08-13 12:55:00-04:00,776.6799926757812,776.760009765625,776.5850219726562,776.72998046875,33963,0.0,0.0,0.0
2026-08-13 12:56:00-04:00,776.7100219726562,776.7100219726562,776.5999755859375,776.62060546875,24397,0.0,0.0,0.0
2026-08-13 12:57:00-04:00,776.6199951171875,776.7150268554688,776.6099853515625,776.6749877929688,18343,0.0,0.0,0.0
2026-08-13 12:58:00-04:00,776.6900024414062,776.7249755859375,776.6699829101562,776.7100219726562,23415,0.0,0.0,0.0
2026-08-13 12:59:00-04:00,776.7100219726562,776.75,776.6799926757812,776.7000122070312,26031,0.0,0.0,0.0
2026-08-13 13:00:00-04:00,776.7100219726562,776.9600219726562,776.7100219726562,776.9400024414062,45031,0.0,0.0,0.0
2026-08-13 13:01:00-04:00,776.9299926757812,777.030029296875,776.9099731445312,776.9998779296875,22759,0.0,0.0,0.0
2026-08-13 13:02:00-04:00,776.989990234375,776.989990234375,776.9100952148438,776.9199829101562,24994,0.0,0.0,0.0
2026-08-13 13:03:00-04:00,776.9099731445312,777.02001953125,776.8499755859375,777.010009765625,31085,0.0,0.0,0.0
2026-08-13 13:04:00-04:00,777.02001953125,777.0499877929688,776.9400024414062,776.989990234375,32228,0.0,0.0,0.0
2026-08-13 13:05:00-04:00,777.0,777.1199951171875,776.9299926757812,777.1199951171875,29622,0.0,0.0,0.0
2026-08-13 13:06:00-04:00,777.1199951171875,777.1699829101562,777.0399780273438,777.0850219726562,40265,0.0,0.0,0.0
2026-08-13 13:07:00-04:00,777.0700073242188,777.1900024414062,777.0700073242188,777.1199951171875,21598,0.0,0.0,0.0
2026-08-13 13:08:00-04:00,777.1300048828125,777.3800048828125,777.1199951171875,777.22998046875,54243,0.0,0.0,0.0
2026-08-13 13:09:00-04:00,777.22998046875,777.27001953125,777.1400146484375,777.25,22826,0.0,0.0,0.0
2026-08-13 13:10:00-04:00,777.25,777.260009765625,777.1849975585938,777.22998046875,32217,0.0,0.0,0.0
2026-08-13 13:11:00-04:00,777.22998046875,777.2999877929688,777.219970703125,777.27001953125,21434,0.0,0.0,0.0
2026-08-13 13:12:00-04:00,777.280029296875,777.280029296875,777.135009765625,777.1400146484375,30298,0.0,0.0,0.0
2026-08-13 13:13:00-04:00,777.1300048828125,777.2000122070312,777.0900268554688,777.1900024414062,20130,0.0,0.0,0.0
2026-08-13 13:14:00-04:00,777.1799926757812,777.2000122070312,777.1400146484375,777.1900024414062,17000,0.0,0.0,0.0
2026-08-13 13:15:00-04:00,777.1699829101562,777.3154907226562,777.1699829101562,777.219970703125,28790,0.0,0.0,0.0
2026-08-13 13:16:00-04:00,777.22998046875,777.3300170898438,777.2249755859375,777.3099975585938,39341,0.0,0.0,0.0
2026-08-13 13:17:00-04:00,777.3004150390625,777.3400268554688,777.2301025390625,777.2349853515625,26873,0.0,0.0,0.0
2026-08-13 13:18:00-04:00,777.22998046875,777.3499755859375,777.1799926757812,777.2844848632812,21639,0.0,0.0,0.0
2026-08-13 13:19:00-04:00,777.280029296875,777.4000244140625,777.25,777.4000244140625,23161,0.0,0.0,0.0
2026-08-13 13:20:00-04:00,777.405029296875,777.47998046875,777.32080078125,777.3350219726562,18721,0.0,0.0,0.0
2026-08-13 13:21:00-04:00,777.3300170898438,777.4099731445312,777.2999877929688,777.3773803710938,16327,0.0,0.0,0.0
2026-08-13 13:22:00-04:00,777.3699951171875,777.375,777.25,777.260009765625,48345,0.0,0.0,0.0
2026-08-13 13:23:00-04:00,777.260009765625,777.2899780273438,777.1727294921875,777.1849975585938,18074,0.0,0.0,0.0
2026-08-13 13:24:00-04:00,777.1699829101562,777.280029296875,777.1699829101562,777.280029296875,21294,0.0,0.0,0.0
2026-08-13 13:25:00-04:00,777.2899780273438,777.3099975585938,777.2000122070312,777.260009765625,19482,0.0,0.0,0.0
2026-08-13 13:26:00-04:00,777.27001953125,777.27001953125,777.125,777.1300048828125,28142,0.0,0.0,0.0
2026-08-13 13:27:00-04:00,777.125,777.239990234375,777.114990234375,777.1900024414062,34522,0.0,0.0,0.0
2026-08-13 13:28:00-04:00,777.1801147460938,777.27001953125,777.1799926757812,777.219970703125,32976,0.0,0.0,0.0
2026-08-13 13:29:00-04:00,777.2249755859375,777.239990234375,777.0900268554688,777.1099853515625,19843,0.0,0.0,0.0
2026-08-13 13:30:00-04:00,777.0999755859375,777.239990234375,777.0999755859375,777.2000122070312,27584,0.0,0.0,0.0
2026-08-13 13:31:00-04:00,777.2050170898438,777.2050170898438,777.0900268554688,777.1099853515625,18318,0.0,0.0,0.0
2026-08-13 13:32:00-04:00,777.094970703125,777.1099853515625,777.0399780273438,777.0700073242188,24781,0.0,0.0,0.0
2026-08-13 13:33:00-04:00,777.0700073242188,777.0900268554688,776.8300170898438,776.8798217773438,39567,0.0,0.0,0.0
2026-08-13 13:34:00-04:00,776.8699951171875,776.9749755859375,776.8499755859375,776.9299926757812,29116,0.0,0.0,0.0
2026-08-13 13:35:00-04:00,776.9299926757812,776.9349975585938,776.8300170898438,776.8800048828125,38511,0.0,0.0,0.0
2026-08-13 13:36:00-04:00,776.860107421875,776.9099731445312,776.8101196289062,776.844970703125,26669,0.0,0.0,0.0
2026-08-13 13:37:00-04:00,776.844970703125,776.8499755859375,776.6799926757812,776.6799926757812,46198,0.0,0.0,0.0
2026-08-13 13:38:00-04:00,776.6799926757812,776.780029296875,776.6649780273438,776.7750244140625,21945,0.0,0.0,0.0
2026-08-13 13:39:00-04:00,776.77001953125,776.7899780273438,776.6799926757812,776.7899780273438,36836,0.0,0.0,0.0
2026-08-13 13:40:00-04:00,776.7864990234375,776.9000244140625,776.7420043945312,776.8900146484375,27208,0.0,0.0,0.0
2026-08-13 13:41:00-04:00,776.880126953125,776.88623046875,776.760009765625,776.8099975585938,22798,0.0,0.0,0.0
2026-08-13 13:42:00-04:00,776.8099975585938,776.8200073242188,776.7100219726562,776.77001953125,21602,0.0,0.0,0.0
2026-08-13 13:43:00-04:00,776.760009765625,776.8200073242188,776.72998046875,776.7849731445312,24187,0.0,0.0,0.0
2026-08-13 13:44:00-04:00,776.7899780273438,776.7899780273438,776.6199951171875,776.6199951171875,19590,0.0,0.0,0.0
2026-08-13 13:45:00-04:00,776.6199951171875,776.9199829101562,776.6199951171875,776.8300170898438,30495,0.0,0.0,0.0
2026-08-13 13:46:00-04:00,776.8206787109375,776.8400268554688,776.780029296875,776.7994995117188,23588,0.0,0.0,0.0
2026-08-13 13:47:00-04:00,776.7949829101562,776.8400268554688,776.780029296875,776.8250122070312,16104,0.0,0.0,0.0
2026-08-13 13:48:00-04:00,776.8300170898438,776.9099731445312,776.7899780273438,776.8499755859375,23813,0.0,0.0,0.0
2026-08-13 13:49:00-04:00,776.8499755859375,776.8599853515625,776.7650146484375,776.8300170898438,15112,0.0,0.0,0.0
2026-08-13 13:50:00-04:00,776.8400268554688,776.9199829101562,776.827392578125,776.8900146484375,15303,0.0,0.0,0.0
2026-08-13 13:51:00-04:00,776.8900146484375,776.9299926757812,776.739990234375,776.7899780273438,20309,0.0,0.0,0.0
2026-08-13 13:52:00-04:00,776.7999877929688,776.8499755859375,776.739990234375,776.8499755859375,22584,0.0,0.0,0.0
2026-08-13 13:53:00-04:00,776.8400268554688,776.9099731445312,776.7899780273438,776.9000244140625,11957,0.0,0.0,0.0
2026-08-13 13:54:00-04:00,776.9000244140625,776.9000244140625,776.75,776.77001953125,16543,0.0,0.0,0.0
2026-08-13 13:55:00-04:00,776.780029296875,776.8099975585938,776.7000122070312,776.77001953125,43333,0.0,0.0,0.0
2026-08-13 13:56:00-04:00,776.7694702148438,776.7999877929688,776.6699829101562,776.6699829101562,26632,0.0,0.0,0.0
2026-08-13 13:57:00-04:00,776.6699829101562,776.8900146484375,776.6699829101562,776.8800048828125,36068,0.0,0.0,0.0
2026-08-13 13:58:00-04:00,776.8699951171875,776.9400024414062,776.844970703125,776.8900146484375,22390,0.0,0.0,0.0
2026-08-13 13:59:00-04:00,776.8699951171875,776.8699951171875,776.72998046875,776.7449951171875,20229,0.0,0.0,0.0
2026-08-13 14:00:00-04:00,776.75,776.9400024414062,776.739990234375,776.8099975585938,25061,0.0,0.0,0.0
2026-08-13 14:01:00-04:00,776.8200073242188,776.8699951171875,776.7750244140625,776.7750244140625,18220,0.0,0.0,0.0
2026-08-13 14:02:00-04:00,776.780029296875,776.9000244140625,776.760009765625,776.7899780273438,26553,0.0,0.0,0.0
2026-08-13 14:03:00-04:00,776.7899780273438,776.9000244140625,776.760009765625,776.8900146484375,42214,0.0,0.0,0.0
2026-08-13 14:04:00-04:00,776.8900146484375,776.9299926757812,776.8300170898438,776.9099731445312,25279,0.0,0.0,0.0
2026-08-13 14:05:00-04:00,776.9299926757812,777.0399780273438,776.9099731445312,777.010009765625,65311,0.0,0.0,0.0
2026-08-13 14:06:00-04:00,777.02001953125,777.0399780273438,776.8400268554688,776.8400268554688,45894,0.0,0.0,0.0
2026-08-13 14:07:00-04:00,776.8499755859375,776.9299926757812,776.7999877929688,776.8250122070312,172005,0.0,0.0,0.0
2026-08-13 14:08:00-04:00,776.8250122070312,776.9000244140625,776.7999877929688,776.8300170898438,30895,0.0,0.0,0.0
2026-08-13 14:09:00-04:00,776.8200073242188,776.85498046875,776.8099975585938,776.8300170898438,21824,0.0,0.0,0.0
2026-08-13 14:10:00-04:00,776.8200073242188,776.9249877929688,776.6599731445312,776.8900146484375,42845,0.0,0.0,0.0
2026-08-13 14:11:00-04:00,776.9089965820312,776.989990234375,776.8499755859375,776.97998046875,52191,0.0,0.0,0.0
2026-08-13 14:12:00-04:00,776.989990234375,777.1400146484375,776.97998046875,777.0599975585938,58754,0.0,0.0,0.0
2026-08-13 14:13:00-04:00,777.0592041015625,777.1129760742188,777.0399780273438,777.0650024414062,24889,0.0,0.0,0.0
2026-08-13 14:14:00-04:00,777.0499877929688,777.1099853515625,777.0,777.0800170898438,22443,0.0,0.0,0.0
2026-08-13 14:15:00-04:00,777.0750122070312,777.1699829101562,777.0750122070312,777.0850219726562,43056,0.0,0.0,0.0
2026-08-13 14:16:00-04:00,777.0900268554688,777.0900268554688,776.9600219726562,776.9700927734375,308642,0.0,0.0,0.0
2026-08-13 14:17:00-04:00,776.969970703125,777.0499877929688,776.9199829101562,776.989990234375,58967,0.0,0.0,0.0
2026-08-13 14:18:00-04:00,777.0,777.0198974609375,776.9400024414062,776.9400024414062,25872,0.0,0.0,0.0
2026-08-13 14:19:00-04:00,776.9349975585938,776.97998046875,776.8900146484375,776.9500122070312,32342,0.0,0.0,0.0
2026-08-13 14:20:00-04:00,776.9299926757812,776.989990234375,776.8499755859375,776.97998046875,46618,0.0,0.0,0.0
2026-08-13 14:21:00-04:00,776.97998046875,776.97998046875,776.8699951171875,776.9299926757812,48365,0.0,0.0,0.0
2026-08-13 14:22:00-04:00,776.9400024414062,776.9500122070312,776.8900146484375,776.9450073242188,46307,0.0,0.0,0.0
2026-08-13 14:23:00-04:00,776.9450073242188,776.97998046875,776.780029296875,776.7899780273438,45442,0.0,0.0,0.0
2026-08-13 14:24:00-04:00,776.8099975585938,776.8099975585938,776.6799926757812,776.719970703125,38696,0.0,0.0,0.0
2026-08-13 14:25:00-04:00,776.72998046875,776.9000244140625,776.7100219726562,776.7999877929688,35229,0.0,0.0,0.0
2026-08-13 14:26:00-04:00,776.780029296875,776.9400024414062,776.780029296875,776.9099731445312,85256,0.0,0.0,0.0
2026-08-13 14:27:00-04:00,776.9099731445312,776.9299926757812,776.8200073242188,776.8800048828125,56681,0.0,0.0,0.0
2026-08-13 14:28:00-04:00,776.875,777.0449829101562,776.864990234375,777.0322875976562,38297,0.0,0.0,0.0
2026-08-13 14:29:00-04:00,777.030029296875,777.030029296875,776.969970703125,776.97998046875,38276,0.0,0.0,0.0
2026-08-13 14:30:00-04:00,776.989990234375,777.1649780273438,776.989990234375,777.1199951171875,53508,0.0,0.0,0.0
2026-08-13 14:31:00-04:00,777.1199951171875,777.1900024414062,777.0999755859375,777.1300048828125,49249,0.0,0.0,0.0
2026-08-13 14:32:00-04:00,777.1400146484375,777.1500244140625,777.0800170898438,777.0999755859375,32798,0.0,0.0,0.0
2026-08-13 14:33:00-04:00,777.0900268554688,777.25,777.0900268554688,777.239990234375,62904,0.0,0.0,0.0
2026-08-13 14:34:00-04:00,777.239990234375,777.260009765625,777.155029296875,777.2368774414062,38490,0.0,0.0,0.0
2026-08-13 14:35:00-04:00,777.25,777.3300170898438,777.2000122070312,777.3298950195312,70345,0.0,0.0,0.0
2026-08-13 14:36:00-04:00,777.3300170898438,777.385009765625,777.27001953125,777.2739868164062,47553,0.0,0.0,0.0
2026-08-13 14:37:00-04:00,777.2899780273438,777.3599853515625,777.2899780273438,777.3099975585938,51882,0.0,0.0,0.0
2026-08-13 14:38:00-04:00,777.2999877929688,777.409912109375,777.2999877929688,777.409912109375,42740,0.0,0.0,0.0
2026-08-13 14:39:00-04:00,777.4099731445312,777.4199829101562,777.3200073242188,777.4000244140625,40469,0.0,0.0,0.0
2026-08-13 14:40:00-04:00,777.4099731445312,777.4600219726562,777.3599853515625,777.4199829101562,35036,0.0,0.0,0.0
2026-08-13 14:41:00-04:00,777.4099731445312,777.6699829101562,777.4000244140625,777.6500244140625,73081,0.0,0.0,0.0
2026-08-13 14:42:00-04:00,777.6599731445312,777.739990234375,777.6199951171875,777.6400146484375,58236,0.0,0.0,0.0
2026-08-13 14:43:00-04:00,777.6300048828125,777.6500244140625,777.5700073242188,777.60498046875,33169,0.0,0.0,0.0
2026-08-13 14:44:00-04:00,777.6099853515625,777.6900024414062,777.5999755859375,777.6174926757812,51635,0.0,0.0,0.0
2026-08-13 14:45:00-04:00,777.614990234375,777.719970703125,777.6099853515625,777.6699829101562,30192,0.0,0.0,0.0
2026-08-13 14:46:00-04:00,777.6699829101562,777.72998046875,777.6055297851562,777.72998046875,36706,0.0,0.0,0.0
2026-08-13 14:47:00-04:00,777.719970703125,777.760009765625,777.7000732421875,777.72998046875,34517,0.0,0.0,0.0
2026-08-13 14:48:00-04:00,777.72998046875,777.75,777.6500244140625,777.6699829101562,41883,0.0,0.0,0.0
2026-08-13 14:49:00-04:00,777.6749877929688,777.7550048828125,777.6649780273438,777.75,22854,0.0,0.0,0.0
2026-08-13 14:50:00-04:00,777.75,777.8250122070312,777.7100219726562,777.760009765625,61937,0.0,0.0,0.0
2026-08-13 14:51:00-04:00,777.7650146484375,777.7999877929688,777.719970703125,777.72998046875,24445,0.0,0.0,0.0
2026-08-13 14:52:00-04:00,777.739990234375,777.780029296875,777.6300048828125,777.780029296875,46754,0.0,0.0,0.0
2026-08-13 14:53:00-04:00,777.780029296875,777.8800048828125,777.780029296875,777.8599853515625,34394,0.0,0.0,0.0
2026-08-13 14:54:00-04:00,777.85498046875,777.9299926757812,777.85498046875,777.8699951171875,76785,0.0,0.0,0.0
2026-08-13 14:55:00-04:00,777.8699951171875,777.9199829101562,777.8300170898438,777.8400268554688,27157,0.0,0.0,0.0
2026-08-13 14:56:00-04:00,777.8400268554688,777.9199829101562,777.8300170898438,777.85498046875,50176,0.0,0.0,0.0
2026-08-13 14:57:00-04:00,777.8400268554688,777.8800048828125,777.72998046875,777.75,28191,0.0,0.0,0.0
2026-08-13 14:58:00-04:00,777.7349853515625,777.77001953125,777.6699829101562,777.719970703125,40691,0.0,0.0,0.0
2026-08-13 14:59:00-04:00,777.72998046875,777.760009765625,777.6849975585938,777.739990234375,30630,0.0,0.0,0.0
2026-08-13 15:00:00-04:00,777.75,777.8800048828125,777.719970703125,777.8400268554688,45957,0.0,0.0,0.0
2026-08-13 15:01:00-04:00,777.8400268554688,777.9199829101562,777.8300170898438,777.9099731445312,68078,0.0,0.0,0.0
2026-08-13 15:02:00-04:00,777.9000244140625,777.9299926757812,777.8800048828125,777.89990234375,35499,0.0,0.0,0.0
2026-08-13 15:03:00-04:00,777.8800048828125,777.9301147460938,777.8599853515625,777.9301147460938,98000,0.0,0.0,0.0
2026-08-13 15:04:00-04:00,777.9299926757812,777.9299926757812,777.8499755859375,777.8800048828125,44494,0.0,0.0,0.0
2026-08-13 15:05:00-04:00,777.8800048828125,777.9600219726562,777.7999877929688,777.9500122070312,64172,0.0,0.0,0.0
2026-08-13 15:06:00-04:00,777.9500122070312,778.1683959960938,777.9500122070312,778.1400146484375,61253,0.0,0.0,0.0
2026-08-13 15:07:00-04:00,778.14501953125,778.219970703125,778.1400146484375,778.1799926757812,39919,0.0,0.0,0.0
2026-08-13 15:08:00-04:00,778.1900024414062,778.3699951171875,778.1699829101562,778.3099975585938,85261,0.0,0.0,0.0
2026-08-13 15:09:00-04:00,778.2999877929688,778.4299926757812,778.271484375,778.35498046875,58602,0.0,0.0,0.0
2026-08-13 15:10:00-04:00,778.3599853515625,778.3599853515625,778.239990234375,778.25,48413,0.0,0.0,0.0
2026-08-13 15:11:00-04:00,778.239990234375,778.2899780273438,778.1799926757812,778.260009765625,53079,0.0,0.0,0.0
2026-08-13 15:12:00-04:00,778.25,778.25,778.0399780273438,778.0499877929688,118838,0.0,0.0,0.0
2026-08-13 15:13:00-04:00,778.0399780273438,778.0700073242188,777.8400268554688,777.844970703125,117109,0.0,0.0,0.0
2026-08-13 15:14:00-04:00,777.844970703125,777.969970703125,777.8410034179688,777.9600219726562,61900,0.0,0.0,0.0
2026-08-13 15:15:00-04:00,777.9500122070312,777.989990234375,777.7899780273438,777.97998046875,83389,0.0,0.0,0.0
2026-08-13 15:16:00-04:00,777.981201171875,778.02001953125,777.7999877929688,777.8699951171875,56653,0.0,0.0,0.0
2026-08-13 15:17:00-04:00,777.860107421875,777.989990234375,777.8200073242188,777.969970703125,50781,0.0,0.0,0.0
2026-08-13 15:18:00-04:00,777.9650268554688,778.094970703125,777.9400024414062,778.0700073242188,96819,0.0,0.0,0.0
2026-08-13 15:19:00-04:00,778.0700073242188,778.1500244140625,778.0,778.1500244140625,182495,0.0,0.0,0.0
2026-08-13 15:20:00-04:00,778.14501953125,778.27001953125,778.1400146484375,778.25,87470,0.0,0.0,0.0
2026-08-13 15:21:00-04:00,778.2550048828125,778.27001953125,778.1300048828125,778.1901245117188,58635,0.0,0.0,0.0
2026-08-13 15:22:00-04:00,778.1950073242188,778.2999877929688,778.1950073242188,778.280029296875,51927,0.0,0.0,0.0
2026-08-13 15:23:00-04:00,778.2899780273438,778.3150024414062,778.25,778.2650146484375,40060,0.0,0.0,0.0
2026-08-13 15:24:00-04:00,778.27001953125,778.3300170898438,778.2000122070312,778.2949829101562,80481,0.0,0.0,0.0
2026-08-13 15:25:00-04:00,778.2899780273438,778.3699951171875,778.1500244140625,778.1699829101562,58528,0.0,0.0,0.0
2026-08-13 15:26:00-04:00,778.1699829101562,778.1799926757812,778.0150146484375,778.0599975585938,82238,0.0,0.0,0.0
2026-08-13 15:27:00-04:00,778.0650024414062,778.1500244140625,777.989990234375,778.1400146484375,61553,0.0,0.0,0.0
2026-08-13 15:28:00-04:00,778.1400146484375,778.2000122070312,778.1300048828125,778.1400146484375,53522,0.0,0.0,0.0
2026-08-13 15:29:00-04:00,778.1400146484375,778.1699829101562,777.97998046875,778.0300903320312,56902,0.0,0.0,0.0
2026-08-13 15:30:00-04:00,778.030029296875,778.2349853515625,777.9500122070312,778.2249755859375,118160,0.0,0.0,0.0
2026-08-13 15:31:00-04:00,778.2249755859375,778.239990234375,778.0999755859375,778.10009765625,87051,0.0,0.0,0.0
2026-08-13 15:32:00-04:00,778.0999755859375,778.2100219726562,778.0449829101562,778.0700073242188,215945,0.0,0.0,0.0
2026-08-13 15:33:00-04:00,778.0700073242188,778.1599731445312,778.030029296875,778.0399780273438,76464,0.0,0.0,0.0
2026-08-13 15:34:00-04:00,778.030029296875,778.0800170898438,777.97998046875,778.0399780273438,151259,0.0,0.0,0.0
2026-08-13 15:35:00-04:00,778.0399780273438,778.0599975585938,777.8400268554688,777.8499755859375,158164,0.0,0.0,0.0
2026-08-13 15:36:00-04:00,777.8400268554688,777.9000244140625,777.7999877929688,777.8200073242188,165065,0.0,0.0,0.0
2026-08-13 15:37:00-04:00,777.8099975585938,777.8900146484375,777.72998046875,777.8300170898438,107306,0.0,0.0,0.0
2026-08-13 15:38:00-04:00,777.8200073242188,777.9349975585938,777.8200073242188,777.844970703125,526400,0.0,0.0,0.0
2026-08-13 15:39:00-04:00,777.8400268554688,777.9550170898438,777.8099975585938,777.9550170898438,98608,0.0,0.0,0.0
2026-08-13 15:40:00-04:00,777.9600219726562,778.0150146484375,777.89501953125,777.9099731445312,79455,0.0,0.0,0.0
2026-08-13 15:41:00-04:00,777.9249877929688,777.969970703125,777.8300170898438,777.951904296875,78472,0.0,0.0,0.0
2026-08-13 15:42:00-04:00,777.9550170898438,778.030029296875,777.8400268554688,777.8499755859375,68352,0.0,0.0,0.0
2026-08-13 15:43:00-04:00,777.8599853515625,777.8800048828125,777.760009765625,777.8599853515625,59865,0.0,0.0,0.0
2026-08-13 15:44:00-04:00,777.8599853515625,777.8800048828125,777.6900024414062,777.719970703125,108392,0.0,0.0,0.0
2026-08-13 15:45:00-04:00,777.7100219726562,777.7999877929688,777.6715698242188,777.7100219726562,195013,0.0,0.0,0.0
2026-08-13 15:46:00-04:00,777.72998046875,777.8200073242188,777.719970703125,777.8200073242188,121277,0.0,0.0,0.0
2026-08-13 15:47:00-04:00,777.8099975585938,777.8200073242188,777.6900024414062,777.6900024414062,91506,0.0,0.0,0.0
2026-08-13 15:48:00-04:00,777.6900024414062,777.75,777.6400146484375,777.739990234375,165174,0.0,0.0,0.0
2026-08-13 15:49:00-04:00,777.739990234375,777.7999877929688,777.6400146484375,777.77001953125,142616,0.0,0.0,0.0
2026-08-13 15:50:00-04:00,777.75,777.75,777.4500122070312,777.4600219726562,172343,0.0,0.0,0.0
2026-08-13 15:51:00-04:00,777.4600219726562,777.489990234375,777.3499755859375,777.4199829101562,292059,0.0,0.0,0.0
2026-08-13 15:52:00-04:00,777.4199829101562,777.530029296875,777.4000244140625,777.4500122070312,396772,0.0,0.0,0.0
2026-08-13 15:53:00-04:00,777.4400024414062,777.5599975585938,777.4000244140625,777.532470703125,332543,0.0,0.0,0.0
2026-08-13 15:54:00-04:00,777.5499877929688,777.7100219726562,777.5,777.5150146484375,215056,0.0,0.0,0.0
2026-08-13 15:55:00-04:00,777.530029296875,777.6099853515625,777.364990234375,777.5399780273438,336220,0.0,0.0,0.0
2026-08-13 15:56:00-04:00,777.5399780273438,777.5499877929688,777.47998046875,777.5449829101562,165907,0.0,0.0,0.0
2026-08-13 15:57:00-04:00,777.5399780273438,777.72998046875,777.530029296875,777.6400146484375,398288,0.0,0.0,0.0
2026-08-13 15:58:00-04:00,777.6300048828125,777.7000122070312,777.5499877929688,777.6699829101562,641414,0.0,0.0,0.0
2026-08-13 15:59:00-04:00,777.6599731445312,777.9349975585938,777.530029296875,777.780029296875,1239796,0.0,0.0,0.0
2026-08-14 09:30:00-04:00,778.5399780273438,778.5800170898438,777.9199829101562,778.02001953125,860016,0.0,0.0,0.0
2026-08-14 09:31:00-04:00,778.010009765625,778.4400024414062,777.9199829101562,778.4000244140625,107870,0.0,0.0,0.0
2026-08-14 09:32:00-04:00,778.385009765625,778.5050048828125,778.2100219726562,778.3200073242188,65900,0.0,0.0,0.0
2026-08-14 09:33:00-04:00,778.280029296875,778.2899780273438,778.030029296875,778.1400146484375,78071,0.0,0.0,0.0
2026-08-14 09:34:00-04:00,778.1500244140625,778.239990234375,778.0449829101562,778.1900024414062,49077,0.0,0.0,0.0
2026-08-14 09:35:00-04:00,778.1649780273438,778.280029296875,778.0999755859375,778.1599731445312,76870,0.0,0.0,0.0
2026-08-14 09:36:00-04:00,778.1599731445312,778.2050170898438,777.760009765625,777.8049926757812,99971,0.0,0.0,0.0
2026-08-14 09:37:00-04:00,777.7999877929688,777.9099731445312,777.6599731445312,777.8499755859375,149595,0.0,0.0,0.0
2026-08-14 09:38:00-04:00,777.8499755859375,777.989990234375,777.77001953125,777.89501953125,99251,0.0,0.0,0.0
2026-08-14 09:39:00-04:00,777.89501953125,778.0399780273438,777.8200073242188,778.02001953125,53109,0.0,0.0,0.0
2026-08-14 09:40:00-04:00,778.0399780273438,778.0700073242188,777.8200073242188,777.9349975585938,237864,0.0,0.0,0.0
2026-08-14 09:41:00-04:00,777.9400024414062,778.1900024414062,777.8599853515625,778.0800170898438,47724,0.0,0.0,0.0
2026-08-14 09:42:00-04:00,778.0900268554688,778.3660278320312,778.0499877929688,778.3480224609375,53334,0.0,0.0,0.0
2026-08-14 09:43:00-04:00,778.3400268554688,778.4299926757812,778.2949829101562,778.3599853515625,89811,0.0,0.0,0.0
2026-08-14 09:44:00-04:00,778.3800048828125,778.4849853515625,778.3499755859375,778.3800048828125,81138,0.0,0.0,0.0
2026-08-14 09:45:00-04:00,778.3900146484375,778.5999755859375,778.3200073242188,778.489990234375,76402,0.0,0.0,0.0
2026-08-14 09:46:00-04:00,778.469970703125,778.5,778.0,778.0675048828125,87616,0.0,0.0,0.0
2026-08-14 09:47:00-04:00,778.0650024414062,778.10498046875,777.88037109375,778.0850219726562,89099,0.0,0.0,0.0
2026-08-14 09:48:00-04:00,778.0800170898438,778.219970703125,778.0,778.0900268554688,39171,0.0,0.0,0.0
2026-08-14 09:49:00-04:00,778.0800170898438,778.1199951171875,777.9400024414062,777.9500122070312,43050,0.0,0.0,0.0
2026-08-14 09:50:00-04:00,777.9600219726562,778.0800170898438,777.885009765625,778.0798950195312,56143,0.0,0.0,0.0
2026-08-14 09:51:00-04:00,778.0791015625,778.530029296875,777.8099975585938,778.4199829101562,185981,0.0,0.0,0.0
2026-08-14 09:52:00-04:00,778.4110107421875,778.5999755859375,778.4110107421875,778.4500122070312,51671,0.0,0.0,0.0
2026-08-14 09:53:00-04:00,778.4500122070312,778.469970703125,778.280029296875,778.4600219726562,56636,0.0,0.0,0.0
2026-08-14 09:54:00-04:00,778.4650268554688,778.5756225585938,778.4400024414062,778.469970703125,34505,0.0,0.0,0.0
2026-08-14 09:55:00-04:00,778.469970703125,778.469970703125,778.260009765625,778.3909912109375,43189,0.0,0.0,0.0
2026-08-14 09:56:00-04:00,778.3699951171875,778.4099731445312,778.2449951171875,778.3784790039062,54458,0.0,0.0,0.0
2026-08-14 09:57:00-04:00,778.3800048828125,778.4249877929688,778.1500244140625,778.2000122070312,37484,0.0,0.0,0.0
2026-08-14 09:58:00-04:00,778.2000122070312,778.2899780273438,778.0999755859375,778.280029296875,40672,0.0,0.0,0.0
2026-08-14 09:59:00-04:00,778.2999877929688,778.510009765625,778.1900024414062,778.4299926757812,52475,0.0,0.0,0.0
2026-08-14 10:00:00-04:00,778.4199829101562,778.510009765625,778.1599731445312,778.3800048828125,61787,0.0,0.0,0.0
2026-08-14 10:01:00-04:00,778.4000244140625,778.4500122070312,778.27001953125,778.2899780273438,39437,0.0,0.0,0.0
2026-08-14 10:02:00-04:00,778.27001953125,778.4699096679688,778.22998046875,778.4600219726562,48449,0.0,0.0,0.0
2026-08-14 10:03:00-04:00,778.4400024414062,778.4500122070312,778.2949829101562,778.3800048828125,38009,0.0,0.0,0.0
2026-08-14 10:04:00-04:00,778.3699951171875,778.5900268554688,778.3300170898438,778.5499877929688,44976,0.0,0.0,0.0
2026-08-14 10:05:00-04:00,778.5499877929688,778.739990234375,778.52001953125,778.72998046875,63482,0.0,0.0,0.0
2026-08-14 10:06:00-04:00,778.719970703125,778.7550048828125,778.6600952148438,778.6801147460938,32122,0.0,0.0,0.0
2026-08-14 10:07:00-04:00,778.6699829101562,778.719970703125,778.6300048828125,778.719970703125,0,0.0,0.0,0.0
2026-08-14 10:08:00-04:00,778.7050170898438,778.7999877929688,778.5599975585938,778.5700073242188,76176,0.0,0.0,0.0
2026-08-14 10:09:00-04:00,778.5650024414062,778.719970703125,778.469970703125,778.52001953125,58187,0.0,0.0,0.0
2026-08-14 10:10:00-04:00,778.530029296875,778.6799926757812,778.4000244140625,778.4099731445312,38746,0.0,0.0,0.0
2026-08-14 10:11:00-04:00,778.4600219726562,778.530029296875,778.3099975585938,778.510009765625,25132,0.0,0.0,0.0
2026-08-14 10:12:00-04:00,778.5086059570312,778.639404296875,778.4400024414062,778.5900268554688,40463,0.0,0.0,0.0
2026-08-14 10:13:00-04:00,778.5845947265625,778.6599731445312,778.4400024414062,778.4849853515625,63201,0.0,0.0,0.0
2026-08-14 10:14:00-04:00,778.5,778.5900268554688,778.280029296875,778.280029296875,38087,0.0,0.0,0.0
2026-08-14 10:15:00-04:00,778.2750244140625,778.3400268554688,778.1099853515625,778.22998046875,66213,0.0,0.0,0.0
2026-08-14 10:16:00-04:00,778.22998046875,778.2550048828125,778.0,778.1900024414062,70200,0.0,0.0,0.0
2026-08-14 10:17:00-04:00,778.1799926757812,778.25,778.110107421875,778.1900024414062,39144,0.0,0.0,0.0
2026-08-14 10:18:00-04:00,778.1400146484375,778.1599731445312,777.8900146484375,777.9949951171875,79714,0.0,0.0,0.0
2026-08-14 10:19:00-04:00,778.0,778.0599975585938,777.7650146484375,777.8101196289062,98022,0.0,0.0,0.0
2026-08-14 10:20:00-04:00,777.8099975585938,777.9099731445312,777.6599731445312,777.7999877929688,85777,0.0,0.0,0.0
2026-08-14 10:21:00-04:00,777.7999877929688,777.8200073242188,777.3800048828125,777.6699829101562,129490,0.0,0.0,0.0
2026-08-14 10:22:00-04:00,777.6099853515625,777.6099853515625,777.6099853515625,777.6099853515625,0,0.0,0.0,0.0
