Datetime,Open,High,Low,Close,Volume
2026-05-22 09:30:00-04:00,718.0599975585938,721.3300170898438,717.4199829101562,719.5599975585938,4079413
2026-05-22 09:45:00-04:00,719.5900268554688,720.1799926757812,718.2017211914062,719.5449829101562,1557482
2026-05-22 10:00:00-04:00,719.510009765625,719.5700073242188,716.3800048828125,717.7100219726562,1504149
2026-05-22 10:15:00-04:00,717.719970703125,718.5700073242188,715.969970703125,717.719970703125,1305963
2026-05-22 10:30:00-04:00,717.7100219726562,719.4699096679688,717.489990234375,719.4298706054688,1068013
2026-05-22 10:45:00-04:00,719.4500122070312,719.8679809570312,718.77001953125,719.6699829101562,770556
2026-05-22 11:00:00-04:00,719.7100219726562,720.8300170898438,719.6400146484375,720.6849975585938,853731
2026-05-22 11:15:00-04:00,720.6900024414062,721.1599731445312,720.2100219726562,721.1400146484375,780487
2026-05-22 11:30:00-04:00,721.1699829101562,721.280029296875,720.4400024414062,720.8400268554688,921109
2026-05-22 11:45:00-04:00,720.8599853515625,720.8599853515625,720.02001953125,720.6699829101562,721836
2026-05-22 12:00:00-04:00,720.6799926757812,720.8200073242188,720.1400146484375,720.52001953125,628591
2026-05-22 12:15:00-04:00,720.510009765625,720.510009765625,719.489990234375,720.1600952148438,550008
2026-05-22 12:30:00-04:00,720.2000122070312,720.4199829101562,719.4000244140625,719.5601196289062,880579
2026-05-22 12:45:00-04:00,719.5700073242188,720.3416748046875,719.5549926757812,720.3049926757812,503826
2026-05-22 13:00:00-04:00,720.3200073242188,721.1099853515625,720.3200073242188,720.9354858398438,910168
2026-05-22 13:15:00-04:00,720.9349975585938,721.8499755859375,719.719970703125,721.8400268554688,1124332
2026-05-22 13:30:00-04:00,721.8699951171875,722.1199951171875,720.6199951171875,721.0549926757812,854643
2026-05-22 13:45:00-04:00,721.0570068359375,721.2000122070312,720.0800170898438,720.469970703125,842982
2026-05-22 14:00:00-04:00,720.4849853515625,720.7000122070312,719.719970703125,720.1300048828125,792925
2026-05-22 14:15:00-04:00,720.1599731445312,720.3599853515625,719.7999877929688,720.0900268554688,686706
2026-05-22 14:30:00-04:00,720.0599975585938,720.385009765625,719.1950073242188,720.2050170898438,980911
2026-05-22 14:45:00-04:00,720.219970703125,720.3350219726562,719.5999755859375,719.7899780273438,439518
2026-05-22 15:00:00-04:00,719.780029296875,720.0399780273438,718.3200073242188,718.5900268554688,1239376
2026-05-22 15:15:00-04:00,718.5800170898438,718.6599731445312,717.2100219726562,717.3853759765625,1133526
2026-05-22 15:30:00-04:00,717.385009765625,718.272705078125,717.0,717.6199951171875,2100928
2026-05-22 15:45:00-04:00,717.6199951171875,718.1500244140625,716.9249877929688,717.4299926757812,2622219
2026-05-26 09:30:00-04:00,726.0250244140625,726.8300170898438,724.1599731445312,726.719970703125,4502079
2026-05-26 09:45:00-04:00,726.739990234375,728.4400024414062,726.1500244140625,728.4400024414062,2588590
2026-05-26 10:00:00-04:00,728.4500122070312,729.0399780273438,727.6900024414062,729.0009155273438,1705959
2026-05-26 10:15:00-04:00,729.02001953125,730.3200073242188,728.5,729.9201049804688,1805370
2026-05-26 10:30:00-04:00,729.9000244140625,731.1699829101562,729.780029296875,730.8798828125,1394104
2026-05-26 10:45:00-04:00,730.8499755859375,731.0499877929688,729.6129760742188,729.6300048828125,1055314
2026-05-26 11:00:00-04:00,729.6599731445312,729.9299926757812,728.3900146484375,729.2799072265625,1625198
2026-05-26 11:15:00-04:00,729.25,729.260009765625,728.1500244140625,728.3099975585938,1282282
2026-05-26 11:30:00-04:00,728.322021484375,728.489990234375,727.3900146484375,727.6500244140625,907795
2026-05-26 11:45:00-04:00,727.655029296875,727.9600219726562,725.5700073242188,726.5650024414062,1533917
2026-05-26 12:00:00-04:00,726.5599975585938,727.8300170898438,726.3900146484375,726.8400268554688,1064415
2026-05-26 12:15:00-04:00,726.7999877929688,728.1400146484375,726.5650024414062,728.1201171875,462930
2026-05-26 12:30:00-04:00,728.1591796875,728.6898803710938,727.3699951171875,727.4199829101562,817239
2026-05-26 12:45:00-04:00,727.4299926757812,727.9299926757812,727.0399780273438,727.7100219726562,843524
2026-05-26 13:00:00-04:00,727.7100219726562,728.3599853515625,727.541015625,728.0001220703125,290445
2026-05-26 13:15:00-04:00,728.0499877929688,728.0900268554688,727.22998046875,727.5999145507812,382637
2026-05-26 13:30:00-04:00,727.5921020507812,728.3629760742188,727.3201293945312,727.9799194335938,777545
2026-05-26 13:45:00-04:00,728.0,728.6300048828125,727.97998046875,728.260009765625,557289
2026-05-26 14:00:00-04:00,728.2349853515625,729.0700073242188,727.9000854492188,728.9351196289062,435622
2026-05-26 14:15:00-04:00,728.9400024414062,729.6199951171875,728.8499755859375,729.4392700195312,764560
2026-05-26 14:30:00-04:00,729.4299926757812,729.77001953125,729.030029296875,729.0599975585938,661421
2026-05-26 14:45:00-04:00,729.0599975585938,729.4180297851562,728.510009765625,728.6300048828125,444172
2026-05-26 15:00:00-04:00,728.6099853515625,729.6900024414062,728.4500122070312,729.5599975585938,919619
2026-05-26 15:15:00-04:00,729.5499877929688,729.7999877929688,729.3699951171875,729.5800170898438,651936
2026-05-26 15:30:00-04:00,729.5700073242188,730.5900268554688,729.5499877929688,730.510009765625,1161927
2026-05-26 15:45:00-04:00,730.510009765625,731.02001953125,729.9600219726562,730.2150268554688,2802316
2026-05-27 09:30:00-04:00,732.9500122070312,733.3200073242188,727.510009765625,727.9000244140625,6276158
2026-05-27 09:45:00-04:00,727.9000244140625,730.280029296875,726.8599853515625,729.9000244140625,2692204
2026-05-27 10:00:00-04:00,729.8400268554688,730.8099975585938,727.989990234375,728.760009765625,1627337
2026-05-27 10:15:00-04:00,728.7899780273438,729.780029296875,725.6699829101562,726.35498046875,2043338
2026-05-27 10:30:00-04:00,726.3200073242188,728.9600219726562,725.4400024414062,728.1900024414062,1562513
2026-05-27 10:45:00-04:00,728.1900024414062,728.9600219726562,726.5,726.9199829101562,1302367
2026-05-27 11:00:00-04:00,726.9400024414062,727.8200073242188,726.22998046875,727.1900024414062,955182
2026-05-27 11:15:00-04:00,727.2000122070312,727.2000122070312,725.5449829101562,727.1799926757812,852787
2026-05-27 11:30:00-04:00,727.1799926757812,727.919921875,725.593017578125,725.719970703125,1037306
2026-05-27 11:45:00-04:00,725.7000122070312,726.989990234375,725.5399780273438,726.7999877929688,763595
2026-05-27 12:00:00-04:00,726.7899780273438,728.4000244140625,726.1099853515625,728.2949829101562,866726
2026-05-27 12:15:00-04:00,728.2899780273438,728.7750244140625,727.780029296875,728.1900024414062,954507
2026-05-27 12:30:00-04:00,728.1599731445312,729.3400268554688,727.780029296875,729.1199951171875,1898614
2026-05-27 12:45:00-04:00,729.1300048828125,729.5599975585938,727.7899780273438,728.099609375,895315
2026-05-27 13:00:00-04:00,728.1099853515625,728.2999877929688,725.85498046875,726.4500122070312,799749
2026-05-27 13:15:00-04:00,726.4600219726562,727.7999877929688,726.2999877929688,727.2999877929688,534034
2026-05-27 13:30:00-04:00,727.3499755859375,728.14990234375,727.0202026367188,727.1199951171875,467262
2026-05-27 13:45:00-04:00,727.0900268554688,728.2000122070312,726.9700927734375,727.739990234375,440698
2026-05-27 14:00:00-04:00,727.719970703125,728.4600219726562,727.5,728.3200073242188,841122
2026-05-27 14:15:00-04:00,728.2899780273438,729.6699829101562,728.1900024414062,729.6699829101562,882565
2026-05-27 14:30:00-04:00,729.6599731445312,729.8499755859375,728.9500122070312,729.5399780273438,590736
2026-05-27 14:45:00-04:00,729.52001953125,729.72998046875,729.2000122070312,729.3201293945312,518534
2026-05-27 15:00:00-04:00,729.3099975585938,729.8499755859375,728.9199829101562,729.3699951171875,511449
2026-05-27 15:15:00-04:00,729.3599853515625,729.6599731445312,728.5900268554688,728.989990234375,594011
2026-05-27 15:30:00-04:00,728.989990234375,730.0698852539062,728.969970703125,729.9450073242188,985750
2026-05-27 15:45:00-04:00,729.969970703125,729.969970703125,729.1699829101562,729.489990234375,2132573
2026-05-28 09:30:00-04:00,729.739990234375,731.1199951171875,727.04052734375,727.2999877929688,4199587
2026-05-28 09:45:00-04:00,727.2899780273438,728.3599853515625,726.4099731445312,728.1199951171875,2044910
2026-05-28 10:00:00-04:00,728.1199951171875,732.8499755859375,727.4700927734375,732.260009765625,2426468
2026-05-28 10:15:00-04:00,732.2100219726562,732.530029296875,729.9100952148438,731.9298706054688,1696226
2026-05-28 10:30:00-04:00,731.9299926757812,732.4550170898438,730.9199829101562,732.4500122070312,872738
2026-05-28 10:45:00-04:00,732.4099731445312,732.9400024414062,731.260009765625,732.8569946289062,878483
2026-05-28 11:00:00-04:00,732.8499755859375,734.219970703125,732.69140625,733.6600952148438,1577718
2026-05-28 11:15:00-04:00,733.6799926757812,734.9849853515625,733.3800048828125,734.6699829101562,1031956
2026-05-28 11:30:00-04:00,734.6900024414062,735.4099731445312,734.5549926757812,734.6500244140625,1232476
2026-05-28 11:45:00-04:00,734.6199951171875,735.1199951171875,734.3800048828125,734.736083984375,1081705
2026-05-28 12:00:00-04:00,734.7200927734375,735.186279296875,734.10009765625,734.969970703125,787299
2026-05-28 12:15:00-04:00,734.9550170898438,736.0,734.8262939453125,735.6400146484375,702435
2026-05-28 12:30:00-04:00,735.64501953125,735.8400268554688,735.0700073242188,735.760009765625,420093
2026-05-28 12:45:00-04:00,735.75,736.2999877929688,735.5599975585938,736.2249755859375,414973
2026-05-28 13:00:00-04:00,736.239990234375,736.4500122070312,735.9349975585938,735.989990234375,570178
2026-05-28 13:15:00-04:00,735.989990234375,736.0750122070312,735.5159912109375,735.5750122070312,653515
2026-05-28 13:30:00-04:00,735.5800170898438,736.1790161132812,735.1599731445312,736.1199951171875,1026365
2026-05-28 13:45:00-04:00,736.1500244140625,736.5999755859375,735.8900146484375,736.02001953125,735350
2026-05-28 14:00:00-04:00,736.0700073242188,736.47998046875,735.5999755859375,735.6599731445312,620216
2026-05-28 14:15:00-04:00,735.6799926757812,736.1849975585938,735.47998046875,735.969970703125,566391
2026-05-28 14:30:00-04:00,735.9500122070312,735.9500122070312,735.22998046875,735.5800170898438,675912
2026-05-28 14:45:00-04:00,735.5999755859375,735.97998046875,735.0999755859375,735.3800048828125,1442912
2026-05-28 15:00:00-04:00,735.3800048828125,735.8399047851562,735.0499877929688,735.25,649260
2026-05-28 15:15:00-04:00,735.2402954101562,735.719970703125,734.9199829101562,735.6500244140625,817935
2026-05-28 15:30:00-04:00,735.6500244140625,736.25,735.5999755859375,735.72998046875,1002042
2026-05-28 15:45:00-04:00,735.72998046875,736.1898803710938,735.0800170898438,735.5700073242188,2490960
2026-05-29 09:30:00-04:00,737.7100830078125,739.780029296875,737.4299926757812,739.780029296875,3825438
2026-05-29 09:45:00-04:00,739.7899780273438,741.2199096679688,739.5800170898438,741.1900024414062,1488864
2026-05-29 10:00:00-04:00,741.1699829101562,741.6099853515625,739.4199829101562,739.75,2009839
2026-05-29 10:15:00-04:00,739.7899780273438,739.8499755859375,737.0399780273438,738.5,2594555
2026-05-29 10:30:00-04:00,738.489990234375,739.27001953125,735.719970703125,735.8099975585938,2131911
2026-05-29 10:45:00-04:00,735.8099975585938,738.280029296875,735.25,737.4500122070312,2877930
2026-05-29 11:00:00-04:00,737.4500122070312,739.1199951171875,736.9149780273438,739.0599975585938,920161
2026-05-29 11:15:00-04:00,739.0549926757812,739.3499755859375,737.405029296875,738.3200073242188,855821
2026-05-29 11:30:00-04:00,738.3200073242188,738.8599853515625,737.5499877929688,737.8200073242188,696949
2026-05-29 11:45:00-04:00,737.8300170898438,738.2999877929688,737.2999877929688,737.469970703125,526642
2026-05-29 12:00:00-04:00,737.489990234375,739.5380249023438,737.4199829101562,739.2650146484375,721604
2026-05-29 12:15:00-04:00,739.27001953125,739.530029296875,738.4185791015625,738.489990234375,653742
2026-05-29 12:30:00-04:00,738.4949951171875,739.530029296875,738.0599975585938,738.9299926757812,676202
2026-05-29 12:45:00-04:00,738.9400024414062,739.0335083007812,737.8300170898438,738.3499755859375,396659
2026-05-29 13:00:00-04:00,738.3499755859375,738.655029296875,737.9199829101562,738.1950073242188,597498
2026-05-29 13:15:00-04:00,738.2349853515625,738.3800048828125,737.3200073242188,737.6300048828125,628703
2026-05-29 13:30:00-04:00,737.6300048828125,737.8150024414062,736.97998046875,737.135009765625,462856
2026-05-29 13:45:00-04:00,737.1300048828125,737.4299926757812,735.8800048828125,735.989990234375,863430
2026-05-29 14:00:00-04:00,736.0399780273438,737.5499877929688,735.780029296875,736.9600219726562,1368952
2026-05-29 14:15:00-04:00,736.9949951171875,738.010009765625,736.6500244140625,737.8699951171875,563572
2026-05-29 14:30:00-04:00,737.8599853515625,738.4099731445312,737.5599975585938,738.0,602899
2026-05-29 14:45:00-04:00,737.9990844726562,737.9990844726562,736.35498046875,736.5349731445312,896928
2026-05-29 15:00:00-04:00,736.52001953125,737.5900268554688,736.3099975585938,737.489990234375,1026464
2026-05-29 15:15:00-04:00,737.4600219726562,737.9199829101562,736.989990234375,737.8599853515625,1060739
2026-05-29 15:30:00-04:00,737.8699951171875,739.2791748046875,737.8699951171875,739.02001953125,1171604
2026-05-29 15:45:00-04:00,739.02001953125,739.4199829101562,738.2249755859375,738.2249755859375,3431181
2026-06-01 09:30:00-04:00,737.1300048828125,740.0150146484375,736.2999877929688,738.8300170898438,4619258
2026-06-01 09:45:00-04:00,738.8200073242188,740.1300048828125,736.25,736.4000244140625,1515394
2026-06-01 10:00:00-04:00,736.3099975585938,738.1500244140625,735.989990234375,737.4099731445312,1578469
2026-06-01 10:15:00-04:00,737.3699951171875,739.0800170898438,737.0999755859375,738.1300048828125,1499931
2026-06-01 10:30:00-04:00,738.0999755859375,739.3300170898438,737.8200073242188,739.0501098632812,1075661
2026-06-01 10:45:00-04:00,739.114990234375,739.72998046875,738.739990234375,739.469970703125,955233
2026-06-01 11:00:00-04:00,739.5,739.9500122070312,738.9299926757812,739.6699829101562,1039300
2026-06-01 11:15:00-04:00,739.739990234375,740.719970703125,739.7249755859375,740.52001953125,1105265
2026-06-01 11:30:00-04:00,740.510009765625,742.280029296875,740.510009765625,741.9099731445312,1627293
2026-06-01 11:45:00-04:00,741.9299926757812,741.97998046875,740.9199829101562,741.0399780273438,696947
2026-06-01 12:00:00-04:00,741.010009765625,741.8099975585938,740.2899780273438,740.614990234375,657734
2026-06-01 12:15:00-04:00,740.5700073242188,741.3099975585938,739.8400268554688,741.25,693666
2026-06-01 12:30:00-04:00,741.2999877929688,741.969970703125,741.2999877929688,741.5399780273438,732455
2026-06-01 12:45:00-04:00,741.5499877929688,743.02001953125,741.18701171875,742.9500122070312,782677
2026-06-01 13:00:00-04:00,742.9500122070312,743.0394897460938,741.8699951171875,742.2199096679688,512716
2026-06-01 13:15:00-04:00,742.2150268554688,743.47998046875,741.9299926757812,743.4099731445312,534118
2026-06-01 13:30:00-04:00,743.489990234375,745.5399780273438,742.6699829101562,744.6400146484375,1354706
2026-06-01 13:45:00-04:00,744.6599731445312,745.6400146484375,744.6400146484375,745.0900268554688,1903871
2026-06-01 14:00:00-04:00,745.09912109375,745.1799926757812,744.1300048828125,744.22998046875,690390
2026-06-01 14:15:00-04:00,744.239990234375,744.739990234375,744.0700073242188,744.5399780273438,358771
2026-06-01 14:30:00-04:00,744.530029296875,744.7075805664062,744.1611938476562,744.4299926757812,498529
2026-06-01 14:45:00-04:00,744.4299926757812,744.4600219726562,743.77001953125,743.969970703125,410456
2026-06-01 15:00:00-04:00,743.9500122070312,744.530029296875,743.719970703125,744.1500244140625,663699
2026-06-01 15:15:00-04:00,744.1400146484375,744.1799926757812,743.8200073242188,744.0,1866901
2026-06-01 15:30:00-04:00,744.0,744.0020141601562,743.030029296875,743.1500244140625,947851
2026-06-01 15:45:00-04:00,743.1400146484375,743.2899780273438,742.3400268554688,742.6900024414062,2624563
2026-06-02 09:30:00-04:00,742.4600219726562,742.6599731445312,739.22998046875,741.155029296875,4120573
2026-06-02 09:45:00-04:00,741.1199951171875,743.5999755859375,741.02001953125,743.52001953125,1770290
2026-06-02 10:00:00-04:00,743.5399780273438,744.6599731445312,742.7659912109375,744.3200073242188,1597842
2026-06-02 10:15:00-04:00,744.3499755859375,744.4000854492188,741.989990234375,742.5447998046875,1443312
2026-06-02 10:30:00-04:00,742.530029296875,744.0999755859375,742.4400024414062,744.0800170898438,1088873
2026-06-02 10:45:00-04:00,744.0999145507812,744.5700073242188,743.5499877929688,744.5399780273438,1165686
2026-06-02 11:00:00-04:00,744.5499877929688,745.1099853515625,743.7899780273438,745.10498046875,875226
2026-06-02 11:15:00-04:00,745.1199951171875,745.3699951171875,744.7899780273438,745.0999755859375,1276902
2026-06-02 11:30:00-04:00,745.0701293945312,745.5800170898438,744.7401123046875,745.1400146484375,667051
2026-06-02 11:45:00-04:00,745.1599731445312,745.8900146484375,744.9299926757812,745.7000122070312,821889
2026-06-02 12:00:00-04:00,745.6900024414062,746.219970703125,745.1799926757812,745.9299926757812,574762
2026-06-02 12:15:00-04:00,745.9600219726562,745.9600219726562,744.760498046875,744.9500122070312,481706
2026-06-02 12:30:00-04:00,744.9608764648438,745.3400268554688,744.52001953125,744.6950073242188,572375
2026-06-02 12:45:00-04:00,744.6699829101562,745.7999877929688,744.5599975585938,745.7562866210938,1097161
2026-06-02 13:00:00-04:00,745.72998046875,746.02001953125,745.3900146484375,745.8201293945312,494142
2026-06-02 13:15:00-04:00,745.8300170898438,745.8300170898438,744.3099975585938,744.5549926757812,677548
2026-06-02 13:30:00-04:00,744.5599975585938,744.7000122070312,743.7349853515625,744.3800048828125,757268
2026-06-02 13:45:00-04:00,744.3800048828125,744.7150268554688,744.1400146484375,744.2000122070312,530161
2026-06-02 14:00:00-04:00,744.2000122070312,745.0700073242188,743.905029296875,744.6950073242188,462840
2026-06-02 14:15:00-04:00,744.6799926757812,744.6799926757812,744.260009765625,744.47998046875,352259
2026-06-02 14:30:00-04:00,744.47998046875,744.8499755859375,743.5,743.97998046875,955390
2026-06-02 14:45:00-04:00,743.9299926757812,744.530029296875,743.8798828125,744.4691772460938,500030
2026-06-02 15:00:00-04:00,744.47998046875,745.510009765625,744.469970703125,745.27001953125,756737
2026-06-02 15:15:00-04:00,745.3400268554688,745.5999755859375,745.010009765625,745.030029296875,638228
2026-06-02 15:30:00-04:00,745.030029296875,745.5900268554688,744.989990234375,745.4899291992188,972801
2026-06-02 15:45:00-04:00,745.47998046875,746.4400024414062,745.4000244140625,746.1400146484375,3114144
2026-06-03 09:30:00-04:00,747.344970703125,748.6300048828125,744.0999755859375,744.2000122070312,4583625
2026-06-03 09:45:00-04:00,744.1199951171875,744.6799926757812,741.02001953125,742.6500244140625,3683146
2026-06-03 10:00:00-04:00,742.6500244140625,745.7100219726562,742.3699951171875,745.7100219726562,2468120
2026-06-03 10:15:00-04:00,745.719970703125,746.594970703125,745.1099853515625,746.5499877929688,2023396
2026-06-03 10:30:00-04:00,746.5499877929688,746.9500122070312,745.219970703125,746.010009765625,1617159
2026-06-03 10:45:00-04:00,746.02001953125,746.530029296875,744.6799926757812,745.1900024414062,1086551
2026-06-03 11:00:00-04:00,745.2050170898438,746.3699951171875,745.1400146484375,745.8300170898438,748910
2026-06-03 11:15:00-04:00,745.8300170898438,745.9299926757812,743.9400024414062,745.219970703125,1009040
2026-06-03 11:30:00-04:00,745.1900024414062,745.7999877929688,743.5499877929688,743.6300048828125,820711
2026-06-03 11:45:00-04:00,743.5999755859375,744.3150024414062,742.7725219726562,743.6699829101562,1219892
2026-06-03 12:00:00-04:00,743.7000122070312,744.1390991210938,743.0601196289062,743.8599853515625,593261
2026-06-03 12:15:00-04:00,743.8132934570312,743.8192749023438,741.8800048828125,742.4199829101562,1083140
2026-06-03 12:30:00-04:00,742.3200073242188,743.0469970703125,741.27001953125,741.6119995117188,965159
2026-06-03 12:45:00-04:00,742.0599975585938,743.739990234375,742.0490112304688,743.739990234375,713925
2026-06-03 13:00:00-04:00,743.77001953125,743.780029296875,741.969970703125,742.1528930664062,635579
2026-06-03 13:15:00-04:00,742.1900024414062,742.9683837890625,741.6002197265625,742.9210205078125,510540
2026-06-03 13:30:00-04:00,742.9199829101562,743.9149780273438,742.219970703125,743.9000244140625,697054
2026-06-03 13:45:00-04:00,743.9199829101562,744.7100219726562,743.7100219726562,744.5900268554688,714738
2026-06-03 14:00:00-04:00,744.6370239257812,744.8599853515625,743.8599853515625,744.135009765625,1210743
2026-06-03 14:15:00-04:00,744.1599731445312,745.469970703125,743.760009765625,745.4099731445312,876345
2026-06-03 14:30:00-04:00,745.4099731445312,745.52001953125,744.3900146484375,744.7899780273438,1757768
2026-06-03 14:45:00-04:00,744.8099975585938,745.1699829101562,744.4100952148438,744.780029296875,533145
2026-06-03 15:00:00-04:00,744.7999877929688,744.9600219726562,743.9000244140625,744.4149780273438,612500
2026-06-03 15:15:00-04:00,744.4099731445312,744.97998046875,743.7705078125,744.3599853515625,1282436
2026-06-03 15:30:00-04:00,744.344970703125,745.6950073242188,744.1699829101562,745.50830078125,1185132
2026-06-03 15:45:00-04:00,745.489990234375,745.7550048828125,743.9400024414062,744.2542114257812,3804838
2026-06-04 09:30:00-04:00,735.489990234375,737.7999877929688,734.0700073242188,734.4600219726562,6708433
2026-06-04 09:45:00-04:00,734.469970703125,736.6099853515625,733.5599975585938,735.0,2681538
2026-06-04 10:00:00-04:00,735.0,735.75,732.6300048828125,735.6900024414062,2498592
2026-06-04 10:15:00-04:00,735.6701049804688,737.3499755859375,735.02001953125,737.1900024414062,1191971
2026-06-04 10:30:00-04:00,737.1500244140625,737.3200073242188,736.02001953125,736.1799926757812,1160609
2026-06-04 10:45:00-04:00,736.1599731445312,737.5800170898438,735.98876953125,737.5200805664062,866834
2026-06-04 11:00:00-04:00,737.5700073242188,739.9000244140625,737.5399780273438,739.8300170898438,1413946
2026-06-04 11:15:00-04:00,739.8499755859375,740.27001953125,739.3599853515625,739.6104736328125,1035938
2026-06-04 11:30:00-04:00,739.6300048828125,739.780029296875,738.8900146484375,739.0599975585938,936328
2026-06-04 11:45:00-04:00,739.1099853515625,739.1400146484375,737.719970703125,738.9400024414062,929349
2026-06-04 12:00:00-04:00,738.9600219726562,739.8800048828125,738.5,739.6500244140625,818217
2026-06-04 12:15:00-04:00,739.6099853515625,740.6749877929688,739.6013793945312,740.5499877929688,543113
2026-06-04 12:30:00-04:00,740.5549926757812,740.7963256835938,739.5401000976562,740.6300048828125,902990
2026-06-04 12:45:00-04:00,740.6400146484375,740.8800048828125,740.2200927734375,740.52001953125,607198
2026-06-04 13:00:00-04:00,740.52001953125,741.0700073242188,740.1799926757812,740.8900146484375,734260
2026-06-04 13:15:00-04:00,740.8906860351562,741.4500122070312,740.4400024414062,741.3900146484375,592779
2026-06-04 13:30:00-04:00,741.385009765625,742.02001953125,741.3099975585938,741.9949951171875,792997
2026-06-04 13:45:00-04:00,742.02001953125,742.5700073242188,741.6900024414062,742.5,553968
2026-06-04 14:00:00-04:00,742.4949951171875,743.4299926757812,742.405029296875,743.2999877929688,974916
2026-06-04 14:15:00-04:00,743.280029296875,743.3800048828125,742.8499755859375,743.1599731445312,864026
2026-06-04 14:30:00-04:00,743.135009765625,743.25,742.4199829101562,742.7799072265625,1193325
2026-06-04 14:45:00-04:00,742.77099609375,743.2550048828125,742.219970703125,742.402099609375,600500
2026-06-04 15:00:00-04:00,742.4400024414062,743.1699829101562,742.1007080078125,742.3200073242188,961036
2026-06-04 15:15:00-04:00,742.3200073242188,743.3099975585938,741.7449951171875,743.281494140625,1160770
2026-06-04 15:30:00-04:00,743.2750244140625,743.498779296875,742.1099853515625,742.1649780273438,968129
2026-06-04 15:45:00-04:00,742.1400146484375,744.2100219726562,740.3900146484375,740.5,4715845
2026-06-05 09:30:00-04:00,729.926025390625,731.6799926757812,727.4500122070312,727.5,6748732
2026-06-05 09:45:00-04:00,727.510009765625,728.030029296875,723.6539916992188,723.7000122070312,4625707
2026-06-05 10:00:00-04:00,723.739990234375,726.1300048828125,723.3400268554688,726.1300048828125,3713788
2026-06-05 10:15:00-04:00,726.1400146484375,727.8400268554688,724.4201049804688,724.9598999023438,2159455
2026-06-05 10:30:00-04:00,724.9550170898438,727.47998046875,724.739990234375,725.4400024414062,2165718
2026-06-05 10:45:00-04:00,725.4044189453125,726.1199951171875,724.530029296875,725.6602172851562,1443583
2026-06-05 11:00:00-04:00,725.6799926757812,726.0399780273438,722.580078125,722.580078125,1952352
2026-06-05 11:15:00-04:00,722.5900268554688,723.47998046875,721.760009765625,722.3181762695312,2389547
2026-06-05 11:30:00-04:00,722.22021484375,722.8499755859375,719.8599853515625,720.5800170898438,2164486
2026-06-05 11:45:00-04:00,720.5549926757812,721.469970703125,720.1901245117188,720.989990234375,1480158
2026-06-05 12:00:00-04:00,720.9401245117188,720.97998046875,718.6199951171875,719.3300170898438,2327161
2026-06-05 12:15:00-04:00,719.2899780273438,719.3198852539062,717.9149780273438,718.0798950195312,2249241
2026-06-05 12:30:00-04:00,718.0750122070312,718.2100219726562,715.0,715.385009765625,4517266
2026-06-05 12:45:00-04:00,715.3599853515625,717.2000122070312,714.1950073242188,716.8099975585938,3655261
2026-06-05 13:00:00-04:00,716.8200073242188,716.8300170898438,714.0599975585938,714.8350219726562,2515852
2026-06-05 13:15:00-04:00,714.780029296875,715.7999877929688,713.7000122070312,715.6500244140625,2032249
2026-06-05 13:30:00-04:00,715.6199951171875,717.2100219726562,714.77001953125,715.0899047851562,2484533
2026-06-05 13:45:00-04:00,715.0701293945312,716.4600219726562,714.8507080078125,716.3900146484375,1087330
2026-06-05 14:00:00-04:00,716.4000244140625,716.52001953125,712.4600219726562,712.6199951171875,2358681
2026-06-05 14:15:00-04:00,712.6199951171875,712.6599731445312,710.3099975585938,710.8099975585938,3998654
2026-06-05 14:30:00-04:00,710.8300170898438,711.1400146484375,708.5499877929688,709.2999877929688,3909940
2026-06-05 14:45:00-04:00,709.3099975585938,710.2000122070312,707.2999877929688,709.6400146484375,4872085
2026-06-05 15:00:00-04:00,709.6300048828125,710.1099853515625,706.0900268554688,706.6400756835938,4091559
2026-06-05 15:15:00-04:00,706.5599975585938,708.780029296875,704.3200073242188,708.72998046875,4070975
2026-06-05 15:30:00-04:00,708.72998046875,708.8200073242188,706.239990234375,707.3900146484375,5750746
2026-06-05 15:45:00-04:00,707.3499145507812,709.739990234375,705.0499877929688,705.2100219726562,10449043
2026-06-08 09:30:00-04:00,717.8099975585938,719.2100219726562,714.6799926757812,717.5399780273438,8325263
2026-06-08 09:45:00-04:00,717.5599975585938,718.52001953125,713.3800048828125,713.5399780273438,2368941
2026-06-08 10:00:00-04:00,713.510009765625,716.4500122070312,713.0999755859375,715.7000122070312,2147768
2026-06-08 10:15:00-04:00,715.72998046875,717.89697265625,714.1199951171875,717.5599975585938,1479697
2026-06-08 10:30:00-04:00,717.47998046875,719.6400146484375,717.25,718.3300170898438,1774472
2026-06-08 10:45:00-04:00,718.3599853515625,721.52001953125,718.3599853515625,721.4299926757812,1727254
2026-06-08 11:00:00-04:00,721.4400024414062,722.8200073242188,721.1799926757812,722.3599853515625,2908587
2026-06-08 11:15:00-04:00,722.4099731445312,723.027587890625,720.1400146484375,720.2520141601562,1411957
2026-06-08 11:30:00-04:00,720.299072265625,721.6199951171875,718.5800170898438,721.6099853515625,1776184
2026-06-08 11:45:00-04:00,721.60498046875,722.27001953125,719.469970703125,719.8203735351562,1013520
2026-06-08 12:00:00-04:00,719.8699951171875,720.8300170898438,719.1099853515625,720.4500122070312,808925
2026-06-08 12:15:00-04:00,720.52001953125,721.8200073242188,719.1599731445312,719.27001953125,693402
2026-06-08 12:30:00-04:00,719.27001953125,720.0,718.47998046875,719.280029296875,919545
2026-06-08 12:45:00-04:00,719.2750244140625,720.3499145507812,719.0399780273438,719.0999755859375,598790
2026-06-08 13:00:00-04:00,719.125,719.1749877929688,716.8400268554688,717.8900756835938,1142952
2026-06-08 13:15:00-04:00,717.8800048828125,719.72998046875,716.7999877929688,719.6798706054688,923306
2026-06-08 13:30:00-04:00,719.5900268554688,720.1400146484375,717.4199829101562,717.4620971679688,928970
2026-06-08 13:45:00-04:00,717.498779296875,719.5499877929688,717.489990234375,718.5700073242188,1034630
2026-06-08 14:00:00-04:00,718.6199951171875,719.8599853515625,718.5100708007812,718.72998046875,816008
2026-06-08 14:15:00-04:00,718.760009765625,719.5399780273438,718.6099853515625,719.340087890625,1154746
2026-06-08 14:30:00-04:00,719.35009765625,720.0050048828125,717.8699951171875,717.9500122070312,1509402
2026-06-08 14:45:00-04:00,717.9401245117188,718.9000244140625,717.9299926757812,718.219970703125,700926
2026-06-08 15:00:00-04:00,718.2349853515625,718.3399047851562,715.4199829101562,715.4340209960938,1321290
2026-06-08 15:15:00-04:00,715.4765014648438,716.02001953125,714.22998046875,715.6500244140625,2030548
2026-06-08 15:30:00-04:00,715.6649780273438,717.0599975585938,715.280029296875,715.6300048828125,1184778
2026-06-08 15:45:00-04:00,715.6300048828125,716.530029296875,715.2100219726562,716.0999755859375,3316132
2026-06-09 09:30:00-04:00,722.969970703125,723.7899780273438,720.5,723.7000732421875,4457402
2026-06-09 09:45:00-04:00,723.72998046875,725.6599731445312,721.3300170898438,721.5050048828125,2417205
2026-06-09 10:00:00-04:00,721.469970703125,722.4000244140625,716.9400024414062,717.1099853515625,2792592
2026-06-09 10:15:00-04:00,717.02001953125,717.9199829101562,714.010009765625,715.9500122070312,3722189
2026-06-09 10:30:00-04:00,715.9299926757812,716.969970703125,711.760009765625,712.125,2246879
2026-06-09 10:45:00-04:00,712.1799926757812,712.75,707.1599731445312,710.9401245117188,4249718
2026-06-09 11:00:00-04:00,710.989990234375,712.4299926757812,708.6199951171875,711.0399780273438,2042569
2026-06-09 11:15:00-04:00,711.0299072265625,711.2993774414062,701.5,701.72998046875,3205286
2026-06-09 11:30:00-04:00,701.760009765625,703.7899780273438,700.6099853515625,702.7999877929688,4769073
2026-06-09 11:45:00-04:00,702.8099975585938,704.405029296875,697.4000244140625,697.7100219726562,3484884
2026-06-09 12:00:00-04:00,697.75,699.9299926757812,694.7700805664062,695.9249877929688,4075687
2026-06-09 12:15:00-04:00,695.8800048828125,696.02001953125,690.6400146484375,693.5750122070312,4932913
2026-06-09 12:30:00-04:00,693.5,694.7199096679688,686.3699951171875,689.9500122070312,6082999
2026-06-09 12:45:00-04:00,689.8900146484375,692.6599731445312,687.6074829101562,692.5650024414062,4267457
2026-06-09 13:00:00-04:00,692.5499877929688,697.22998046875,692.219970703125,696.6699829101562,3855730
2026-06-09 13:15:00-04:00,696.64501953125,700.0,695.6099853515625,698.9550170898438,3481176
2026-06-09 13:30:00-04:00,698.9299926757812,703.3599853515625,698.0399780273438,701.909912109375,2591329
2026-06-09 13:45:00-04:00,701.9163818359375,702.3499755859375,698.22998046875,700.97998046875,2485754
2026-06-09 14:00:00-04:00,701.0900268554688,702.4099731445312,699.9199829101562,701.780029296875,1713379
2026-06-09 14:15:00-04:00,701.7999877929688,704.614990234375,700.8099975585938,704.469970703125,2476000
2026-06-09 14:30:00-04:00,704.469970703125,706.2299194335938,703.0399780273438,703.219970703125,2425909
2026-06-09 14:45:00-04:00,703.239990234375,707.3099975585938,703.0900268554688,706.739990234375,1975070
2026-06-09 15:00:00-04:00,706.7000122070312,708.5999755859375,704.030029296875,704.1699829101562,2517987
2026-06-09 15:15:00-04:00,704.22998046875,704.3800048828125,701.1799926757812,703.969970703125,2615280
2026-06-09 15:30:00-04:00,703.9500122070312,704.760009765625,701.530029296875,703.14501953125,2247021
2026-06-09 15:45:00-04:00,703.1799926757812,708.280029296875,701.4400024414062,707.9600219726562,5155542
2026-06-10 09:30:00-04:00,701.4949951171875,707.4299926757812,699.6199951171875,707.1010131835938,8990570
2026-06-10 09:45:00-04:00,707.1400146484375,709.1699829101562,704.7899780273438,705.7349853515625,2978258
2026-06-10 10:00:00-04:00,705.75,709.1599731445312,704.47998046875,707.3900756835938,2229876
2026-06-10 10:15:00-04:00,707.469970703125,710.77001953125,706.3070068359375,709.3499755859375,1794993
2026-06-10 10:30:00-04:00,709.3099975585938,711.260009765625,707.1900024414062,707.1900024414062,1594073
2026-06-10 10:45:00-04:00,707.1099853515625,708.2100219726562,701.6900024414062,702.8200073242188,2656665
2026-06-10 11:00:00-04:00,702.7999877929688,704.8779907226562,699.0599975585938,699.0800170898438,2678163
2026-06-10 11:15:00-04:00,699.0,702.1799926757812,697.094970703125,700.0999755859375,2873515
2026-06-10 11:30:00-04:00,700.1400146484375,702.1099853515625,698.4600219726562,701.6699829101562,2192039
2026-06-10 11:45:00-04:00,701.6300048828125,702.1500244140625,696.1900024414062,701.6900024414062,3314295
2026-06-10 12:00:00-04:00,701.8350219726562,702.6400146484375,698.1799926757812,698.5399780273438,1672151
2026-06-10 12:15:00-04:00,698.5499877929688,699.6799926757812,697.989990234375,698.8499755859375,1339596
2026-06-10 12:30:00-04:00,698.7000122070312,701.5499877929688,697.990478515625,699.1699829101562,1478197
2026-06-10 12:45:00-04:00,699.0800170898438,699.3599853515625,697.030029296875,698.2999877929688,1260314
2026-06-10 13:00:00-04:00,698.3400268554688,699.8300170898438,696.1300048828125,696.5971069335938,1144309
2026-06-10 13:15:00-04:00,696.5999755859375,697.8099975585938,696.1500244140625,697.5700073242188,1214494
2026-06-10 13:30:00-04:00,697.5499877929688,697.7000122070312,695.8800048828125,695.969970703125,1010867
2026-06-10 13:45:00-04:00,695.969970703125,700.1500244140625,695.8699951171875,699.8200073242188,1913738
2026-06-10 14:00:00-04:00,699.8800048828125,701.0700073242188,699.1300048828125,699.8599853515625,1102713
2026-06-10 14:15:00-04:00,699.8300170898438,700.5599975585938,697.8499755859375,698.2125244140625,828591
2026-06-10 14:30:00-04:00,698.1799926757812,698.2999877929688,696.27001953125,696.9550170898438,1284970
2026-06-10 14:45:00-04:00,696.9500122070312,697.0,694.8699951171875,695.6500244140625,1575107
2026-06-10 15:00:00-04:00,695.6500854492188,697.0999755859375,694.8099975585938,695.3049926757812,1514435
2026-06-10 15:15:00-04:00,695.3200073242188,695.4000244140625,692.9299926757812,694.2000122070312,1982894
2026-06-10 15:30:00-04:00,694.1599731445312,697.0,693.6799926757812,695.9349975585938,3022773
2026-06-10 15:45:00-04:00,695.9099731445312,696.9600219726562,693.7100219726562,693.7100219726562,5566652
2026-06-11 09:30:00-04:00,699.2899780273438,700.3400268554688,696.8200073242188,698.969970703125,6099084
2026-06-11 09:45:00-04:00,698.9500122070312,705.5499877929688,698.1950073242188,702.77001953125,3646455
2026-06-11 10:00:00-04:00,702.8300170898438,706.4099731445312,701.0999755859375,701.4299926757812,2512389
2026-06-11 10:15:00-04:00,701.3800048828125,703.5,699.2000122070312,702.125,2310603
2026-06-11 10:30:00-04:00,702.10498046875,703.8400268554688,700.4099731445312,700.8300170898438,1634437
2026-06-11 10:45:00-04:00,700.8699951171875,701.4498901367188,695.72998046875,696.75048828125,2143139
2026-06-11 11:00:00-04:00,696.77001953125,700.2260131835938,695.0,699.5200805664062,2446652
2026-06-11 11:15:00-04:00,699.5750122070312,701.7899780273438,699.094970703125,699.3499755859375,1649338
2026-06-11 11:30:00-04:00,699.3499755859375,702.97998046875,698.969970703125,700.7899780273438,1626076
2026-06-11 11:45:00-04:00,700.7899780273438,702.1699829101562,699.7999877929688,701.811279296875,1059077
2026-06-11 12:00:00-04:00,701.780029296875,704.39501953125,701.0,704.0399780273438,1427393
2026-06-11 12:15:00-04:00,704.0399780273438,704.5900268554688,701.3599853515625,701.4749755859375,1412303
2026-06-11 12:30:00-04:00,701.4500122070312,704.3699951171875,700.9199829101562,702.4400024414062,1258359
2026-06-11 12:45:00-04:00,702.4000244140625,702.8300170898438,699.5499877929688,699.5499877929688,1101664
2026-06-11 13:00:00-04:00,699.6300048828125,700.5499877929688,698.260009765625,699.0,1928849
2026-06-11 13:15:00-04:00,698.97998046875,707.4400024414062,697.4600830078125,707.27001953125,2289759
2026-06-11 13:30:00-04:00,707.27001953125,712.5399780273438,707.27001953125,712.0,5813490
2026-06-11 13:45:00-04:00,712.0700073242188,712.489990234375,708.0900268554688,710.3900146484375,3146037
2026-06-11 14:00:00-04:00,710.385009765625,711.3499755859375,706.85498046875,709.655029296875,3431109
2026-06-11 14:15:00-04:00,709.6300048828125,711.64990234375,708.8900146484375,709.8099975585938,2042302
2026-06-11 14:30:00-04:00,709.8400268554688,711.0,709.4301147460938,710.7100219726562,1317261
2026-06-11 14:45:00-04:00,710.6199951171875,712.739990234375,710.4600219726562,711.75,1735199
2026-06-11 15:00:00-04:00,711.760009765625,714.25,710.8099975585938,713.9650268554688,2376098
2026-06-11 15:15:00-04:00,714.0499877929688,716.030029296875,713.6799926757812,715.50830078125,1745997
2026-06-11 15:30:00-04:00,715.5900268554688,718.3720703125,715.4849853515625,717.3499755859375,3384564
2026-06-11 15:45:00-04:00,717.3300170898438,717.4000244140625,715.0399780273438,716.5599975585938,6616449
2026-06-12 09:30:00-04:00,717.6099853515625,717.6699829101562,712.010009765625,712.4400024414062,7521616
2026-06-12 09:45:00-04:00,712.47998046875,715.5399780273438,711.280029296875,714.25,2710039
2026-06-12 10:00:00-04:00,714.27001953125,720.125,713.9199829101562,718.8300170898438,2625816
2026-06-12 10:15:00-04:00,718.8099975585938,720.8150024414062,717.4199829101562,718.0650024414062,1662059
2026-06-12 10:30:00-04:00,718.0,720.3200073242188,715.52001953125,715.5900268554688,1680305
2026-06-12 10:45:00-04:00,715.5900268554688,721.3200073242188,714.1799926757812,720.969970703125,2814288
2026-06-12 11:00:00-04:00,721.0798950195312,722.8200073242188,720.4099731445312,722.4534301757812,1501748
2026-06-12 11:15:00-04:00,722.5050048828125,724.010009765625,721.75,723.6500244140625,1702063
2026-06-12 11:30:00-04:00,723.6649780273438,723.748291015625,719.22998046875,719.4400024414062,2936467
2026-06-12 11:45:00-04:00,719.4299926757812,720.72998046875,715.5800170898438,716.2750244140625,2707061
2026-06-12 12:00:00-04:00,716.2899780273438,721.4600219726562,715.5700073242188,720.0650024414062,2695458
2026-06-12 12:15:00-04:00,720.0800170898438,721.780029296875,718.9500122070312,720.0399780273438,1519184
2026-06-12 12:30:00-04:00,719.989990234375,721.1500244140625,719.5499877929688,720.0549926757812,898453
2026-06-12 12:45:00-04:00,720.0401000976562,722.1199951171875,719.9199829101562,721.9199829101562,1194211
2026-06-12 13:00:00-04:00,721.969970703125,723.7999877929688,721.6099853515625,722.6300048828125,1284813
2026-06-12 13:15:00-04:00,722.6500244140625,723.6500244140625,722.3400268554688,723.0650024414062,1062991
2026-06-12 13:30:00-04:00,723.0800170898438,723.22998046875,722.1099853515625,722.5499877929688,1503034
2026-06-12 13:45:00-04:00,722.530029296875,723.1300048828125,721.2899780273438,722.1199951171875,701168
2026-06-12 14:00:00-04:00,722.1699829101562,722.75,720.7899780273438,721.3200073242188,1139264
2026-06-12 14:15:00-04:00,721.341796875,721.8798828125,720.3499755859375,721.6799926757812,1171582
2026-06-12 14:30:00-04:00,721.6801147460938,723.02001953125,721.6400146484375,722.780029296875,983558
2026-06-12 14:45:00-04:00,722.7899780273438,722.8400268554688,721.0399780273438,721.22998046875,1070807
2026-06-12 15:00:00-04:00,721.1500244140625,722.780029296875,721.0504760742188,721.6799926757812,759521
2026-06-12 15:15:00-04:00,721.6599731445312,722.3900146484375,721.1500244140625,721.5599975585938,756347
2026-06-12 15:30:00-04:00,721.4600219726562,722.0599975585938,719.5900268554688,720.969970703125,1491154
2026-06-12 15:45:00-04:00,720.9580078125,722.0700073242188,720.360107421875,721.3200073242188,2464758
2026-06-15 09:30:00-04:00,738.0900268554688,740.4500122070312,737.3800048828125,739.6599731445312,5826157
2026-06-15 09:45:00-04:00,739.6799926757812,742.0,739.530029296875,739.6798706054688,2869952
2026-06-15 10:00:00-04:00,739.6900024414062,741.1500244140625,739.1900024414062,740.3400268554688,1967545
2026-06-15 10:15:00-04:00,740.3200073242188,741.1099243164062,738.9400024414062,740.9920043945312,1607070
2026-06-15 10:30:00-04:00,741.0700073242188,741.280029296875,739.6500244140625,740.02001953125,1267637
2026-06-15 10:45:00-04:00,740.030029296875,741.9500122070312,739.8350219726562,741.4459838867188,863986
2026-06-15 11:00:00-04:00,741.4400024414062,742.7000122070312,741.3499755859375,742.489990234375,1295608
2026-06-15 11:15:00-04:00,742.510009765625,743.2899169921875,742.0700073242188,743.1199951171875,1048102
2026-06-15 11:30:00-04:00,743.1599731445312,743.3499755859375,742.155029296875,742.9400024414062,1519223
2026-06-15 11:45:00-04:00,742.9500122070312,744.1599731445312,742.9099731445312,743.969970703125,955976
2026-06-15 12:00:00-04:00,743.97998046875,744.52001953125,743.7000122070312,744.2000122070312,2029767
2026-06-15 12:15:00-04:00,744.2100219726562,744.719970703125,743.7100219726562,744.4749755859375,651702
2026-06-15 12:30:00-04:00,744.4669799804688,744.7598876953125,743.526611328125,743.969970703125,1341130
2026-06-15 12:45:00-04:00,743.9600219726562,743.9600219726562,743.27001953125,743.6699829101562,1401970
2026-06-15 13:00:00-04:00,743.6799926757812,744.1041870117188,742.77001953125,743.3300170898438,2002592
2026-06-15 13:15:00-04:00,743.3150024414062,744.239990234375,743.2150268554688,744.010009765625,1178912
2026-06-15 13:30:00-04:00,744.030029296875,744.2349853515625,743.5650024414062,743.8499755859375,1669710
2026-06-15 13:45:00-04:00,743.8400268554688,744.0700073242188,743.3214111328125,743.4400024414062,463176
2026-06-15 14:00:00-04:00,743.469970703125,743.72998046875,742.7999877929688,743.6599731445312,925329
2026-06-15 14:15:00-04:00,743.6900024414062,743.9199829101562,742.9400024414062,743.0399780273438,444972
2026-06-15 14:30:00-04:00,743.02001953125,744.0999755859375,742.6500244140625,744.0,1338783
2026-06-15 14:45:00-04:00,743.9660034179688,744.280029296875,743.3499755859375,743.530029296875,1287322
2026-06-15 15:00:00-04:00,743.530029296875,743.77001953125,743.0399780273438,743.4299926757812,798223
2026-06-15 15:15:00-04:00,743.4299926757812,743.7374877929688,742.8200073242188,742.8200073242188,1152139
2026-06-15 15:30:00-04:00,742.8099975585938,743.6199951171875,742.5700073242188,743.3900146484375,1087319
2026-06-15 15:45:00-04:00,743.3800048828125,743.9400024414062,742.4299926757812,743.8099975585938,4085618
2026-06-16 09:30:00-04:00,742.280029296875,743.489990234375,740.8200073242188,742.4749755859375,3746904
2026-06-16 09:45:00-04:00,742.4600219726562,744.219970703125,741.969970703125,742.219970703125,1549032
2026-06-16 10:00:00-04:00,742.260009765625,743.3400268554688,741.9000854492188,742.4099731445312,1587280
2026-06-16 10:15:00-04:00,742.4298706054688,742.6345825195312,738.9000244140625,739.1099853515625,2367460
2026-06-16 10:30:00-04:00,739.0900268554688,739.9600219726562,736.9400024414062,739.22998046875,2312704
2026-06-16 10:45:00-04:00,739.1599731445312,739.1599731445312,736.2874755859375,737.2000122070312,1348041
2026-06-16 11:00:00-04:00,737.2000122070312,738.7296142578125,736.9520263671875,737.7000122070312,1126294
2026-06-16 11:15:00-04:00,737.7000122070312,738.3599853515625,734.739990234375,735.6099853515625,1540097
2026-06-16 11:30:00-04:00,735.7100219726562,736.5800170898438,733.9299926757812,734.1799926757812,1285459
2026-06-16 11:45:00-04:00,734.1199951171875,735.469970703125,732.510009765625,733.9500732421875,2023901
2026-06-16 12:00:00-04:00,733.9600219726562,736.4099731445312,733.8800048828125,735.5850219726562,1621396
2026-06-16 12:15:00-04:00,735.6099853515625,736.5399780273438,735.114990234375,735.6749877929688,946847
2026-06-16 12:30:00-04:00,735.6699829101562,735.780029296875,733.4299926757812,734.719970703125,987548
2026-06-16 12:45:00-04:00,734.739990234375,735.2899780273438,733.5700073242188,734.669921875,1045459
2026-06-16 13:00:00-04:00,734.6199951171875,734.6599731445312,733.5999755859375,734.1500244140625,747984
2026-06-16 13:15:00-04:00,734.1649780273438,734.4398803710938,732.9550170898438,733.64990234375,714767
2026-06-16 13:30:00-04:00,733.6199951171875,733.8400268554688,732.27001953125,733.2949829101562,922501
2026-06-16 13:45:00-04:00,733.2899780273438,735.0599975585938,732.969970703125,734.0499877929688,1063318
2026-06-16 14:00:00-04:00,734.048828125,734.469970703125,733.8800048828125,733.9743041992188,463325
2026-06-16 14:15:00-04:00,733.9849853515625,734.2199096679688,733.2899780273438,733.8599853515625,643778
2026-06-16 14:30:00-04:00,733.8800048828125,734.0,732.77001953125,733.6649780273438,1019707
2026-06-16 14:45:00-04:00,733.6599731445312,733.8099975585938,732.760009765625,733.1699829101562,1632066
2026-06-16 15:00:00-04:00,733.1699829101562,734.0401000976562,731.8900146484375,732.1199951171875,1391685
2026-06-16 15:15:00-04:00,732.1199951171875,733.2899780273438,730.6500244140625,733.1400146484375,1682728
2026-06-16 15:30:00-04:00,733.135009765625,733.52001953125,731.2899780273438,732.4149780273438,1656612
2026-06-16 15:45:00-04:00,732.3800048828125,732.530029296875,729.6400146484375,729.780029296875,5399951
2026-06-17 09:30:00-04:00,735.219970703125,735.25,732.1500244140625,735.0,3204052
2026-06-17 09:45:00-04:00,734.7349853515625,735.5700073242188,730.8800048828125,730.9199829101562,1569423
2026-06-17 10:00:00-04:00,730.9299926757812,733.343017578125,730.3101196289062,733.2349853515625,1683332
2026-06-17 10:15:00-04:00,733.239990234375,735.677978515625,733.030029296875,734.8300170898438,1355884
2026-06-17 10:30:00-04:00,734.885009765625,734.9000244140625,731.5700073242188,733.010009765625,1033038
2026-06-17 10:45:00-04:00,732.989990234375,733.6981811523438,729.5599975585938,731.22998046875,1482420
2026-06-17 11:00:00-04:00,731.239990234375,732.67529296875,730.8699951171875,732.4550170898438,795639
2026-06-17 11:15:00-04:00,732.4400024414062,733.5700073242188,732.0599975585938,732.635009765625,900193
2026-06-17 11:30:00-04:00,732.6199951171875,733.4400024414062,732.1893920898438,732.5800170898438,557843
2026-06-17 11:45:00-04:00,732.6090698242188,733.6254272460938,732.5599975585938,733.4299926757812,2265513
2026-06-17 12:00:00-04:00,733.4600219726562,733.9400024414062,732.7999877929688,733.260009765625,2271234
2026-06-17 12:15:00-04:00,733.27001953125,733.97998046875,732.9299926757812,733.6500244140625,1307798
2026-06-17 12:30:00-04:00,733.6699829101562,733.9400024414062,732.7100219726562,732.97998046875,369237
2026-06-17 12:45:00-04:00,733.0,733.0,732.1500244140625,732.47998046875,388830
2026-06-17 13:00:00-04:00,732.47998046875,732.47998046875,730.510009765625,731.760009765625,682369
2026-06-17 13:15:00-04:00,731.719970703125,732.9400024414062,731.1849975585938,732.7800903320312,605978
2026-06-17 13:30:00-04:00,732.75,732.8900146484375,731.9450073242188,732.2249755859375,514330
2026-06-17 13:45:00-04:00,732.260009765625,734.1099853515625,732.030029296875,734.0675048828125,1283611
2026-06-17 14:00:00-04:00,734.0599975585938,734.2100219726562,724.530029296875,729.1199951171875,3969585
2026-06-17 14:15:00-04:00,729.0499877929688,731.0850219726562,727.2000122070312,728.6895141601562,1706901
2026-06-17 14:30:00-04:00,728.6799926757812,735.3800048828125,727.7999877929688,735.0,3228762
2026-06-17 14:45:00-04:00,735.030029296875,735.0499877929688,728.0800170898438,729.4199829101562,2159157
2026-06-17 15:00:00-04:00,729.4299926757812,731.760009765625,727.6599731445312,731.2899780273438,2318632
2026-06-17 15:15:00-04:00,731.310302734375,731.47998046875,725.2000122070312,725.8499755859375,2183586
2026-06-17 15:30:00-04:00,725.8300170898438,726.6799926757812,721.1199951171875,721.8472290039062,3196716
2026-06-17 15:45:00-04:00,721.8800048828125,724.094970703125,720.8499755859375,722.4000244140625,4305166
2026-06-18 09:30:00-04:00,737.0999755859375,737.6400146484375,732.530029296875,732.7249755859375,6027291
2026-06-18 09:45:00-04:00,732.6900024414062,735.989990234375,732.6900024414062,734.2050170898438,2210653
2026-06-18 10:00:00-04:00,734.3900146484375,737.2349853515625,733.8699951171875,735.6400146484375,1745643
2026-06-18 10:15:00-04:00,735.6300048828125,738.4196166992188,735.0999755859375,735.52001953125,1855097
2026-06-18 10:30:00-04:00,735.489990234375,737.6199951171875,734.2000122070312,736.780029296875,1537534
2026-06-18 10:45:00-04:00,736.7100219726562,738.7999877929688,736.6799926757812,737.9199829101562,1597645
2026-06-18 11:00:00-04:00,737.9000244140625,739.1400146484375,737.0300903320312,738.0399780273438,1311827
2026-06-18 11:15:00-04:00,738.0599975585938,738.4600219726562,736.6500244140625,736.9799194335938,917343
2026-06-18 11:30:00-04:00,736.97998046875,737.719970703125,734.989990234375,735.8878784179688,5039868
2026-06-18 11:45:00-04:00,735.8200073242188,738.5499877929688,734.9500122070312,738.2999877929688,920188
2026-06-18 12:00:00-04:00,738.280029296875,739.02001953125,737.97998046875,738.47998046875,908658
2026-06-18 12:15:00-04:00,738.5499877929688,739.4699096679688,738.0,739.260009765625,874796
2026-06-18 12:30:00-04:00,739.280029296875,739.8499755859375,738.7999877929688,739.4840698242188,742255
2026-06-18 12:45:00-04:00,739.47998046875,739.6010131835938,738.5399780273438,739.3350219726562,741552
2026-06-18 13:00:00-04:00,739.3499755859375,740.239990234375,738.6699829101562,740.0125122070312,844046
2026-06-18 13:15:00-04:00,740.0,740.5488891601562,739.5900268554688,739.99951171875,895669
2026-06-18 13:30:00-04:00,739.989990234375,740.6199951171875,739.969970703125,740.3200073242188,406204
2026-06-18 13:45:00-04:00,740.3300170898438,740.5800170898438,739.8200073242188,739.9149780273438,1071364
2026-06-18 14:00:00-04:00,739.9600219726562,740.219970703125,739.5700073242188,739.7100219726562,713823
2026-06-18 14:15:00-04:00,739.7390747070312,739.989990234375,739.3037109375,739.5900268554688,563172
2026-06-18 14:30:00-04:00,739.5999755859375,739.6099853515625,738.9110107421875,739.135009765625,761174
2026-06-18 14:45:00-04:00,739.159912109375,740.1400146484375,739.0599975585938,739.4749755859375,776236
2026-06-18 15:00:00-04:00,739.47998046875,739.739990234375,738.4299926757812,738.6300048828125,1413648
2026-06-18 15:15:00-04:00,738.5700073242188,739.6900024414062,738.47998046875,739.47998046875,1439186
2026-06-18 15:30:00-04:00,739.4400024414062,740.9400024414062,738.75,740.89501953125,1491329
2026-06-18 15:45:00-04:00,740.8900146484375,741.7899780273438,739.6900024414062,739.6900024414062,6118211
2026-06-22 09:30:00-04:00,742.02001953125,744.4398803710938,740.4299926757812,741.2000122070312,4255051
2026-06-22 09:45:00-04:00,741.2100219726562,744.6950073242188,741.1900024414062,744.6950073242188,1313455
2026-06-22 10:00:00-04:00,744.5999755859375,745.4299926757812,743.8099975585938,744.0599975585938,1352780
2026-06-22 10:15:00-04:00,744.0599975585938,744.1099853515625,740.1500244140625,740.4349975585938,1417229
2026-06-22 10:30:00-04:00,740.489990234375,740.5549926757812,737.030029296875,737.3499755859375,1982397
2026-06-22 10:45:00-04:00,737.3200073242188,738.6599731445312,735.3499755859375,737.6694946289062,1913521
2026-06-22 11:00:00-04:00,737.7100219726562,738.5900268554688,736.7999877929688,737.364990234375,1924330
2026-06-22 11:15:00-04:00,737.5501098632812,738.0131225585938,736.3099975585938,736.6286010742188,1786799
2026-06-22 11:30:00-04:00,736.630126953125,738.469970703125,736.1799926757812,737.9299926757812,843876
2026-06-22 11:45:00-04:00,737.9000244140625,738.5050048828125,735.3599853515625,735.7376098632812,1220160
2026-06-22 12:00:00-04:00,735.739990234375,736.4099731445312,734.3900146484375,736.2899169921875,855178
2026-06-22 12:15:00-04:00,736.27001953125,737.088623046875,735.5800170898438,736.4000244140625,889968
2026-06-22 12:30:00-04:00,736.4400024414062,736.4500122070312,734.9099731445312,735.3800048828125,940623
2026-06-22 12:45:00-04:00,735.3900146484375,736.8400268554688,734.8699951171875,736.469970703125,766659
2026-06-22 13:00:00-04:00,736.47998046875,736.77001953125,735.1099853515625,735.97998046875,692874
2026-06-22 13:15:00-04:00,735.989990234375,737.010009765625,735.969970703125,736.6414794921875,377946
2026-06-22 13:30:00-04:00,736.6599731445312,736.8800048828125,735.7650146484375,736.2999877929688,364942
2026-06-22 13:45:00-04:00,736.2999877929688,737.9500122070312,736.1500244140625,737.1199951171875,833027
2026-06-22 14:00:00-04:00,737.1599731445312,737.6799926757812,736.8099975585938,737.375,430786
2026-06-22 14:15:00-04:00,737.4000244140625,738.27001953125,737.14501953125,737.4299926757812,725132
2026-06-22 14:30:00-04:00,737.4500122070312,737.909912109375,736.2999877929688,736.3499755859375,802427
2026-06-22 14:45:00-04:00,736.3699951171875,736.9000244140625,735.5399780273438,735.719970703125,1046586
2026-06-22 15:00:00-04:00,735.760009765625,736.6400146484375,735.1282958984375,736.0549926757812,952655
2026-06-22 15:15:00-04:00,736.0800170898438,736.3800048828125,735.4349975585938,735.4735717773438,693596
2026-06-22 15:30:00-04:00,735.52001953125,736.5700073242188,735.52001953125,735.7999877929688,1767549
2026-06-22 15:45:00-04:00,735.7899780273438,738.5,735.760009765625,738.0499877929688,3345973
2026-06-23 09:30:00-04:00,714.25,717.7999877929688,713.280029296875,716.6900024414062,7272170
2026-06-23 09:45:00-04:00,716.5800170898438,720.9000244140625,715.9099731445312,720.6900024414062,2818363
2026-06-23 10:00:00-04:00,720.6900024414062,722.7999877929688,720.6199951171875,722.4749755859375,2451603
2026-06-23 10:15:00-04:00,722.510009765625,723.6099853515625,721.0,722.0150146484375,1730521
2026-06-23 10:30:00-04:00,722.0499877929688,722.3599853515625,719.2999877929688,719.6099853515625,1517633
2026-06-23 10:45:00-04:00,719.6400146484375,720.6500244140625,717.8900756835938,718.87158203125,1618488
2026-06-23 11:00:00-04:00,718.8800048828125,719.6500244140625,716.719970703125,717.3300170898438,1526505
2026-06-23 11:15:00-04:00,717.3499755859375,717.6199951171875,715.3900146484375,715.77001953125,1453579
2026-06-23 11:30:00-04:00,715.7000122070312,717.280029296875,715.0900268554688,715.9349975585938,1289316
2026-06-23 11:45:00-04:00,715.969970703125,718.0499877929688,715.6500244140625,717.5313720703125,865649
2026-06-23 12:00:00-04:00,717.5399780273438,720.2999267578125,717.3300170898438,720.0349731445312,1137528
2026-06-23 12:15:00-04:00,720.0800170898438,720.280029296875,718.3499755859375,719.3900146484375,1295448
2026-06-23 12:30:00-04:00,719.4199829101562,720.0399780273438,718.4500122070312,719.9500122070312,980141
2026-06-23 12:45:00-04:00,720.02001953125,720.0698852539062,718.280029296875,719.0449829101562,898418
2026-06-23 13:00:00-04:00,719.010009765625,719.4500122070312,717.2899780273438,718.7100219726562,1261065
2026-06-23 13:15:00-04:00,718.72998046875,719.7000122070312,718.010009765625,719.114990234375,537739
2026-06-23 13:30:00-04:00,719.0999755859375,719.7899780273438,718.1199951171875,718.2100219726562,533142
2026-06-23 13:45:00-04:00,718.2100219726562,718.5800170898438,715.8499755859375,715.8699951171875,973714
2026-06-23 14:00:00-04:00,715.9400024414062,717.0800170898438,715.3400268554688,716.2050170898438,1090238
2026-06-23 14:15:00-04:00,716.1799926757812,716.6099853515625,715.572998046875,715.8800048828125,912385
2026-06-23 14:30:00-04:00,715.8400268554688,716.0549926757812,713.3099975585938,713.3510131835938,1231315
2026-06-23 14:45:00-04:00,713.3599853515625,714.0499877929688,712.110107421875,713.3800048828125,2170922
2026-06-23 15:00:00-04:00,713.3699951171875,716.3400268554688,712.9749755859375,714.405029296875,2413646
2026-06-23 15:15:00-04:00,714.2999877929688,715.77001953125,713.0,715.22998046875,1852487
2026-06-23 15:30:00-04:00,715.239990234375,716.0,714.3300170898438,714.7999877929688,1796504
2026-06-23 15:45:00-04:00,714.8400268554688,715.6799926757812,713.52001953125,713.52001953125,5912838
2026-06-24 09:30:00-04:00,714.7999877929688,718.4998779296875,712.739990234375,714.1799926757812,4825840
2026-06-24 09:45:00-04:00,714.1500244140625,717.219970703125,711.780029296875,714.739990234375,2109871
2026-06-24 10:00:00-04:00,714.7449951171875,715.6599731445312,713.3800048828125,714.2899780273438,1553385
2026-06-24 10:15:00-04:00,714.1799926757812,715.8084716796875,710.8800048828125,715.1500244140625,1478347
2026-06-24 10:30:00-04:00,715.1900024414062,717.2100219726562,715.1900024414062,717.0900268554688,1304210
2026-06-24 10:45:00-04:00,717.0900268554688,719.5999755859375,716.969970703125,719.5499877929688,1358528
2026-06-24 11:00:00-04:00,719.5700073242188,719.9299926757812,716.1799926757812,716.97998046875,1111131
2026-06-24 11:15:00-04:00,716.9600219726562,717.8798828125,715.0999755859375,717.4199829101562,1146104
2026-06-24 11:30:00-04:00,717.4099731445312,718.0499877929688,715.2999877929688,716.048095703125,782849
2026-06-24 11:45:00-04:00,716.010986328125,717.6400146484375,714.9600219726562,716.2999877929688,846213
2026-06-24 12:00:00-04:00,716.3400268554688,717.5,715.6900024414062,716.7100219726562,574581
2026-06-24 12:15:00-04:00,716.7999877929688,717.3900146484375,715.9500732421875,716.27001953125,497803
2026-06-24 12:30:00-04:00,716.2650146484375,716.2650146484375,712.8800048828125,713.5750122070312,1029285
2026-06-24 12:45:00-04:00,713.5700073242188,714.2894287109375,712.52001953125,712.780029296875,1144360
2026-06-24 13:00:00-04:00,712.719970703125,714.0599975585938,711.1320190429688,711.3099975585938,918541
2026-06-24 13:15:00-04:00,711.3300170898438,711.9000244140625,707.8699951171875,708.030029296875,1596913
2026-06-24 13:30:00-04:00,708.0599975585938,709.3800048828125,706.9661865234375,708.0800170898438,1639446
2026-06-24 13:45:00-04:00,708.0399780273438,709.280029296875,707.0,707.4600219726562,1277031
2026-06-24 14:00:00-04:00,707.47998046875,709.239990234375,707.219970703125,708.7100219726562,1106731
2026-06-24 14:15:00-04:00,708.7100830078125,711.642822265625,708.7000122070312,711.0900268554688,1236767
2026-06-24 14:30:00-04:00,711.1400146484375,711.469970703125,708.3165283203125,708.9299926757812,1144057
2026-06-24 14:45:00-04:00,708.9099731445312,708.9099731445312,705.9299926757812,706.4398803710938,1514048
2026-06-24 15:00:00-04:00,706.4299926757812,708.0700073242188,704.4500122070312,705.5349731445312,2010055
2026-06-24 15:15:00-04:00,705.5549926757812,707.5800170898438,704.9400024414062,707.3223266601562,1349798
2026-06-24 15:30:00-04:00,707.3400268554688,708.8350219726562,706.75,707.4749755859375,1729185
2026-06-24 15:45:00-04:00,707.5,710.9600219726562,707.1500244140625,710.6300048828125,3853595
2026-06-25 09:30:00-04:00,725.9099731445312,726.760009765625,716.0800170898438,716.5499877929688,5796104
2026-06-25 09:45:00-04:00,716.52001953125,717.7100219726562,705.2999877929688,705.760009765625,5894855
2026-06-25 10:00:00-04:00,705.8400268554688,714.869873046875,705.6199951171875,711.3900146484375,4699019
2026-06-25 10:15:00-04:00,711.4299926757812,714.6500244140625,709.6799926757812,712.3099975585938,2331737
2026-06-25 10:30:00-04:00,712.2899780273438,715.3699951171875,711.77001953125,712.739990234375,1799560
2026-06-25 10:45:00-04:00,712.6699829101562,716.77001953125,711.6799926757812,713.4299926757812,1596149
2026-06-25 11:00:00-04:00,713.469970703125,716.0700073242188,710.5,710.9400024414062,1746414
2026-06-25 11:15:00-04:00,711.030029296875,714.1898803710938,709.239990234375,712.9199829101562,1742197
2026-06-25 11:30:00-04:00,713.0449829101562,715.0399780273438,712.780029296875,714.9149780273438,800351
2026-06-25 11:45:00-04:00,714.875,716.469970703125,713.8900146484375,714.0499877929688,933038
2026-06-25 12:00:00-04:00,714.0499877929688,718.47998046875,713.7000122070312,718.0499877929688,1164368
2026-06-25 12:15:00-04:00,718.0800170898438,719.1099853515625,715.8499755859375,716.5700073242188,1116314
2026-06-25 12:30:00-04:00,716.5650024414062,716.6400146484375,713.5499877929688,713.8499755859375,884108
2026-06-25 12:45:00-04:00,713.8400268554688,715.4384765625,712.2999877929688,714.6199951171875,1219646
2026-06-25 13:00:00-04:00,714.6035766601562,716.9149780273438,714.3900146484375,716.239990234375,1152341
2026-06-25 13:15:00-04:00,716.2899780273438,717.6799926757812,714.4100952148438,716.5867919921875,757644
2026-06-25 13:30:00-04:00,716.6799926757812,717.3699951171875,715.5599975585938,715.8900146484375,851555
2026-06-25 13:45:00-04:00,715.9099731445312,717.489990234375,714.6300048828125,717.3411865234375,873777
2026-06-25 14:00:00-04:00,717.3099975585938,717.7899780273438,714.5800170898438,716.7899780273438,1369937
2026-06-25 14:15:00-04:00,716.7999877929688,719.5900268554688,716.1400146484375,719.27001953125,1139627
2026-06-25 14:30:00-04:00,719.260009765625,719.260009765625,715.989990234375,717.1599731445312,940621
2026-06-25 14:45:00-04:00,717.094970703125,717.62939453125,715.0700073242188,716.6199951171875,865485
2026-06-25 15:00:00-04:00,716.7999877929688,716.7999877929688,714.0599975585938,714.3200073242188,968020
2026-06-25 15:15:00-04:00,714.27001953125,714.97998046875,713.2100219726562,714.5800170898438,1265168
2026-06-25 15:30:00-04:00,714.5499877929688,714.698974609375,713.0999755859375,714.3980102539062,1124442
2026-06-25 15:45:00-04:00,714.3099975585938,716.3599853515625,712.9600219726562,716.260009765625,2805139
2026-06-26 09:30:00-04:00,707.0900268554688,707.3800048828125,702.8099975585938,706.7100219726562,4970628
2026-06-26 09:45:00-04:00,706.72998046875,709.6500244140625,704.2000122070312,709.1199951171875,2121960
2026-06-26 10:00:00-04:00,709.1400146484375,712.9400024414062,708.6199951171875,712.5900268554688,2339503
2026-06-26 10:15:00-04:00,712.5499877929688,714.3300170898438,710.9600219726562,712.7199096679688,2119740
2026-06-26 10:30:00-04:00,712.6900024414062,713.25,709.3699951171875,710.20458984375,1523515
2026-06-26 10:45:00-04:00,710.2650146484375,712.3499145507812,709.6599731445312,710.5001220703125,976724
2026-06-26 11:00:00-04:00,710.5599975585938,711.6400146484375,708.9149780273438,709.0599975585938,753673
2026-06-26 11:15:00-04:00,709.0700073242188,712.5599975585938,708.219970703125,712.510009765625,1082223
2026-06-26 11:30:00-04:00,712.5200805664062,715.5499877929688,711.9738159179688,715.0900268554688,1191156
2026-06-26 11:45:00-04:00,715.0700073242188,715.27001953125,711.1099853515625,713.2100219726562,1314297
2026-06-26 12:00:00-04:00,713.25,713.3599853515625,710.8800048828125,711.719970703125,694053
2026-06-26 12:15:00-04:00,711.7100219726562,712.4089965820312,710.27001953125,711.8499755859375,738536
2026-06-26 12:30:00-04:00,711.9000244140625,713.798095703125,711.8200073242188,712.6799926757812,728930
2026-06-26 12:45:00-04:00,712.739990234375,713.8400268554688,712.4559936523438,713.0449829101562,638316
2026-06-26 13:00:00-04:00,713.0700073242188,715.169921875,712.6849975585938,713.9600219726562,760386
2026-06-26 13:15:00-04:00,714.0399169921875,714.0900268554688,712.2000732421875,713.614990234375,655840
2026-06-26 13:30:00-04:00,713.5700073242188,714.5900268554688,711.7863159179688,712.7218017578125,681133
2026-06-26 13:45:00-04:00,712.719970703125,713.0698852539062,711.22998046875,711.3900146484375,574915
2026-06-26 14:00:00-04:00,711.469970703125,712.3300170898438,711.010009765625,711.3049926757812,534033
2026-06-26 14:15:00-04:00,711.2899780273438,711.6099853515625,709.3400268554688,709.489990234375,2024762
2026-06-26 14:30:00-04:00,709.47998046875,710.6199951171875,709.2899780273438,709.7999877929688,708885
2026-06-26 14:45:00-04:00,709.7100219726562,709.7100219726562,707.7100219726562,708.3699951171875,2746007
2026-06-26 15:00:00-04:00,708.4299926757812,710.5,707.8699951171875,710.4600830078125,1462599
2026-06-26 15:15:00-04:00,710.405029296875,710.4600219726562,708.530029296875,709.239990234375,2192411
2026-06-26 15:30:00-04:00,709.260009765625,711.489990234375,708.6799926757812,711.2999877929688,1284142
2026-06-26 15:45:00-04:00,711.3099975585938,712.010009765625,705.2100219726562,705.5399780273438,3729497
2026-06-29 09:30:00-04:00,713.989990234375,717.53369140625,711.8800048828125,717.2899780273438,4660460
2026-06-29 09:45:00-04:00,717.2899780273438,718.6599731445312,712.47998046875,713.389892578125,2405790
2026-06-29 10:00:00-04:00,713.5599975585938,713.72998046875,706.4600830078125,706.5399780273438,2872520
2026-06-29 10:15:00-04:00,706.469970703125,711.969970703125,705.1719970703125,711.8400268554688,3092432
2026-06-29 10:30:00-04:00,711.8599853515625,714.3800048828125,711.4099731445312,712.6500244140625,1746051
2026-06-29 10:45:00-04:00,712.5,715.9600219726562,710.6500244140625,715.9000244140625,1403726
2026-06-29 11:00:00-04:00,715.9299926757812,716.3099975585938,714.7100219726562,716.0900268554688,1330172
2026-06-29 11:15:00-04:00,716.1799926757812,717.3200073242188,714.5599975585938,717.22998046875,1126520
2026-06-29 11:30:00-04:00,717.239990234375,718.5499877929688,716.4099731445312,718.469970703125,1386275
2026-06-29 11:45:00-04:00,718.4500122070312,719.0599975585938,717.4500122070312,718.948974609375,955742
2026-06-29 12:00:00-04:00,718.9199829101562,719.8499755859375,718.780029296875,719.1500244140625,1587391
2026-06-29 12:15:00-04:00,719.0999755859375,720.530029296875,719.0999755859375,719.5985717773438,819945
2026-06-29 12:30:00-04:00,719.6400146484375,720.5800170898438,718.9349975585938,720.510009765625,721346
2026-06-29 12:45:00-04:00,720.489990234375,721.1199951171875,720.1799926757812,720.7088012695312,594656
2026-06-29 13:00:00-04:00,720.7100219726562,722.72998046875,720.6699829101562,722.40478515625,805407
2026-06-29 13:15:00-04:00,722.4299926757812,723.0469970703125,721.469970703125,723.0,904649
2026-06-29 13:30:00-04:00,722.989990234375,723.6300048828125,722.4099731445312,722.8900146484375,707950
2026-06-29 13:45:00-04:00,722.8800048828125,723.4400024414062,722.5200805664062,722.8201293945312,651845
2026-06-29 14:00:00-04:00,722.8394775390625,723.3200073242188,722.5800170898438,723.260009765625,636560
2026-06-29 14:15:00-04:00,723.25,723.3300170898438,722.4299926757812,722.53369140625,531768
2026-06-29 14:30:00-04:00,722.5999755859375,724.1162719726562,722.47998046875,724.0599975585938,949288
2026-06-29 14:45:00-04:00,724.0599975585938,724.4199829101562,723.3699951171875,723.489990234375,858470
2026-06-29 15:00:00-04:00,723.530029296875,723.8499755859375,722.75,723.1505126953125,1201507
2026-06-29 15:15:00-04:00,723.1400146484375,724.25,723.0,723.4299926757812,1442381
2026-06-29 15:30:00-04:00,723.4600219726562,724.0098876953125,722.97998046875,723.3699951171875,959016
2026-06-29 15:45:00-04:00,723.3499755859375,724.5800170898438,722.239990234375,724.030029296875,5932613
2026-06-30 09:30:00-04:00,724.1699829101562,729.4400024414062,723.9199829101562,728.260009765625,4281094
2026-06-30 09:45:00-04:00,728.1900024414062,731.905029296875,727.77001953125,731.8701171875,2014413
2026-06-30 10:00:00-04:00,731.8701171875,732.5900268554688,729.72998046875,731.5999755859375,2222595
2026-06-30 10:15:00-04:00,731.5900268554688,733.3099975585938,731.1599731445312,732.9884033203125,1299603
2026-06-30 10:30:00-04:00,733.030029296875,733.7750244140625,732.0499877929688,733.0700073242188,1260297
2026-06-30 10:45:00-04:00,733.0399780273438,733.0399780273438,729.9400024414062,730.469970703125,991162
2026-06-30 11:00:00-04:00,730.52001953125,733.030029296875,730.3699951171875,732.8099975585938,1222271
2026-06-30 11:15:00-04:00,732.8099975585938,733.1699829101562,732.0700073242188,733.0250244140625,697853
2026-06-30 11:30:00-04:00,733.0599975585938,733.5798950195312,732.5900268554688,733.1489868164062,710382
2026-06-30 11:45:00-04:00,733.1599731445312,734.7197265625,733.1500244140625,734.22900390625,912282
2026-06-30 12:00:00-04:00,734.25,735.0800170898438,734.030029296875,734.905029296875,675117
2026-06-30 12:15:00-04:00,734.9199829101562,735.3897705078125,734.760009765625,735.0349731445312,637746
2026-06-30 12:30:00-04:00,735.0390014648438,735.469970703125,734.6400146484375,735.4299926757812,529845
2026-06-30 12:45:00-04:00,735.4500122070312,736.3499755859375,735.380126953125,735.8200073242188,573758
2026-06-30 13:00:00-04:00,735.8300170898438,736.6799926757812,735.7899780273438,736.02001953125,670638
2026-06-30 13:15:00-04:00,736.0399169921875,736.47998046875,735.77001953125,735.8800048828125,468773
2026-06-30 13:30:00-04:00,735.9400024414062,736.27001953125,735.5704956054688,736.22998046875,510913
2026-06-30 13:45:00-04:00,736.239990234375,736.27001953125,735.5800170898438,735.780029296875,1589822
2026-06-30 14:00:00-04:00,735.8099975585938,736.1500244140625,735.1749877929688,735.8099975585938,492506
2026-06-30 14:15:00-04:00,735.780029296875,736.3599853515625,735.6699829101562,735.97998046875,515359
2026-06-30 14:30:00-04:00,736.010009765625,736.5599975585938,735.760009765625,736.510009765625,859066
2026-06-30 14:45:00-04:00,736.510009765625,736.9874877929688,736.22998046875,736.489990234375,1030212
2026-06-30 15:00:00-04:00,736.47998046875,737.4299926757812,736.4500122070312,737.3900146484375,1657020
2026-06-30 15:15:00-04:00,737.3800048828125,737.6199951171875,736.853515625,737.0499877929688,1382035
2026-06-30 15:30:00-04:00,737.0499877929688,737.2396850585938,736.4299926757812,737.1599731445312,4057330
2026-06-30 15:45:00-04:00,737.1500244140625,737.6199951171875,735.760009765625,735.760009765625,5775314
2026-07-01 09:30:00-04:00,729.1599731445312,729.7000122070312,725.52001953125,726.9105224609375,6111850
2026-07-01 09:45:00-04:00,726.7050170898438,730.239990234375,726.2000122070312,730.1699829101562,2166951
2026-07-01 10:00:00-04:00,730.239990234375,731.2899780273438,729.3049926757812,730.3200073242188,1490844
2026-07-01 10:15:00-04:00,730.3499755859375,730.9400024414062,729.4450073242188,730.280029296875,1020928
2026-07-01 10:30:00-04:00,730.239990234375,730.3499755859375,728.280029296875,728.280029296875,1558609
2026-07-01 10:45:00-04:00,728.239990234375,729.2100219726562,726.6785278320312,728.030029296875,1318913
2026-07-01 11:00:00-04:00,728.030029296875,729.9299926757812,727.8900146484375,729.72998046875,821357
2026-07-01 11:15:00-04:00,729.77001953125,731.75,729.77001953125,731.62158203125,1180383
2026-07-01 11:30:00-04:00,731.6099853515625,731.9099731445312,730.0515747070312,730.3499755859375,1178296
2026-07-01 11:45:00-04:00,730.3300170898438,730.47998046875,728.7999877929688,729.5399780273438,1460450
2026-07-01 12:00:00-04:00,729.5,730.0,728.7000122070312,729.1699829101562,790865
2026-07-01 12:15:00-04:00,729.1199951171875,730.1699829101562,728.5800170898438,729.22998046875,681170
2026-07-01 12:30:00-04:00,729.2249755859375,729.6500244140625,728.1837158203125,728.7000122070312,612883
2026-07-01 12:45:00-04:00,728.6837158203125,729.1099853515625,727.530029296875,727.9000244140625,1637990
2026-07-01 13:00:00-04:00,727.9000244140625,728.5460205078125,727.0,728.0700073242188,979620
2026-07-01 13:15:00-04:00,728.0700073242188,729.1199951171875,727.8900146484375,728.3300170898438,818712
2026-07-01 13:30:00-04:00,728.3499755859375,728.6599731445312,727.75,727.8300170898438,365575
2026-07-01 13:45:00-04:00,727.8699951171875,728.27001953125,727.094970703125,727.1900024414062,704159
2026-07-01 14:00:00-04:00,727.2249755859375,727.8699951171875,726.97998046875,727.0700073242188,434303
2026-07-01 14:15:00-04:00,727.02001953125,727.6599731445312,726.6099853515625,727.1199951171875,483443
2026-07-01 14:30:00-04:00,727.0900268554688,727.489990234375,726.510986328125,726.77001953125,876699
2026-07-01 14:45:00-04:00,726.75,726.760009765625,725.6525268554688,726.4600219726562,1278704
2026-07-01 15:00:00-04:00,726.4500122070312,728.489990234375,726.364990234375,727.8057861328125,1047002
2026-07-01 15:15:00-04:00,727.780029296875,728.3699951171875,727.3646850585938,727.9091186523438,1089987
2026-07-01 15:30:00-04:00,727.905029296875,728.9199829101562,726.5700073242188,726.739990234375,1321601
2026-07-01 15:45:00-04:00,726.75,727.1799926757812,724.5999755859375,725.1300048828125,5165680
2026-07-02 09:30:00-04:00,725.5800170898438,728.22998046875,723.8800048828125,726.7899780273438,4993808
2026-07-02 09:45:00-04:00,726.739990234375,730.0,726.2100219726562,729.9000244140625,1492590
2026-07-02 10:00:00-04:00,729.969970703125,730.8200073242188,726.9199829101562,728.875,1517340
2026-07-02 10:15:00-04:00,728.885009765625,729.1199951171875,721.52001953125,722.1699829101562,2511269
2026-07-02 10:30:00-04:00,722.1799926757812,723.8300170898438,718.2999877929688,719.0700073242188,2867398
2026-07-02 10:45:00-04:00,719.0900268554688,720.4749755859375,717.2100219726562,719.8150024414062,2173207
2026-07-02 11:00:00-04:00,719.844970703125,720.0900268554688,714.739990234375,716.8900146484375,2091207
2026-07-02 11:15:00-04:00,716.8599853515625,717.5399780273438,714.28271484375,715.8099975585938,1549760
2026-07-02 11:30:00-04:00,715.760009765625,719.2999877929688,715.6900024414062,716.8200073242188,1954586
2026-07-02 11:45:00-04:00,716.7000122070312,717.5800170898438,714.9099731445312,715.814697265625,996691
2026-07-02 12:00:00-04:00,715.9199829101562,716.1578979492188,713.7000122070312,715.2080078125,1721653
2026-07-02 12:15:00-04:00,715.1950073242188,715.27001953125,712.7659301757812,713.010009765625,1391604
2026-07-02 12:30:00-04:00,713.02001953125,713.1199951171875,710.5399780273438,712.6019897460938,2104686
2026-07-02 12:45:00-04:00,712.5999755859375,712.6987915039062,710.1199951171875,710.7849731445312,1123223
2026-07-02 13:00:00-04:00,710.8200073242188,711.2440185546875,708.989990234375,710.5800170898438,1305878
2026-07-02 13:15:00-04:00,710.5499877929688,711.2899780273438,709.830078125,710.4000244140625,1109357
2026-07-02 13:30:00-04:00,710.3900146484375,711.0797729492188,708.3200073242188,709.4500122070312,1167428
2026-07-02 13:45:00-04:00,709.3800048828125,709.530029296875,707.5599975585938,707.7899780273438,1397789
2026-07-02 14:00:00-04:00,707.8499755859375,711.8200073242188,707.6300048828125,710.7681884765625,1367534
2026-07-02 14:15:00-04:00,710.77001953125,711.4500122070312,709.5900268554688,711.4299926757812,978194
2026-07-02 14:30:00-04:00,711.4400024414062,712.3300170898438,710.8699951171875,711.2901000976562,818460
2026-07-02 14:45:00-04:00,711.280029296875,712.405029296875,710.280029296875,711.5,1070165
2026-07-02 15:00:00-04:00,711.5,711.8400268554688,708.8800048828125,709.5999755859375,1152927
2026-07-02 15:15:00-04:00,709.5700073242188,710.405029296875,708.0700073242188,709.8499755859375,1324480
2026-07-02 15:30:00-04:00,709.8900146484375,711.1199951171875,709.5399780273438,710.5700073242188,1651383
2026-07-02 15:45:00-04:00,710.6300048828125,713.780029296875,710.0499877929688,712.739990234375,4082650
2026-07-06 09:30:00-04:00,719.7000122070312,722.27001953125,718.47998046875,721.7999877929688,4339631
2026-07-06 09:45:00-04:00,721.75,723.989990234375,721.3040161132812,722.1799926757812,2078446
2026-07-06 10:00:00-04:00,722.27001953125,724.47998046875,721.5,724.3400268554688,1565255
2026-07-06 10:15:00-04:00,724.3200073242188,724.8350219726562,723.5364990234375,724.0999755859375,1217996
2026-07-06 10:30:00-04:00,724.1500244140625,725.1552734375,723.5499877929688,724.7349853515625,1118739
2026-07-06 10:45:00-04:00,724.77001953125,725.4183959960938,723.52001953125,724.4099731445312,835164
2026-07-06 11:00:00-04:00,724.5399780273438,724.8800048828125,722.8599853515625,723.4301147460938,583243
2026-07-06 11:15:00-04:00,723.3900146484375,725.3200073242188,722.4400024414062,725.2999877929688,990302
2026-07-06 11:30:00-04:00,725.25,725.6900024414062,724.610107421875,725.47998046875,900889
2026-07-06 11:45:00-04:00,725.47998046875,725.8400268554688,725.02001953125,725.5399780273438,574342
2026-07-06 12:00:00-04:00,725.5700073242188,726.0800170898438,725.1099853515625,725.52001953125,460468
2026-07-06 12:15:00-04:00,725.52001953125,725.6599731445312,724.4500122070312,724.5999755859375,391252
2026-07-06 12:30:00-04:00,724.6400146484375,724.9000244140625,723.9199829101562,724.259521484375,432224
2026-07-06 12:45:00-04:00,724.2105712890625,724.7449951171875,723.4199829101562,723.5800170898438,492724
2026-07-06 13:00:00-04:00,723.5900268554688,724.7000122070312,723.27001953125,724.27001953125,528503
2026-07-06 13:15:00-04:00,724.3098754882812,724.5900268554688,722.5800170898438,722.760009765625,531243
2026-07-06 13:30:00-04:00,722.760009765625,722.89501953125,721.030029296875,721.5999755859375,1001220
2026-07-06 13:45:00-04:00,721.5800170898438,722.3300170898438,721.0800170898438,721.3599853515625,688316
2026-07-06 14:00:00-04:00,721.4600219726562,723.1199951171875,721.4000244140625,722.6500244140625,905472
2026-07-06 14:15:00-04:00,722.6900024414062,723.8599853515625,722.6900024414062,723.1500244140625,490574
2026-07-06 14:30:00-04:00,723.1599731445312,723.5050048828125,722.6300048828125,723.3580932617188,524369
2026-07-06 14:45:00-04:00,723.364990234375,723.97998046875,723.260009765625,723.6799926757812,626592
2026-07-06 15:00:00-04:00,723.6799926757812,724.5250244140625,723.4299926757812,724.2100219726562,578020
2026-07-06 15:15:00-04:00,724.2000122070312,725.1900024414062,724.0399780273438,724.7899780273438,1386050
2026-07-06 15:30:00-04:00,724.8099975585938,724.8400268554688,723.8599853515625,724.530029296875,874459
2026-07-06 15:45:00-04:00,724.52001953125,724.8200073242188,722.2100219726562,722.6500244140625,3081246
2026-07-07 09:30:00-04:00,714.1400146484375,716.3397216796875,711.6300048828125,714.14501953125,5297276
2026-07-07 09:45:00-04:00,714.1400146484375,714.1699829101562,710.0,711.1727905273438,2054079
2026-07-07 10:00:00-04:00,711.0800170898438,712.0250244140625,707.8599853515625,708.0899047851562,2124253
2026-07-07 10:15:00-04:00,708.0499877929688,708.9400024414062,706.0800170898438,707.219970703125,2565065
2026-07-07 10:30:00-04:00,707.2100219726562,707.760009765625,704.9000244140625,705.5900268554688,2511236
2026-07-07 10:45:00-04:00,705.5900268554688,707.75,705.4550170898438,707.1900024414062,2047510
2026-07-07 11:00:00-04:00,707.1699829101562,708.5,706.4450073242188,707.5557250976562,1141164
2026-07-07 11:15:00-04:00,707.5499877929688,707.5999755859375,706.4199829101562,707.4494018554688,1243016
2026-07-07 11:30:00-04:00,707.4600219726562,707.8095703125,705.8400268554688,707.8095703125,769395
2026-07-07 11:45:00-04:00,707.7999877929688,709.25,707.7000122070312,709.2000122070312,1028264
2026-07-07 12:00:00-04:00,709.2100219726562,711.239990234375,708.989990234375,711.1300048828125,1481162
2026-07-07 12:15:00-04:00,711.125,713.0462036132812,710.75,712.7000122070312,1264128
2026-07-07 12:30:00-04:00,712.6599731445312,713.3099975585938,711.5800170898438,712.5599975585938,1312044
2026-07-07 12:45:00-04:00,712.5399780273438,713.2899780273438,711.9949951171875,712.8499755859375,737106
2026-07-07 13:00:00-04:00,712.8099975585938,713.869873046875,712.6500244140625,712.719970703125,1195054
2026-07-07 13:15:00-04:00,712.719970703125,713.6630249023438,712.2001953125,712.739990234375,699242
2026-07-07 13:30:00-04:00,712.75,713.5900268554688,712.75,713.4500122070312,673420
2026-07-07 13:45:00-04:00,713.4400024414062,713.5698852539062,712.6599731445312,713.5599975585938,470117
2026-07-07 14:00:00-04:00,713.5800170898438,713.739990234375,712.7000122070312,713.0900268554688,571628
2026-07-07 14:15:00-04:00,713.0999755859375,713.364990234375,712.239990234375,712.35498046875,701065
2026-07-07 14:30:00-04:00,712.3599853515625,712.7100219726562,710.760009765625,711.2899780273438,818951
2026-07-07 14:45:00-04:00,711.27001953125,711.5549926757812,709.1500244140625,709.2968139648438,1140650
2026-07-07 15:00:00-04:00,709.3499755859375,709.7874755859375,707.5999755859375,707.9600219726562,1490310
2026-07-07 15:15:00-04:00,707.9600219726562,707.97998046875,706.4299926757812,707.6799926757812,1518972
2026-07-07 15:30:00-04:00,707.5800170898438,708.8800048828125,707.239990234375,707.3875122070312,1032831
2026-07-07 15:45:00-04:00,707.4000244140625,709.6199951171875,707.280029296875,709.3800048828125,3215878
2026-07-08 09:30:00-04:00,704.9400024414062,709.4199829101562,704.9400024414062,708.5449829101562,6126762
2026-07-08 09:45:00-04:00,708.52001953125,709.7999877929688,707.0800170898438,708.9500122070312,1924813
2026-07-08 10:00:00-04:00,708.9099731445312,709.469970703125,705.989990234375,706.6799926757812,1387527
2026-07-08 10:15:00-04:00,706.5999755859375,709.0599975585938,705.7427978515625,707.2000122070312,1225996
2026-07-08 10:30:00-04:00,707.0999755859375,708.1900024414062,705.1500244140625,706.2000122070312,1154407
2026-07-08 10:45:00-04:00,706.22998046875,707.2899780273438,703.75,705.2000122070312,1556265
2026-07-08 11:00:00-04:00,705.260009765625,705.52001953125,703.2899780273438,703.4600219726562,1090225
2026-07-08 11:15:00-04:00,703.4199829101562,703.969970703125,700.9099731445312,701.4500122070312,1708065
2026-07-08 11:30:00-04:00,701.47998046875,703.77001953125,700.97998046875,702.8300170898438,1129594
2026-07-08 11:45:00-04:00,702.780029296875,703.2515869140625,701.3150024414062,702.405029296875,767512
2026-07-08 12:00:00-04:00,702.510009765625,705.4400024414062,702.3400268554688,705.2899169921875,870354
2026-07-08 12:15:00-04:00,705.27001953125,707.3400268554688,704.760009765625,706.776611328125,1014328
2026-07-08 12:30:00-04:00,706.739990234375,708.5,706.0499877929688,708.0501098632812,1323158
2026-07-08 12:45:00-04:00,708.0700073242188,709.1699829101562,707.5399780273438,709.0700073242188,864733
2026-07-08 13:00:00-04:00,709.0900268554688,709.4600219726562,708.1599731445312,708.1737060546875,700917
2026-07-08 13:15:00-04:00,708.1699829101562,710.8198852539062,708.1599731445312,710.6801147460938,953639
2026-07-08 13:30:00-04:00,710.760009765625,711.1400146484375,709.2999877929688,709.4500122070312,731089
2026-07-08 13:45:00-04:00,709.4400024414062,709.47998046875,707.8800048828125,708.60498046875,779055
2026-07-08 14:00:00-04:00,708.6400146484375,710.3900146484375,708.02001953125,709.8934936523438,580932
2026-07-08 14:15:00-04:00,709.9099731445312,710.1799926757812,709.010009765625,709.0701293945312,984159
2026-07-08 14:30:00-04:00,709.0,710.1199951171875,708.5,709.8099975585938,549916
2026-07-08 14:45:00-04:00,709.7849731445312,710.3300170898438,709.2800903320312,709.9099731445312,635672
2026-07-08 15:00:00-04:00,709.9299926757812,710.5999755859375,709.239990234375,709.7000122070312,530832
2026-07-08 15:15:00-04:00,709.719970703125,710.72998046875,709.3499755859375,710.3900756835938,605612
2026-07-08 15:30:00-04:00,710.4400024414062,710.6099853515625,709.5499877929688,710.2799072265625,564009
2026-07-08 15:45:00-04:00,710.239990234375,712.2598876953125,709.4099731445312,711.280029296875,2396060
2026-07-09 09:30:00-04:00,718.2899780273438,721.2999877929688,716.5,721.02001953125,4563594
2026-07-09 09:45:00-04:00,721.02001953125,722.75,719.7800903320312,722.1699829101562,2027355
2026-07-09 10:00:00-04:00,722.2100219726562,722.5399780273438,719.2999877929688,719.7249755859375,1282132
2026-07-09 10:15:00-04:00,719.6500244140625,719.6500244140625,715.125,718.77001953125,2361119
2026-07-09 10:30:00-04:00,718.7999877929688,719.6099853515625,717.1599731445312,718.6400146484375,1699587
2026-07-09 10:45:00-04:00,718.6599731445312,720.1300048828125,717.8200073242188,719.3200073242188,982172
2026-07-09 11:00:00-04:00,719.3900146484375,721.1599731445312,719.1300048828125,720.9400024414062,1019506
2026-07-09 11:15:00-04:00,720.8099975585938,721.6400146484375,720.3300170898438,721.3599853515625,1022541
2026-07-09 11:30:00-04:00,721.3800048828125,722.0,720.9500122070312,721.5673828125,755478
2026-07-09 11:45:00-04:00,721.5800170898438,722.0670166015625,721.4749755859375,721.6644287109375,639527
2026-07-09 12:00:00-04:00,721.7000122070312,722.5599975585938,721.7000122070312,722.030029296875,631067
2026-07-09 12:15:00-04:00,722.0090942382812,722.4099731445312,721.5225219726562,721.760009765625,860573
2026-07-09 12:30:00-04:00,721.7874755859375,722.3800048828125,721.1300048828125,722.22998046875,595237
2026-07-09 12:45:00-04:00,722.1849975585938,722.298095703125,721.6799926757812,721.9400024414062,539469
2026-07-09 13:00:00-04:00,721.9349975585938,723.6599731445312,721.8599853515625,723.3350219726562,1083132
2026-07-09 13:15:00-04:00,723.3300170898438,724.1599731445312,723.323974609375,724.1099853515625,1452878
2026-07-09 13:30:00-04:00,724.14990234375,724.22998046875,723.5,723.780029296875,1143959
2026-07-09 13:45:00-04:00,723.7899780273438,724.1950073242188,723.0700073242188,723.780029296875,592373
2026-07-09 14:00:00-04:00,723.77001953125,724.0399780273438,723.47998046875,723.8699951171875,600579
2026-07-09 14:15:00-04:00,723.8699951171875,723.9400024414062,723.0449829101562,723.4299926757812,453203
2026-07-09 14:30:00-04:00,723.4000244140625,723.6500244140625,722.97998046875,723.4400024414062,428687
2026-07-09 14:45:00-04:00,723.4299926757812,723.5900268554688,722.739990234375,722.9600219726562,688427
2026-07-09 15:00:00-04:00,722.989990234375,723.010009765625,722.2100219726562,722.4500122070312,761641
2026-07-09 15:15:00-04:00,722.469970703125,723.4199829101562,722.1799926757812,722.7999877929688,543548
2026-07-09 15:30:00-04:00,722.7899780273438,723.155029296875,722.27001953125,723.0999755859375,804917
2026-07-09 15:45:00-04:00,723.1099853515625,723.3599853515625,721.969970703125,723.1799926757812,2028129
2026-07-10 09:30:00-04:00,720.7000122070312,723.1900024414062,719.8300170898438,721.22998046875,3224359
2026-07-10 09:45:00-04:00,721.27001953125,724.0399780273438,721.1900024414062,722.8350219726562,1669683
2026-07-10 10:00:00-04:00,722.7999877929688,723.8994140625,722.489990234375,723.25,972720
2026-07-10 10:15:00-04:00,723.280029296875,723.5499267578125,721.0,722.4541015625,958032
2026-07-10 10:30:00-04:00,722.510009765625,723.6599731445312,717.0,721.9949951171875,2612939
2026-07-10 10:45:00-04:00,721.97998046875,722.5800170898438,720.0599975585938,720.3499145507812,722560
2026-07-10 11:00:00-04:00,720.4299926757812,721.8300170898438,719.3599853515625,721.5499877929688,825514
2026-07-10 11:15:00-04:00,721.5900268554688,724.2899780273438,721.5800170898438,724.0509033203125,940691
2026-07-10 11:30:00-04:00,724.0900268554688,724.3400268554688,720.5800170898438,721.52001953125,1091326
2026-07-10 11:45:00-04:00,721.5800170898438,723.3800048828125,720.9500122070312,723.239990234375,739631
2026-07-10 12:00:00-04:00,723.3300170898438,724.27001953125,723.3300170898438,724.0900268554688,777570
2026-07-10 12:15:00-04:00,724.1400146484375,725.27001953125,724.1400146484375,724.8400268554688,893160
2026-07-10 12:30:00-04:00,724.8900146484375,725.4000244140625,724.72998046875,725.0,474923
2026-07-10 12:45:00-04:00,724.969970703125,725.5700073242188,724.8759765625,725.2017822265625,473449
2026-07-10 13:00:00-04:00,725.239990234375,725.3599853515625,724.530029296875,724.9807739257812,402782
2026-07-10 13:15:00-04:00,724.948486328125,725.7899780273438,724.8400268554688,725.77001953125,381764
2026-07-10 13:30:00-04:00,725.7681884765625,726.239990234375,725.47998046875,726.10498046875,651647
2026-07-10 13:45:00-04:00,726.1099853515625,726.260009765625,725.330078125,725.468994140625,927847
2026-07-10 14:00:00-04:00,725.5399780273438,726.239990234375,725.4118041992188,725.7999877929688,1315053
2026-07-10 14:15:00-04:00,725.780029296875,726.1599731445312,725.1599731445312,725.7000122070312,454696
2026-07-10 14:30:00-04:00,725.7100219726562,725.9600219726562,725.3499755859375,725.559814453125,258078
2026-07-10 14:45:00-04:00,725.5499877929688,725.7000122070312,725.25,725.47998046875,241965
2026-07-10 15:00:00-04:00,725.489990234375,726.3900146484375,725.3800048828125,725.97998046875,516202
2026-07-10 15:15:00-04:00,725.9299926757812,725.97998046875,725.4500122070312,725.719970703125,394933
2026-07-10 15:30:00-04:00,725.6799926757812,726.1799926757812,725.6799926757812,725.8599853515625,546334
2026-07-10 15:45:00-04:00,725.8599853515625,726.1099853515625,725.260009765625,725.530029296875,2535335
2026-07-13 09:30:00-04:00,717.719970703125,718.4299926757812,713.9500122070312,715.02001953125,5011601
2026-07-13 09:45:00-04:00,715.02001953125,716.0499877929688,713.1500244140625,715.77001953125,3010217
2026-07-13 10:00:00-04:00,715.8499755859375,716.5999755859375,714.1884765625,716.2999877929688,1454288
2026-07-13 10:15:00-04:00,716.27001953125,717.5850219726562,712.5599975585938,717.5,3090049
2026-07-13 10:30:00-04:00,717.6099853515625,718.0999755859375,715.6500244140625,715.9719848632812,977129
2026-07-13 10:45:00-04:00,715.9451904296875,717.989990234375,715.1400756835938,717.9099731445312,932358
2026-07-13 11:00:00-04:00,717.9299926757812,718.739990234375,716.77001953125,717.0700073242188,767858
2026-07-13 11:15:00-04:00,716.9650268554688,718.1699829101562,716.5599975585938,717.6599731445312,416567
2026-07-13 11:30:00-04:00,717.6500244140625,718.030029296875,716.239990234375,716.3699951171875,473719
2026-07-13 11:45:00-04:00,716.2999877929688,716.4099731445312,715.0,715.3599853515625,677480
2026-07-13 12:00:00-04:00,715.330078125,715.9749755859375,714.6799926757812,715.3699951171875,516443
2026-07-13 12:15:00-04:00,715.4099731445312,715.4099731445312,713.52001953125,714.0599975585938,773923
2026-07-13 12:30:00-04:00,713.989990234375,713.989990234375,711.7000122070312,713.530029296875,1853495
2026-07-13 12:45:00-04:00,713.6199951171875,713.989990234375,711.7208862304688,713.260009765625,719385
2026-07-13 13:00:00-04:00,713.2999877929688,714.5499877929688,713.030029296875,713.5999755859375,668706
2026-07-13 13:15:00-04:00,713.64501953125,713.830810546875,712.5449829101562,713.010009765625,729220
2026-07-13 13:30:00-04:00,713.02001953125,713.3499755859375,712.2100219726562,712.8599853515625,580078
2026-07-13 13:45:00-04:00,712.9000244140625,713.1900024414062,711.7999877929688,712.0499877929688,985715
2026-07-13 14:00:00-04:00,712.1099853515625,713.510009765625,711.969970703125,712.97998046875,775441
2026-07-13 14:15:00-04:00,712.9650268554688,713.114990234375,711.830078125,711.97998046875,805948
2026-07-13 14:30:00-04:00,711.9600219726562,713.0,711.5250244140625,712.6199951171875,1030248
2026-07-13 14:45:00-04:00,712.6400146484375,713.114990234375,712.219970703125,712.4199829101562,622302
2026-07-13 15:00:00-04:00,712.4600219726562,713.2288208007812,711.4400024414062,711.719970703125,985857
2026-07-13 15:15:00-04:00,711.739990234375,711.8200073242188,710.3099975585938,710.6300048828125,1273091
2026-07-13 15:30:00-04:00,710.6599731445312,711.52001953125,710.0999755859375,711.4000244140625,1749983
2026-07-13 15:45:00-04:00,711.4400024414062,712.6699829101562,711.0250244140625,711.719970703125,3128705
2026-07-14 09:30:00-04:00,720.1400146484375,720.2860107421875,717.1199951171875,718.8599853515625,4494430
2026-07-14 09:45:00-04:00,718.8300170898438,720.0800170898438,717.9000244140625,719.3900146484375,2053164
2026-07-14 10:00:00-04:00,719.4299926757812,720.0,716.02001953125,716.719970703125,1410409
2026-07-14 10:15:00-04:00,716.5999755859375,718.260009765625,714.3400268554688,717.1799926757812,1258192
2026-07-14 10:30:00-04:00,717.1300048828125,720.8800048828125,716.5380249023438,718.1900024414062,1947994
2026-07-14 10:45:00-04:00,718.2100219726562,719.5700073242188,716.6199951171875,719.2999877929688,1113261
2026-07-14 11:00:00-04:00,719.469970703125,721.5,718.8699951171875,721.1099853515625,1301053
2026-07-14 11:15:00-04:00,721.3200073242188,722.0850219726562,720.5800170898438,722.02001953125,984449
2026-07-14 11:30:00-04:00,722.0499877929688,722.280029296875,719.9500122070312,720.844970703125,1299424
2026-07-14 11:45:00-04:00,720.8200073242188,721.22998046875,719.0499877929688,719.6300048828125,552752
2026-07-14 12:00:00-04:00,719.75,719.75,717.8900146484375,718.5349731445312,456053
2026-07-14 12:15:00-04:00,718.5800170898438,719.6298828125,717.719970703125,719.510009765625,955557
2026-07-14 12:30:00-04:00,719.5349731445312,720.5499877929688,718.8599853515625,720.2150268554688,471820
2026-07-14 12:45:00-04:00,720.22998046875,720.7105712890625,719.5900268554688,720.6199951171875,433696
2026-07-14 13:00:00-04:00,720.6300048828125,721.1799926757812,720.3499755859375,720.5050048828125,800517
2026-07-14 13:15:00-04:00,720.5599975585938,721.5700073242188,720.1400146484375,721.1500244140625,505003
2026-07-14 13:30:00-04:00,721.219970703125,721.4600219726562,720.4099731445312,721.0999755859375,549795
2026-07-14 13:45:00-04:00,721.0900268554688,721.5499877929688,720.6900024414062,721.5,514340
2026-07-14 14:00:00-04:00,721.510009765625,721.6873168945312,721.0399780273438,721.6500244140625,394475
2026-07-14 14:15:00-04:00,721.6599731445312,721.85498046875,721.1500244140625,721.260009765625,424567
2026-07-14 14:30:00-04:00,721.260009765625,721.6500244140625,720.0700073242188,720.5999755859375,926630
2026-07-14 14:45:00-04:00,720.6199951171875,721.0499877929688,720.3499755859375,720.6199951171875,308195
2026-07-14 15:00:00-04:00,720.5900268554688,720.77001953125,719.5250244140625,720.4099731445312,858229
2026-07-14 15:15:00-04:00,720.3800048828125,720.9000244140625,719.9400024414062,719.9500122070312,581068
2026-07-14 15:30:00-04:00,719.97998046875,720.4000244140625,719.2899780273438,720.260009765625,975021
2026-07-14 15:45:00-04:00,720.280029296875,720.8394775390625,719.47998046875,719.6799926757812,1687287
2026-07-15 09:30:00-04:00,723.9400024414062,724.3499755859375,720.8300170898438,720.8699951171875,2595589
2026-07-15 09:45:00-04:00,720.8599853515625,721.1699829101562,718.9299926757812,720.6320190429688,2107302
2026-07-15 10:00:00-04:00,720.7000122070312,722.2800903320312,720.219970703125,720.219970703125,1024807
2026-07-15 10:15:00-04:00,720.2100219726562,720.75927734375,716.2059936523438,718.2150268554688,1768495
2026-07-15 10:30:00-04:00,718.25,718.530029296875,713.719970703125,715.25,1620853
2026-07-15 10:45:00-04:00,715.239990234375,716.3049926757812,714.3300170898438,715.9600219726562,1444051
2026-07-15 11:00:00-04:00,716.0,716.6998901367188,714.719970703125,715.0150146484375,806057
2026-07-15 11:15:00-04:00,715.0,716.2100219726562,713.583984375,716.2100219726562,1050860
2026-07-15 11:30:00-04:00,716.1699829101562,716.5499877929688,715.0,715.5800170898438,705990
2026-07-15 11:45:00-04:00,715.5800170898438,715.5999755859375,714.27001953125,714.739990234375,551731
2026-07-15 12:00:00-04:00,714.7100219726562,715.1400146484375,712.0700073242188,712.1400146484375,1608695
2026-07-15 12:15:00-04:00,712.1300048828125,712.669921875,711.0800170898438,711.844970703125,1851255
2026-07-15 12:30:00-04:00,711.8200073242188,712.344970703125,710.22998046875,711.4400024414062,1188082
2026-07-15 12:45:00-04:00,711.4400024414062,713.6500244140625,711.1799926757812,713.02001953125,1123656
2026-07-15 13:00:00-04:00,713.02001953125,714.1900024414062,712.5800170898438,713.5,693498
2026-07-15 13:15:00-04:00,713.5034790039062,715.3300170898438,713.4099731445312,715.260009765625,1390438
2026-07-15 13:30:00-04:00,715.280029296875,716.0399780273438,715.260009765625,715.9099731445312,660539
2026-07-15 13:45:00-04:00,715.9500122070312,717.7000122070312,715.739990234375,717.2000122070312,927364
2026-07-15 14:00:00-04:00,717.2564086914062,718.280029296875,717.1300048828125,717.9799194335938,668309
2026-07-15 14:15:00-04:00,717.9500122070312,718.5900268554688,717.2000122070312,718.1694946289062,589127
2026-07-15 14:30:00-04:00,718.1699829101562,718.4299926757812,716.5999755859375,716.6799926757812,495784
2026-07-15 14:45:00-04:00,716.6699829101562,716.760009765625,715.0499877929688,715.4600219726562,838204
2026-07-15 15:00:00-04:00,715.47998046875,716.8699951171875,715.2899780273438,716.2600708007812,997140
2026-07-15 15:15:00-04:00,716.2750244140625,716.35498046875,714.9204711914062,716.219970703125,510508
2026-07-15 15:30:00-04:00,716.25,717.532470703125,715.4600219726562,717.2899780273438,1075314
2026-07-15 15:45:00-04:00,717.22998046875,717.8400268554688,716.4199829101562,717.6900024414062,1769403
2026-07-16 09:30:00-04:00,712.0,713.594970703125,708.22998046875,708.3900146484375,4044744
2026-07-16 09:45:00-04:00,708.4099731445312,709.4600219726562,707.0,709.1749877929688,1796847
2026-07-16 10:00:00-04:00,709.0900268554688,712.7650146484375,708.6500244140625,712.0850219726562,1460193
2026-07-16 10:15:00-04:00,712.1300048828125,712.9000244140625,710.4099731445312,712.469970703125,944332
2026-07-16 10:30:00-04:00,712.4749755859375,713.0700073242188,711.1199951171875,711.9949951171875,783676
2026-07-16 10:45:00-04:00,712.010009765625,712.3099975585938,709.5900268554688,711.2650146484375,984076
2026-07-16 11:00:00-04:00,711.4099731445312,711.8599853515625,708.9199829101562,709.4500122070312,837665
2026-07-16 11:15:00-04:00,709.4400024414062,711.6599731445312,708.9600219726562,710.594970703125,899768
2026-07-16 11:30:00-04:00,710.5850219726562,712.02001953125,709.72998046875,710.3499755859375,740650
2026-07-16 11:45:00-04:00,710.2899780273438,711.280029296875,709.3499755859375,710.219970703125,683181
2026-07-16 12:00:00-04:00,710.25,710.2999877929688,707.760009765625,707.8814086914062,2142725
2026-07-16 12:15:00-04:00,707.8400268554688,717.739990234375,707.1199951171875,707.9600219726562,1346106
2026-07-16 12:30:00-04:00,707.969970703125,708.9299926757812,707.6400146484375,707.8499755859375,820234
2026-07-16 12:45:00-04:00,707.7999877929688,709.2000122070312,707.2750244140625,708.8671264648438,729185
2026-07-16 13:00:00-04:00,708.9299926757812,708.9400024414062,707.6077880859375,707.6749877929688,507628
2026-07-16 13:15:00-04:00,707.7177124023438,708.97998046875,707.3499755859375,708.739990234375,896334
2026-07-16 13:30:00-04:00,708.7899780273438,709.010009765625,706.3099975585938,706.5900268554688,949904
2026-07-16 13:45:00-04:00,706.5999755859375,707.1799926757812,706.0399780273438,706.6099853515625,1029107
2026-07-16 14:00:00-04:00,706.5900268554688,707.4334106445312,706.0599975585938,706.3599853515625,1563495
2026-07-16 14:15:00-04:00,706.3798828125,708.0599975585938,706.0,707.2100219726562,619073
2026-07-16 14:30:00-04:00,707.0999755859375,707.0999755859375,705.5,706.4600219726562,1524205
2026-07-16 14:45:00-04:00,706.364990234375,706.8099975585938,705.5399780273438,705.8099975585938,680528
2026-07-16 15:00:00-04:00,705.77001953125,706.5599975585938,704.9299926757812,705.0999755859375,1370794
2026-07-16 15:15:00-04:00,705.0700073242188,705.1699829101562,703.5900268554688,704.2899780273438,1360107
2026-07-16 15:30:00-04:00,704.2899780273438,704.8300170898438,703.5599975585938,703.5900268554688,2396715
2026-07-16 15:45:00-04:00,703.5999755859375,706.4600219726562,702.6099853515625,706.02001953125,4238455
2026-07-17 09:30:00-04:00,691.6300048828125,693.5399780273438,686.760009765625,687.0599975585938,7277926
2026-07-17 09:45:00-04:00,687.0599975585938,693.4099731445312,686.8732299804688,693.3499755859375,3947152
2026-07-17 10:00:00-04:00,693.35498046875,697.8399047851562,693.0399780273438,696.4400024414062,3931966
2026-07-17 10:15:00-04:00,696.3499755859375,698.4199829101562,695.8300170898438,697.0299072265625,1648400
2026-07-17 10:30:00-04:00,697.0549926757812,698.5700073242188,695.3099975585938,696.8300170898438,1549411
2026-07-17 10:45:00-04:00,696.760009765625,697.6599731445312,694.35498046875,694.469970703125,1583730
2026-07-17 11:00:00-04:00,694.5399780273438,695.1699829101562,693.2899780273438,694.0,3206497
2026-07-17 11:15:00-04:00,693.969970703125,695.280029296875,693.1400146484375,695.0449829101562,1380839
2026-07-17 11:30:00-04:00,695.135009765625,697.2899780273438,694.3099975585938,696.1950073242188,1224660
2026-07-17 11:45:00-04:00,696.1799926757812,699.8699951171875,695.8300170898438,699.489990234375,1882327
2026-07-17 12:00:00-04:00,699.489990234375,700.0499877929688,697.3599853515625,699.6699829101562,2591111
2026-07-17 12:15:00-04:00,699.6649780273438,700.0499877929688,697.719970703125,699.0,1118600
2026-07-17 12:30:00-04:00,698.97998046875,700.4099731445312,698.3699951171875,700.4099731445312,775059
2026-07-17 12:45:00-04:00,700.3900146484375,701.760009765625,700.2100219726562,700.5,2013572
2026-07-17 13:00:00-04:00,700.530029296875,702.2999877929688,700.3350219726562,701.0050048828125,1090829
2026-07-17 13:15:00-04:00,701.1199951171875,702.1500244140625,700.6500244140625,702.0,1248767
2026-07-17 13:30:00-04:00,701.989990234375,702.1500244140625,699.75,699.9298706054688,1040071
2026-07-17 13:45:00-04:00,699.9000244140625,700.3499755859375,698.280029296875,698.60009765625,540244
2026-07-17 14:00:00-04:00,698.6400146484375,699.530029296875,697.6099853515625,697.7501220703125,1438636
2026-07-17 14:15:00-04:00,697.77001953125,697.9099731445312,696.77001953125,697.52001953125,1341084
2026-07-17 14:30:00-04:00,697.5,698.4199829101562,696.1199951171875,696.4000244140625,959569
2026-07-17 14:45:00-04:00,696.4000244140625,698.25,696.1400146484375,697.7000122070312,845632
2026-07-17 15:00:00-04:00,697.6900024414062,697.8499755859375,695.1900024414062,695.25,762478
2026-07-17 15:15:00-04:00,695.2000122070312,696.2999877929688,694.22998046875,696.0900268554688,1542382
2026-07-17 15:30:00-04:00,696.1199951171875,697.25,695.0800170898438,696.0900268554688,1455906
2026-07-17 15:45:00-04:00,696.0800170898438,697.5,695.1699829101562,695.2999877929688,2807530
2026-07-20 09:30:00-04:00,702.260009765625,705.5499877929688,701.780029296875,705.47998046875,3866954
2026-07-20 09:45:00-04:00,705.489990234375,705.7999877929688,700.6599731445312,701.0900268554688,2031364
2026-07-20 10:00:00-04:00,701.0999755859375,702.3599853515625,699.6849975585938,700.5,1656595
2026-07-20 10:15:00-04:00,700.5,701.9299926757812,698.9099731445312,701.89501953125,1159007
2026-07-20 10:30:00-04:00,701.8800048828125,702.3599853515625,700.030029296875,700.3400268554688,749518
2026-07-20 10:45:00-04:00,700.27001953125,701.239990234375,698.1099853515625,698.5399780273438,1053977
2026-07-20 11:00:00-04:00,698.510009765625,700.8900146484375,698.0800170898438,699.7899780273438,792368
2026-07-20 11:15:00-04:00,699.905029296875,701.719970703125,699.4099731445312,701.5399780273438,636634
2026-07-20 11:30:00-04:00,701.54052734375,701.9500122070312,700.7999877929688,701.7899780273438,632118
2026-07-20 11:45:00-04:00,701.8099975585938,702.6900024414062,700.5399780273438,702.3800048828125,671425
2026-07-20 12:00:00-04:00,702.409912109375,704.02001953125,701.8353881835938,703.719970703125,669541
2026-07-20 12:15:00-04:00,703.7899780273438,703.8499755859375,702.8200073242188,703.1873779296875,956098
2026-07-20 12:30:00-04:00,703.260009765625,703.5399780273438,700.3099975585938,701.2999877929688,1227419
2026-07-20 12:45:00-04:00,701.219970703125,702.4000244140625,700.1400146484375,700.8200073242188,1109131
2026-07-20 13:00:00-04:00,700.7899780273438,701.1599731445312,699.2949829101562,699.405029296875,442319
2026-07-20 13:15:00-04:00,699.3699951171875,700.5800170898438,699.030029296875,700.1530151367188,555142
2026-07-20 13:30:00-04:00,700.1599731445312,700.515380859375,698.7999877929688,699.030029296875,404206
2026-07-20 13:45:00-04:00,699.0150146484375,700.739990234375,698.989990234375,700.14990234375,388406
2026-07-20 14:00:00-04:00,700.27001953125,701.219970703125,700.1500244140625,700.9901123046875,803438
2026-07-20 14:15:00-04:00,700.989990234375,701.3900146484375,699.5599975585938,699.9346923828125,425878
2026-07-20 14:30:00-04:00,699.9500122070312,699.9598999023438,697.7999877929688,697.8099975585938,589517
2026-07-20 14:45:00-04:00,697.8306274414062,698.7899780273438,697.719970703125,698.0700073242188,683287
2026-07-20 15:00:00-04:00,698.0900268554688,698.6799926757812,696.5399780273438,696.5599975585938,1188364
2026-07-20 15:15:00-04:00,696.5748291015625,698.0,696.260009765625,697.6799926757812,1076395
2026-07-20 15:30:00-04:00,697.7100219726562,698.5991821289062,697.2000122070312,697.9000244140625,1001348
2026-07-20 15:45:00-04:00,697.9500122070312,698.2581787109375,695.510009765625,695.989990234375,2942254
2026-07-21 09:30:00-04:00,706.6799926757812,707.1300048828125,704.3900146484375,704.7100219726562,3755458
2026-07-21 09:45:00-04:00,704.7100219726562,705.5098876953125,703.5050048828125,704.9000244140625,1142580
2026-07-21 10:00:00-04:00,704.969970703125,705.75,702.8099975585938,704.3699951171875,1226434
2026-07-21 10:15:00-04:00,704.3499145507812,706.4500122070312,702.9000244140625,706.22998046875,1418864
2026-07-21 10:30:00-04:00,706.219970703125,707.0,705.2000122070312,706.6599731445312,1028493
2026-07-21 10:45:00-04:00,706.7100219726562,707.4000244140625,706.3099975585938,707.0,751547
2026-07-21 11:00:00-04:00,706.97998046875,708.4500122070312,705.6500244140625,708.2899780273438,861471
2026-07-21 11:15:00-04:00,708.3099975585938,708.989990234375,707.8350219726562,708.6900024414062,885808
2026-07-21 11:30:00-04:00,708.6599731445312,708.6799926757812,707.510009765625,707.5800170898438,677874
2026-07-21 11:45:00-04:00,707.5599975585938,708.5,707.47998046875,707.5203247070312,659903
2026-07-21 12:00:00-04:00,707.592529296875,709.0999755859375,707.4299926757812,708.5399780273438,732182
2026-07-21 12:15:00-04:00,708.5900268554688,709.4099731445312,708.5599975585938,708.8300170898438,922286
2026-07-21 12:30:00-04:00,708.8499755859375,709.385009765625,708.6300048828125,709.0,998887
2026-07-21 12:45:00-04:00,709.0,709.7899780273438,708.8300170898438,709.2999877929688,658864
2026-07-21 13:00:00-04:00,709.2999877929688,709.8800048828125,709.2899780273438,709.3599853515625,1125669
2026-07-21 13:15:00-04:00,709.3699951171875,709.6099853515625,709.0900268554688,709.3150024414062,443851
2026-07-21 13:30:00-04:00,709.3300170898438,709.760009765625,709.2000122070312,709.530029296875,535626
2026-07-21 13:45:00-04:00,709.5499877929688,710.0499877929688,709.3300170898438,709.530029296875,566970
2026-07-21 14:00:00-04:00,709.5399780273438,710.030029296875,709.4409790039062,709.489990234375,1112721
2026-07-21 14:15:00-04:00,709.489990234375,709.6199951171875,709.030029296875,709.1599731445312,540068
2026-07-21 14:30:00-04:00,709.1500244140625,709.719970703125,708.7999877929688,709.7000122070312,683715
2026-07-21 14:45:00-04:00,709.7000122070312,709.8900146484375,708.9500122070312,709.2299194335938,571231
2026-07-21 15:00:00-04:00,709.22998046875,709.4000244140625,708.635009765625,708.75,633046
2026-07-21 15:15:00-04:00,708.739990234375,709.0,708.3300170898438,708.3900146484375,412879
2026-07-21 15:30:00-04:00,708.4199829101562,709.5399780273438,708.3300170898438,709.469970703125,1347639
2026-07-21 15:45:00-04:00,709.4500122070312,709.8599853515625,708.6500244140625,708.9500122070312,5355806
2026-07-22 09:30:00-04:00,704.3499755859375,705.9000244140625,703.6400146484375,705.7249755859375,4159918
2026-07-22 09:45:00-04:00,705.719970703125,708.0999755859375,705.0999755859375,708.0999755859375,1596664
2026-07-22 10:00:00-04:00,708.0900268554688,708.239990234375,706.6400146484375,707.0900268554688,1098442
2026-07-22 10:15:00-04:00,707.0800170898438,707.989990234375,706.1599731445312,706.7098999023438,953333
2026-07-22 10:30:00-04:00,706.6900024414062,707.6599731445312,705.5800170898438,705.9000244140625,1150800
2026-07-22 10:45:00-04:00,705.8699951171875,707.2899780273438,705.6199951171875,707.1900024414062,627901
2026-07-22 11:00:00-04:00,707.2000122070312,708.9600219726562,707.2000122070312,708.7940063476562,888762
2026-07-22 11:15:00-04:00,708.7999877929688,709.6472778320312,708.4400024414062,709.22998046875,802215
2026-07-22 11:30:00-04:00,709.239990234375,709.469970703125,708.013671875,708.3699951171875,701934
2026-07-22 11:45:00-04:00,708.3499755859375,709.4099731445312,708.3499755859375,709.3599853515625,431648
2026-07-22 12:00:00-04:00,709.3699951171875,709.4500122070312,708.9400024414062,709.3300170898438,367212
2026-07-22 12:15:00-04:00,709.3300170898438,709.4876708984375,708.6500244140625,708.9025268554688,423158
2026-07-22 12:30:00-04:00,708.9000244140625,709.3200073242188,708.25,708.4000244140625,349866
2026-07-22 12:45:00-04:00,708.4000244140625,709.1599731445312,708.0700073242188,708.8699951171875,332860
2026-07-22 13:00:00-04:00,708.8800048828125,709.3499755859375,708.6799926757812,708.8599853515625,335396
2026-07-22 13:15:00-04:00,708.8499755859375,709.0772705078125,708.5020141601562,708.769775390625,372034
2026-07-22 13:30:00-04:00,708.7150268554688,709.0900268554688,708.1500244140625,708.510009765625,224179
2026-07-22 13:45:00-04:00,708.510009765625,708.5700073242188,707.0399780273438,707.2738037109375,533798
2026-07-22 14:00:00-04:00,707.27001953125,707.9199829101562,706.8099975585938,706.8099975585938,310440
2026-07-22 14:15:00-04:00,706.8200073242188,707.489990234375,706.739990234375,707.1300048828125,395409
2026-07-22 14:30:00-04:00,707.1201171875,707.1699829101562,706.4000244140625,706.9000244140625,344642
2026-07-22 14:45:00-04:00,706.9099731445312,707.619873046875,706.7899780273438,707.4249877929688,295338
2026-07-22 15:00:00-04:00,707.3400268554688,707.6300048828125,706.5900268554688,706.8049926757812,505965
2026-07-22 15:15:00-04:00,706.8200073242188,707.6799926757812,706.6400146484375,707.5004272460938,535197
2026-07-22 15:30:00-04:00,707.5,707.530029296875,706.0599975585938,706.5001220703125,708891
2026-07-22 15:45:00-04:00,706.52001953125,707.3099975585938,705.1900024414062,705.27001953125,1989792
2026-07-23 09:30:00-04:00,694.6400146484375,698.6599731445312,693.2100219726562,698.0,5961057
2026-07-23 09:45:00-04:00,698.0,698.2899780273438,694.1900024414062,694.4600219726562,1920063
2026-07-23 10:00:00-04:00,694.6099853515625,696.6900024414062,693.760009765625,694.4000244140625,1788671
2026-07-23 10:15:00-04:00,694.2999877929688,696.1500244140625,693.97998046875,695.1400146484375,1228586
2026-07-23 10:30:00-04:00,695.0150146484375,695.989990234375,692.47998046875,692.9199829101562,1961798
2026-07-23 10:45:00-04:00,692.9000244140625,693.5299072265625,691.2949829101562,691.75,1506624
2026-07-23 11:00:00-04:00,691.780029296875,691.9398803710938,688.97998046875,689.2650146484375,1978098
2026-07-23 11:15:00-04:00,689.27001953125,691.0850219726562,688.155029296875,688.6300048828125,1925076
2026-07-23 11:30:00-04:00,688.6300048828125,690.6699829101562,687.7999877929688,689.2849731445312,1468210
2026-07-23 11:45:00-04:00,689.260009765625,691.5999755859375,688.9199829101562,691.5599975585938,1042336
2026-07-23 12:00:00-04:00,691.5900268554688,692.8599853515625,691.2000122070312,692.5599975585938,1617354
2026-07-23 12:15:00-04:00,692.5599975585938,694.5900268554688,692.0700073242188,694.4199829101562,1207408
2026-07-23 12:30:00-04:00,694.3900146484375,695.1500244140625,693.810791015625,693.9500122070312,896032
2026-07-23 12:45:00-04:00,693.905029296875,693.905029296875,692.02001953125,692.8049926757812,958255
2026-07-23 13:00:00-04:00,692.760009765625,693.2899780273438,691.4915771484375,692.840087890625,805698
2026-07-23 13:15:00-04:00,692.780029296875,693.6500244140625,692.1500244140625,693.139892578125,608968
2026-07-23 13:30:00-04:00,693.0,693.1300048828125,691.0800170898438,691.6519775390625,606597
2026-07-23 13:45:00-04:00,691.635009765625,692.47998046875,690.9450073242188,691.02001953125,612489
2026-07-23 14:00:00-04:00,691.010009765625,691.3400268554688,690.40380859375,690.8289794921875,1009697
2026-07-23 14:15:00-04:00,690.8300170898438,691.4099731445312,690.4949951171875,691.1699829101562,722154
2026-07-23 14:30:00-04:00,691.1400146484375,691.8499755859375,690.4299926757812,690.5900268554688,706479
2026-07-23 14:45:00-04:00,690.5700073242188,691.22998046875,689.969970703125,690.5599975585938,651050
2026-07-23 15:00:00-04:00,690.5499877929688,690.9400024414062,689.3499755859375,689.4401245117188,742935
2026-07-23 15:15:00-04:00,689.4299926757812,691.5698852539062,689.4299926757812,691.280029296875,960121
2026-07-23 15:30:00-04:00,691.3300170898438,691.6199951171875,689.3300170898438,689.3300170898438,939836
2026-07-23 15:45:00-04:00,689.3400268554688,692.4299926757812,688.9299926757812,691.9199829101562,3774077
2026-07-24 09:30:00-04:00,690.25,692.4500122070312,688.5,689.1785278320312,3891786
2026-07-24 09:45:00-04:00,689.1799926757812,689.719970703125,685.0250244140625,685.219970703125,2786257
2026-07-24 10:00:00-04:00,685.1699829101562,688.2899780273438,684.8599853515625,687.5999755859375,2315566
2026-07-24 10:15:00-04:00,687.5999755859375,687.8499755859375,684.9299926757812,686.8800048828125,1421072
2026-07-24 10:30:00-04:00,686.9063720703125,686.97998046875,683.739990234375,684.3599853515625,1396231
2026-07-24 10:45:00-04:00,684.39990234375,688.5390014648438,683.5460205078125,688.27001953125,1411746
2026-07-24 11:00:00-04:00,688.2999877929688,689.6799926757812,685.9749755859375,689.3350219726562,1617427
2026-07-24 11:15:00-04:00,689.3099975585938,690.8499755859375,688.4299926757812,689.4974975585938,1720691
2026-07-24 11:30:00-04:00,689.5,691.2999877929688,689.1199951171875,689.5999755859375,1454983
2026-07-24 11:45:00-04:00,689.6400146484375,691.489990234375,689.260009765625,691.2803955078125,875318
2026-07-24 12:00:00-04:00,691.2999877929688,692.6300048828125,690.6500244140625,691.3499755859375,811765
2026-07-24 12:15:00-04:00,691.2899780273438,691.72998046875,690.7000122070312,691.1129760742188,484420
2026-07-24 12:30:00-04:00,691.030029296875,691.1099853515625,689.344970703125,689.4600219726562,947867
2026-07-24 12:45:00-04:00,689.4515991210938,689.719970703125,688.5050048828125,689.3400268554688,829592
2026-07-24 13:00:00-04:00,689.3800048828125,689.4758911132812,687.7000122070312,688.4600830078125,868601
2026-07-24 13:15:00-04:00,688.4400024414062,689.989990234375,688.0200805664062,689.7899780273438,727494
2026-07-24 13:30:00-04:00,689.8099975585938,690.5062866210938,688.594970703125,688.60498046875,529217
2026-07-24 13:45:00-04:00,688.5800170898438,689.489990234375,688.2899780273438,688.6500244140625,536807
2026-07-24 14:00:00-04:00,688.6599731445312,689.1099853515625,687.5399780273438,687.7000122070312,531155
2026-07-24 14:15:00-04:00,687.6500244140625,687.7399291992188,685.4500122070312,685.4849853515625,1358485
2026-07-24 14:30:00-04:00,685.5175170898438,685.719970703125,683.6300048828125,684.0399780273438,2084885
2026-07-24 14:45:00-04:00,684.02001953125,685.27001953125,683.9000244140625,684.6798706054688,1973625
2026-07-24 15:00:00-04:00,684.6400146484375,685.2969970703125,682.6300048828125,682.6699829101562,1568932
2026-07-24 15:15:00-04:00,682.6710205078125,683.780029296875,682.47998046875,683.469970703125,1301611
2026-07-24 15:30:00-04:00,683.47998046875,684.6599731445312,683.1199951171875,684.0,1768404
2026-07-24 15:45:00-04:00,684.0,684.510009765625,682.760009765625,684.219970703125,3928559
2026-07-27 09:30:00-04:00,691.719970703125,692.260009765625,687.739990234375,688.35498046875,3870069
2026-07-27 09:45:00-04:00,688.39501953125,689.5800170898438,685.6727294921875,685.7999877929688,1667151
2026-07-27 10:00:00-04:00,685.8300170898438,686.3699951171875,682.969970703125,683.47998046875,2881197
2026-07-27 10:15:00-04:00,683.5599975585938,684.5999755859375,679.27001953125,679.4600219726562,2646215
2026-07-27 10:30:00-04:00,679.4600219726562,679.9099731445312,675.9450073242188,676.4000244140625,3309932
2026-07-27 10:45:00-04:00,676.3900146484375,681.739990234375,676.3900146484375,681.469970703125,1967767
2026-07-27 11:00:00-04:00,681.52001953125,682.1503295898438,680.3300170898438,680.424072265625,1411741
2026-07-27 11:15:00-04:00,680.3900146484375,681.0399780273438,678.530029296875,679.1199951171875,1336002
2026-07-27 11:30:00-04:00,679.219970703125,679.4099731445312,676.9099731445312,678.3499755859375,1095201
2026-07-27 11:45:00-04:00,678.3599853515625,679.155029296875,677.2949829101562,678.8800048828125,704373
2026-07-27 12:00:00-04:00,678.9199829101562,681.0999755859375,678.7999877929688,679.2899780273438,1116583
2026-07-27 12:15:00-04:00,679.3200073242188,682.3400268554688,678.47998046875,681.094970703125,1694522
2026-07-27 12:30:00-04:00,681.1099853515625,682.1300048828125,680.1500244140625,680.6801147460938,1110527
2026-07-27 12:45:00-04:00,680.6300048828125,681.1589965820312,678.0499877929688,678.5399780273438,1001647
2026-07-27 13:00:00-04:00,678.5700073242188,678.739990234375,677.25,678.2449951171875,973143
2026-07-27 13:15:00-04:00,678.2000122070312,678.4099731445312,677.0800170898438,677.3900146484375,896148
2026-07-27 13:30:00-04:00,677.3900146484375,678.9099731445312,677.3400268554688,678.219970703125,764958
2026-07-27 13:45:00-04:00,678.260009765625,679.9299926757812,677.718017578125,679.8499755859375,588716
2026-07-27 14:00:00-04:00,679.989990234375,680.2999877929688,679.4600219726562,679.8300170898438,763873
2026-07-27 14:15:00-04:00,679.8400268554688,679.9099731445312,678.6019897460938,679.3400268554688,979760
2026-07-27 14:30:00-04:00,679.3599853515625,679.510009765625,677.8499755859375,679.2999877929688,1038067
2026-07-27 14:45:00-04:00,679.3800048828125,682.0,679.0499877929688,681.9349975585938,995828
2026-07-27 15:00:00-04:00,681.9381103515625,683.030029296875,681.4199829101562,682.27001953125,1084427
2026-07-27 15:15:00-04:00,682.25,683.3699951171875,682.1300048828125,683.280029296875,1349509
2026-07-27 15:30:00-04:00,683.3499145507812,683.5999755859375,681.5800170898438,681.6799926757812,1480597
2026-07-27 15:45:00-04:00,681.6699829101562,682.3200073242188,681.1649780273438,682.0599975585938,3068811
2026-07-28 09:30:00-04:00,676.1900024414062,677.2999877929688,670.8300170898438,671.3499755859375,7519751
2026-07-28 09:45:00-04:00,671.3300170898438,672.530029296875,668.8563842773438,669.3800048828125,3884203
2026-07-28 10:00:00-04:00,669.3300170898438,672.4329833984375,668.02001953125,668.530029296875,2560807
2026-07-28 10:15:00-04:00,668.510009765625,670.6400146484375,667.8800048828125,670.3699951171875,2980258
2026-07-28 10:30:00-04:00,670.3900146484375,672.4600219726562,669.4500122070312,671.9600219726562,1781244
2026-07-28 10:45:00-04:00,671.9199829101562,674.8300170898438,671.3099975585938,672.7100219726562,2132003
2026-07-28 11:00:00-04:00,672.7100219726562,674.60009765625,671.8300170898438,673.9199829101562,1820565
2026-07-28 11:15:00-04:00,673.8900146484375,677.75,673.530029296875,676.6400146484375,2272568
2026-07-28 11:30:00-04:00,676.6300048828125,678.3099975585938,676.219970703125,678.22998046875,1283603
2026-07-28 11:45:00-04:00,678.22998046875,678.97998046875,677.72998046875,678.5900268554688,1200961
2026-07-28 12:00:00-04:00,678.6300048828125,679.1300048828125,677.3800048828125,677.6500244140625,1743114
2026-07-28 12:15:00-04:00,677.6199951171875,678.5499877929688,677.0800170898438,677.3046875,1254732
2026-07-28 12:30:00-04:00,677.3590087890625,678.489990234375,676.3300170898438,678.2899780273438,1492760
2026-07-28 12:45:00-04:00,678.2449951171875,679.4000244140625,677.3150024414062,678.8099975585938,765165
2026-07-28 13:00:00-04:00,678.8200073242188,679.0299072265625,676.7000122070312,677.1400146484375,908313
2026-07-28 13:15:00-04:00,677.1799926757812,678.5399780273438,676.8099975585938,677.4000244140625,644792
2026-07-28 13:30:00-04:00,677.375,678.4500122070312,676.2349853515625,676.3499755859375,1009481
2026-07-28 13:45:00-04:00,676.3400268554688,677.1019897460938,675.6500244140625,676.774169921875,642848
2026-07-28 14:00:00-04:00,676.8400268554688,677.4401245117188,675.4000244140625,675.4401245117188,810887
2026-07-28 14:15:00-04:00,675.47998046875,676.2000122070312,675.3499755859375,675.64501953125,1027117
2026-07-28 14:30:00-04:00,675.6799926757812,676.5700073242188,675.5599975585938,675.9299926757812,719981
2026-07-28 14:45:00-04:00,675.97998046875,676.9600219726562,675.7410278320312,676.8004760742188,560429
2026-07-28 15:00:00-04:00,676.8200073242188,678.010009765625,676.7849731445312,677.155029296875,916837
2026-07-28 15:15:00-04:00,677.1300048828125,678.010009765625,676.6699829101562,677.9099731445312,871389
2026-07-28 15:30:00-04:00,677.9500122070312,678.0599975585938,676.1082763671875,676.3900146484375,1721194
2026-07-28 15:45:00-04:00,676.3800048828125,677.1699829101562,675.280029296875,675.5,3841508
2026-07-29 09:30:00-04:00,675.4600219726562,677.4600219726562,673.6199951171875,675.5700073242188,4278150
2026-07-29 09:45:00-04:00,675.5399780273438,676.2849731445312,669.5599975585938,671.1898803710938,2183301
2026-07-29 10:00:00-04:00,671.1900024414062,673.4000244140625,668.8200073242188,669.114990234375,2078639
2026-07-29 10:15:00-04:00,669.1400146484375,670.3300170898438,666.4849853515625,667.280029296875,1801203
2026-07-29 10:30:00-04:00,667.27001953125,669.2000122070312,665.77001953125,666.4400024414062,1704723
2026-07-29 10:45:00-04:00,666.4400024414062,668.3499755859375,665.989990234375,668.0,1163545
2026-07-29 11:00:00-04:00,667.989990234375,669.2999877929688,667.1199951171875,667.3800048828125,903330
2026-07-29 11:15:00-04:00,667.39501953125,668.52001953125,666.7100219726562,666.8300170898438,712423
2026-07-29 11:30:00-04:00,666.8800048828125,667.8099975585938,665.9600219726562,666.2999877929688,1001486
2026-07-29 11:45:00-04:00,666.3189697265625,667.0800170898438,664.6400146484375,665.9299926757812,1409869
2026-07-29 12:00:00-04:00,665.989990234375,666.4600219726562,663.5599975585938,663.5900268554688,1273383
2026-07-29 12:15:00-04:00,663.5599975585938,666.8400268554688,663.2999877929688,666.780029296875,1677044
2026-07-29 12:30:00-04:00,666.7000122070312,667.5604248046875,665.1500244140625,665.5800170898438,1256390
2026-07-29 12:45:00-04:00,665.5501098632812,667.97998046875,665.239990234375,667.9400024414062,1472860
2026-07-29 13:00:00-04:00,668.0,671.2000122070312,667.8200073242188,671.1400146484375,1442955
2026-07-29 13:15:00-04:00,671.2000122070312,671.510009765625,669.1099853515625,669.1099853515625,1497498
2026-07-29 13:30:00-04:00,669.22998046875,670.1799926757812,668.5999755859375,669.8300170898438,802035
2026-07-29 13:45:00-04:00,669.8300170898438,670.9299926757812,669.2100219726562,670.7999877929688,1084603
2026-07-29 14:00:00-04:00,670.4299926757812,674.9000244140625,670.4299926757812,672.7999877929688,3751089
2026-07-29 14:15:00-04:00,672.75,673.7999877929688,671.030029296875,672.1900024414062,1073896
2026-07-29 14:30:00-04:00,672.1699829101562,677.3004150390625,670.6301879882812,677.0,2449738
2026-07-29 14:45:00-04:00,677.030029296875,679.9500122070312,676.6799926757812,679.010009765625,2116166
2026-07-29 15:00:00-04:00,679.0648193359375,680.0499877929688,673.8674926757812,675.4600219726562,2185161
2026-07-29 15:15:00-04:00,675.5,676.2150268554688,669.0900268554688,670.77001953125,2310586
2026-07-29 15:30:00-04:00,670.77001953125,671.5679931640625,664.7000122070312,665.0499877929688,2505946
2026-07-29 15:45:00-04:00,665.02001953125,665.969970703125,661.14501953125,661.6300048828125,6445202
2026-07-30 09:30:00-04:00,674.6900024414062,677.6900024414062,673.2999877929688,677.25,6855136
2026-07-30 09:45:00-04:00,677.25,681.6500244140625,677.1699829101562,681.5150146484375,3811882
2026-07-30 10:00:00-04:00,681.489990234375,682.3200073242188,679.4105224609375,680.4099731445312,2719776
2026-07-30 10:15:00-04:00,680.4210205078125,683.6400146484375,679.75,683.219970703125,2553295
2026-07-30 10:30:00-04:00,683.260009765625,683.7100219726562,681.6699829101562,682.030029296875,1543065
2026-07-30 10:45:00-04:00,682.0250244140625,682.530029296875,678.3599853515625,679.530029296875,2652068
2026-07-30 11:00:00-04:00,679.5,681.1500244140625,678.1300048828125,678.4500122070312,2128748
2026-07-30 11:15:00-04:00,678.4299926757812,680.260009765625,677.75,678.1950073242188,1210201
2026-07-30 11:30:00-04:00,678.1599731445312,680.469970703125,677.9000244140625,679.989990234375,1456712
2026-07-30 11:45:00-04:00,680.0599975585938,681.1099853515625,679.0800170898438,679.7899780273438,1979881
2026-07-30 12:00:00-04:00,679.77001953125,682.469970703125,679.3200073242188,682.3699951171875,2098307
2026-07-30 12:15:00-04:00,682.3699951171875,682.5499877929688,681.2899780273438,681.3499755859375,2373952
2026-07-30 12:30:00-04:00,681.35498046875,681.489990234375,679.25,679.5499877929688,1850244
2026-07-30 12:45:00-04:00,679.5399780273438,681.1699829101562,679.5,680.9600219726562,1479178
2026-07-30 13:00:00-04:00,680.969970703125,682.3300170898438,680.9500122070312,681.739990234375,2589953
2026-07-30 13:15:00-04:00,681.760009765625,682.89111328125,681.6900024414062,681.97998046875,1417047
2026-07-30 13:30:00-04:00,682.0,682.6823120117188,681.27001953125,682.4232788085938,1363914
2026-07-30 13:45:00-04:00,682.4500122070312,682.9199829101562,681.8900146484375,682.1699829101562,1071008
2026-07-30 14:00:00-04:00,682.219970703125,682.8499755859375,681.9600219726562,682.75,572786
2026-07-30 14:15:00-04:00,682.760009765625,682.8200073242188,681.8400268554688,682.3300170898438,1226856
2026-07-30 14:30:00-04:00,682.3250122070312,682.72998046875,681.510009765625,681.969970703125,887143
2026-07-30 14:45:00-04:00,681.969970703125,682.4500122070312,681.6699829101562,682.3099975585938,1342740
2026-07-30 15:00:00-04:00,682.3099975585938,685.0399780273438,682.2899780273438,684.5800170898438,1833338
2026-07-30 15:15:00-04:00,684.5599975585938,685.1199951171875,683.780029296875,683.8400268554688,2240128
2026-07-30 15:30:00-04:00,683.8200073242188,684.1497802734375,683.25,683.5999755859375,2789902
2026-07-30 15:45:00-04:00,683.6099853515625,684.3499755859375,682.9000244140625,683.5999755859375,7274389
2026-07-31 09:30:00-04:00,692.1199951171875,695.77001953125,688.1799926757812,688.2249755859375,6935338
2026-07-31 09:45:00-04:00,688.280029296875,689.5800170898438,685.2899780273438,686.7899780273438,4375199
2026-07-31 10:00:00-04:00,686.760009765625,687.5800170898438,680.52001953125,681.4600219726562,4284117
2026-07-31 10:15:00-04:00,681.4500122070312,684.3499145507812,680.0512084960938,684.2000122070312,2434813
2026-07-31 10:30:00-04:00,684.239990234375,685.27001953125,683.239990234375,684.614990234375,1999676
2026-07-31 10:45:00-04:00,684.6500244140625,686.510009765625,683.8662109375,685.6099853515625,2641878
2026-07-31 11:00:00-04:00,685.6300048828125,686.4299926757812,683.3300170898438,684.630126953125,1213203
2026-07-31 11:15:00-04:00,684.6599731445312,686.2999877929688,681.0700073242188,681.77001953125,1354311
2026-07-31 11:30:00-04:00,681.719970703125,684.4000854492188,680.9400024414062,683.280029296875,1020407
2026-07-31 11:45:00-04:00,683.3300170898438,685.25,682.1500244140625,684.7863159179688,901678
2026-07-31 12:00:00-04:00,684.75,685.5999755859375,684.02001953125,685.3900146484375,848810
2026-07-31 12:15:00-04:00,685.4199829101562,686.9299926757812,684.3599853515625,686.9299926757812,886834
2026-07-31 12:30:00-04:00,686.9500122070312,687.5499877929688,685.780029296875,685.9400024414062,1213020
2026-07-31 12:45:00-04:00,685.9249877929688,687.625,685.6300048828125,687.0700073242188,688780
2026-07-31 13:00:00-04:00,687.0399780273438,688.1400146484375,686.8900146484375,687.9099731445312,816553
2026-07-31 13:15:00-04:00,687.9199829101562,689.719970703125,687.7650146484375,689.3599853515625,809451
2026-07-31 13:30:00-04:00,689.3699951171875,690.3499755859375,688.9099731445312,689.2349853515625,940727
2026-07-31 13:45:00-04:00,689.25,689.7000122070312,688.2650146484375,688.5750122070312,1390812
2026-07-31 14:00:00-04:00,688.5650024414062,689.27001953125,687.760009765625,687.969970703125,661359
2026-07-31 14:15:00-04:00,687.9099731445312,688.969970703125,687.8499755859375,688.3800048828125,662004
2026-07-31 14:30:00-04:00,688.5800170898438,689.0150146484375,688.27001953125,688.6599731445312,625447
2026-07-31 14:45:00-04:00,688.6500244140625,689.3900146484375,688.27001953125,688.7100219726562,662646
2026-07-31 15:00:00-04:00,688.7000122070312,689.27001953125,688.030029296875,688.6405029296875,911910
2026-07-31 15:15:00-04:00,688.6699829101562,690.25,688.5499877929688,689.7000122070312,1537499
2026-07-31 15:30:00-04:00,689.6699829101562,689.8800048828125,688.7100219726562,689.719970703125,1873214
2026-07-31 15:45:00-04:00,689.739990234375,690.8800048828125,687.47998046875,688.010009765625,3094971
2026-08-03 09:30:00-04:00,687.0,691.28369140625,685.8200073242188,690.1400146484375,4695953
2026-08-03 09:45:00-04:00,690.1599731445312,693.4000244140625,688.9500122070312,693.3049926757812,1721546
2026-08-03 10:00:00-04:00,693.2100219726562,693.4000244140625,691.0800170898438,692.0,1552647
2026-08-03 10:15:00-04:00,692.010009765625,694.75,691.7520141601562,694.6199951171875,1661756
2026-08-03 10:30:00-04:00,694.6699829101562,696.0,694.219970703125,695.3099975585938,1781987
2026-08-03 10:45:00-04:00,695.3599853515625,697.6900024414062,695.1599731445312,697.5850219726562,2522546
2026-08-03 11:00:00-04:00,697.5900268554688,697.5900268554688,696.25,696.489990234375,1607724
2026-08-03 11:15:00-04:00,696.4739990234375,697.47998046875,695.6599731445312,695.9199829101562,1382732
2026-08-03 11:30:00-04:00,695.9500122070312,697.27001953125,695.875,697.1099853515625,868320
2026-08-03 11:45:00-04:00,697.1593017578125,697.8679809570312,696.97998046875,697.3800048828125,992065
2026-08-03 12:00:00-04:00,697.5,698.0700073242188,697.342529296875,697.9000244140625,1196875
2026-08-03 12:15:00-04:00,697.8900146484375,698.6923828125,697.864990234375,698.489990234375,1028725
2026-08-03 12:30:00-04:00,698.47998046875,698.6699829101562,697.8699951171875,698.4199829101562,1345553
2026-08-03 12:45:00-04:00,698.405029296875,698.6165161132812,698.0499877929688,698.0599975585938,499359
2026-08-03 13:00:00-04:00,698.1099853515625,699.0800170898438,697.8900146484375,698.97998046875,590080
2026-08-03 13:15:00-04:00,698.9400024414062,699.7598266601562,698.9199829101562,699.6699829101562,1204419
2026-08-03 13:30:00-04:00,699.6699829101562,699.8699951171875,699.4000244140625,699.7000122070312,1602312
2026-08-03 13:45:00-04:00,699.6900024414062,700.5599975585938,699.6699829101562,700.4600219726562,1527525
2026-08-03 14:00:00-04:00,700.4600219726562,701.5900268554688,700.4600219726562,700.9949951171875,1276858
2026-08-03 14:15:00-04:00,701.0150146484375,701.4400024414062,699.7899780273438,699.8001098632812,1082481
2026-08-03 14:30:00-04:00,699.8400268554688,700.364990234375,699.6099853515625,700.344970703125,1090777
2026-08-03 14:45:00-04:00,700.3400268554688,700.6699829101562,699.8350219726562,700.2371826171875,805709
2026-08-03 15:00:00-04:00,700.22998046875,701.1099853515625,699.9299926757812,700.0700073242188,1209874
2026-08-03 15:15:00-04:00,700.030029296875,700.6699829101562,700.010009765625,700.3599853515625,1413604
2026-08-03 15:30:00-04:00,700.3800048828125,700.6793212890625,700.0399780273438,700.405029296875,1452060
2026-08-03 15:45:00-04:00,700.4000244140625,700.9400024414062,699.27001953125,700.0800170898438,5258594
2026-08-04 09:30:00-04:00,708.2050170898438,713.47998046875,707.5900268554688,712.5194702148438,5546839
2026-08-04 09:45:00-04:00,712.509521484375,714.6500244140625,712.509521484375,713.6500244140625,2313382
2026-08-04 10:00:00-04:00,713.6400146484375,715.6699829101562,712.97998046875,715.5999755859375,2386003
2026-08-04 10:15:00-04:00,715.5999755859375,716.219970703125,714.2550048828125,716.0050048828125,2178773
2026-08-04 10:30:00-04:00,716.0800170898438,716.3900146484375,715.0700073242188,716.0,2881547
2026-08-04 10:45:00-04:00,716.02001953125,716.0999755859375,715.239990234375,715.80078125,1427110
2026-08-04 11:00:00-04:00,715.8800048828125,717.6500244140625,715.739990234375,717.5349731445312,2249549
2026-08-04 11:15:00-04:00,717.5250244140625,718.5700073242188,717.4000244140625,717.989990234375,2156766
2026-08-04 11:30:00-04:00,717.97998046875,719.02001953125,717.5800170898438,718.9299926757812,2411833
2026-08-04 11:45:00-04:00,718.9400024414062,719.4000244140625,718.719970703125,718.780029296875,1873749
2026-08-04 12:00:00-04:00,718.7849731445312,719.4600219726562,718.5599975585938,718.8900146484375,1373350
2026-08-04 12:15:00-04:00,718.9199829101562,719.969970703125,718.8900146484375,719.6500244140625,1582663
2026-08-04 12:30:00-04:00,719.6649780273438,720.27001953125,719.4000244140625,720.1400146484375,1745736
2026-08-04 12:45:00-04:00,720.135009765625,720.5999755859375,720.135009765625,720.5599975585938,2151512
2026-08-04 13:00:00-04:00,720.5700073242188,721.9000244140625,720.47998046875,721.8300170898438,2095390
2026-08-04 13:15:00-04:00,721.8400268554688,722.5,721.4400024414062,722.3499755859375,1437182
2026-08-04 13:30:00-04:00,722.3200073242188,723.47998046875,721.9849853515625,723.47998046875,1107118
2026-08-04 13:45:00-04:00,723.489990234375,724.280029296875,722.7100219726562,722.72998046875,2498609
2026-08-04 14:00:00-04:00,722.72998046875,723.3400268554688,722.1199951171875,723.3399047851562,1520591
2026-08-04 14:15:00-04:00,723.3400268554688,723.9000244140625,723.239990234375,723.8298950195312,1237658
2026-08-04 14:30:00-04:00,723.8400268554688,724.1552124023438,722.8699951171875,723.1799926757812,918270
2026-08-04 14:45:00-04:00,723.2000122070312,724.2000122070312,723.2000122070312,723.8499755859375,1035925
2026-08-04 15:00:00-04:00,723.8599853515625,725.2000122070312,723.7999877929688,724.9550170898438,1459664
2026-08-04 15:15:00-04:00,724.9500122070312,725.3800048828125,724.010009765625,724.2943725585938,1221414
2026-08-04 15:30:00-04:00,724.2849731445312,725.530029296875,724.030029296875,725.489990234375,1334818
2026-08-04 15:45:00-04:00,725.489990234375,725.6500244140625,723.0999755859375,723.6799926757812,5029627
2026-08-05 09:30:00-04:00,726.2249755859375,728.182373046875,724.6300048828125,728.0399780273438,4003564
2026-08-05 09:45:00-04:00,728.094970703125,728.5399780273438,726.0850219726562,727.989990234375,1787498
2026-08-05 10:00:00-04:00,727.9000244140625,727.9000244140625,724.8099975585938,726.7100219726562,1793842
2026-08-05 10:15:00-04:00,726.739990234375,727.4000244140625,724.4000244140625,724.719970703125,1481730
2026-08-05 10:30:00-04:00,724.6699829101562,724.7999267578125,722.4799194335938,723.371826171875,1708197
2026-08-05 10:45:00-04:00,723.3800048828125,724.4349975585938,721.5999755859375,723.0399780273438,2709070
2026-08-05 11:00:00-04:00,723.0700073242188,724.114990234375,722.510009765625,722.8400268554688,1306871
2026-08-05 11:15:00-04:00,722.8400268554688,723.0650024414062,721.02001953125,722.0850219726562,1180286
2026-08-05 11:30:00-04:00,722.0800170898438,723.3250122070312,722.0349731445312,722.3499755859375,600826
2026-08-05 11:45:00-04:00,722.3599243164062,722.3599243164062,719.77001953125,720.3499755859375,1079257
2026-08-05 12:00:00-04:00,720.3800048828125,721.030029296875,719.489990234375,720.1799926757812,1306254
2026-08-05 12:15:00-04:00,720.2000122070312,722.7100219726562,719.8905029296875,722.6649780273438,1139375
2026-08-05 12:30:00-04:00,722.655029296875,722.8800048828125,721.1699829101562,721.6500244140625,578955
2026-08-05 12:45:00-04:00,721.6580200195312,722.5289916992188,721.4000244140625,722.1300048828125,649540
2026-08-05 13:00:00-04:00,722.1699829101562,722.4000244140625,720.5499877929688,721.1400146484375,541901
2026-08-05 13:15:00-04:00,721.0999755859375,721.4392700195312,720.4500122070312,720.77001953125,415243
2026-08-05 13:30:00-04:00,720.7999877929688,721.3699951171875,720.4099731445312,720.8699951171875,528416
2026-08-05 13:45:00-04:00,720.760009765625,721.27001953125,720.3200073242188,720.85498046875,318835
2026-08-05 14:00:00-04:00,720.864990234375,721.5599975585938,720.77001953125,721.0,866064
2026-08-05 14:15:00-04:00,720.9400024414062,721.4600219726562,720.8200073242188,721.3099975585938,269346
2026-08-05 14:30:00-04:00,721.3200073242188,721.3200073242188,720.1300048828125,720.47998046875,591467
2026-08-05 14:45:00-04:00,720.489990234375,721.030029296875,720.0499877929688,720.0900268554688,545311
2026-08-05 15:00:00-04:00,720.1099853515625,721.3499755859375,719.9400024414062,721.280029296875,653039
2026-08-05 15:15:00-04:00,721.27001953125,721.4099731445312,720.8350219726562,720.8887939453125,759208
2026-08-05 15:30:00-04:00,720.875,721.030029296875,719.6599731445312,719.7799072265625,1075003
2026-08-05 15:45:00-04:00,719.780029296875,720.3200073242188,716.9299926757812,717.219970703125,2394628
2026-08-06 09:30:00-04:00,710.760009765625,714.1640014648438,708.5,713.780029296875,4728060
2026-08-06 09:45:00-04:00,713.780029296875,716.030029296875,713.52001953125,715.47998046875,2083513
2026-08-06 10:00:00-04:00,715.5,717.719970703125,714.52001953125,717.4550170898438,1902660
2026-08-06 10:15:00-04:00,717.4400024414062,718.8599853515625,716.4199829101562,716.8400268554688,2052272
2026-08-06 10:30:00-04:00,716.9500122070312,718.4600219726562,715.9000244140625,716.7999877929688,1176142
2026-08-06 10:45:00-04:00,716.8173828125,718.625,715.614990234375,718.5919799804688,1036635
2026-08-06 11:00:00-04:00,718.6500244140625,719.3200073242188,717.2100219726562,718.3400268554688,1015241
2026-08-06 11:15:00-04:00,718.3200073242188,718.75,716.3699951171875,717.4199829101562,1014013
2026-08-06 11:30:00-04:00,717.47998046875,717.8599243164062,715.594970703125,715.6253051757812,764690
2026-08-06 11:45:00-04:00,715.619873046875,717.7999877929688,714.9650268554688,715.1699829101562,1052113
2026-08-06 12:00:00-04:00,715.1699829101562,715.8099975585938,714.2899780273438,714.489990234375,883230
2026-08-06 12:15:00-04:00,714.510009765625,714.9000244140625,713.530029296875,714.0900268554688,1092194
2026-08-06 12:30:00-04:00,714.1099853515625,715.4299926757812,713.8599853515625,714.2349853515625,803182
2026-08-06 12:45:00-04:00,714.2479858398438,716.1599731445312,714.0250244140625,716.14990234375,693321
2026-08-06 13:00:00-04:00,716.1400146484375,716.5800170898438,715.219970703125,715.3400268554688,544973
2026-08-06 13:15:00-04:00,715.35498046875,716.0020141601562,715.0700073242188,715.3900146484375,456177
2026-08-06 13:30:00-04:00,715.3900146484375,715.75,714.60498046875,715.0,499390
2026-08-06 13:45:00-04:00,715.0599975585938,715.52001953125,714.6199951171875,715.4099731445312,471676
2026-08-06 14:00:00-04:00,715.47998046875,715.8599853515625,714.9199829101562,715.760009765625,662693
2026-08-06 14:15:00-04:00,715.7899780273438,716.5499877929688,714.0,716.1199951171875,944383
2026-08-06 14:30:00-04:00,716.0999755859375,716.2100219726562,714.760009765625,715.219970703125,596813
2026-08-06 14:45:00-04:00,715.239990234375,715.5999755859375,714.8800048828125,715.0700073242188,721392
2026-08-06 15:00:00-04:00,715.0800170898438,716.405029296875,715.0,715.5700073242188,988826
2026-08-06 15:15:00-04:00,715.5800170898438,715.9500122070312,714.6599731445312,714.9000244140625,772737
2026-08-06 15:30:00-04:00,714.9000244140625,715.8099975585938,714.4600219726562,714.8400268554688,799579
2026-08-06 15:45:00-04:00,714.8200073242188,715.5900268554688,714.110107421875,714.6199951171875,2482762
2026-08-07 09:30:00-04:00,720.0,722.5449829101562,719.6799926757812,721.973876953125,4167177
2026-08-07 09:45:00-04:00,721.9000244140625,722.7100219726562,718.4600219726562,719.3099975585938,1575084
2026-08-07 10:00:00-04:00,719.3049926757812,720.0900268554688,716.52001953125,716.9749755859375,1575120
2026-08-07 10:15:00-04:00,716.989990234375,721.6500244140625,716.5999755859375,721.25,1736472
2026-08-07 10:30:00-04:00,721.2680053710938,721.5399780273438,718.8300170898438,719.1599731445312,1188883
2026-08-07 10:45:00-04:00,719.1599731445312,720.5499877929688,718.989990234375,720.27001953125,881413
2026-08-07 11:00:00-04:00,720.27001953125,721.75,720.030029296875,721.2100219726562,1134209
2026-08-07 11:15:00-04:00,721.1900024414062,722.8599853515625,720.89501953125,722.7999877929688,1217381
2026-08-07 11:30:00-04:00,722.7999877929688,723.4998779296875,722.04052734375,722.4400024414062,1195362
2026-08-07 11:45:00-04:00,722.4099731445312,723.2000122070312,722.0900268554688,722.489990234375,1088779
2026-08-07 12:00:00-04:00,722.5300903320312,722.9099731445312,722.0599975585938,722.1950073242188,808264
2026-08-07 12:15:00-04:00,722.1500244140625,722.635009765625,719.5015869140625,720.0999755859375,813996
2026-08-07 12:30:00-04:00,720.0999755859375,721.2100219726562,719.0499877929688,721.0499877929688,828602
2026-08-07 12:45:00-04:00,721.0800170898438,721.6799926757812,720.6799926757812,720.6799926757812,653777
2026-08-07 13:00:00-04:00,720.6799926757812,721.3699951171875,720.39501953125,720.60498046875,543064
2026-08-07 13:15:00-04:00,720.6099853515625,721.2996215820312,720.3800048828125,720.9199829101562,393740
2026-08-07 13:30:00-04:00,720.9000244140625,721.27001953125,720.419921875,720.83251953125,505291
2026-08-07 13:45:00-04:00,720.8300170898438,721.1599731445312,720.6300048828125,720.7999877929688,318242
2026-08-07 14:00:00-04:00,720.7949829101562,721.0700073242188,720.0800170898438,720.2000122070312,475331
2026-08-07 14:15:00-04:00,720.260009765625,720.5900268554688,719.8201293945312,719.8900146484375,461492
2026-08-07 14:30:00-04:00,719.9000244140625,720.3499755859375,719.27001953125,719.2999877929688,654888
2026-08-07 14:45:00-04:00,719.3150024414062,720.489990234375,719.2349853515625,720.3800048828125,833886
2026-08-07 15:00:00-04:00,720.3699951171875,722.4000244140625,720.344970703125,722.169921875,1226254
2026-08-07 15:15:00-04:00,722.1699829101562,722.719970703125,721.9802856445312,722.4199829101562,849835
2026-08-07 15:30:00-04:00,722.4249877929688,722.4249877929688,721.5001831054688,721.669921875,921539
2026-08-07 15:45:00-04:00,721.6500244140625,723.6199951171875,721.6199951171875,723.0150146484375,2514683
2026-08-10 09:30:00-04:00,722.6500244140625,723.25,720.3400268554688,721.6900024414062,2930958
2026-08-10 09:45:00-04:00,721.719970703125,723.0599975585938,721.2000122070312,722.469970703125,1515646
2026-08-10 10:00:00-04:00,722.469970703125,724.5050048828125,722.0399780273438,724.239990234375,1974285
2026-08-10 10:15:00-04:00,724.2349853515625,724.6699829101562,722.6400146484375,723.6699829101562,915455
2026-08-10 10:30:00-04:00,723.7098999023438,724.52001953125,723.4099731445312,723.9099731445312,1348163
2026-08-10 10:45:00-04:00,723.8900146484375,724.322509765625,721.75,721.780029296875,1200627
2026-08-10 11:00:00-04:00,721.8400268554688,722.77001953125,721.4400024414062,722.1099853515625,689288
2026-08-10 11:15:00-04:00,722.0800170898438,722.6400146484375,721.14501953125,721.6900024414062,542341
2026-08-10 11:30:00-04:00,721.6500244140625,722.4650268554688,720.8300170898438,722.4600219726562,596789
2026-08-10 11:45:00-04:00,722.5399780273438,723.5562133789062,721.9600219726562,723.3049926757812,696543
2026-08-10 12:00:00-04:00,723.3250122070312,723.64501953125,722.5399780273438,722.780029296875,762803
2026-08-10 12:15:00-04:00,722.7100219726562,723.2999877929688,722.3800048828125,722.47998046875,429886
2026-08-10 12:30:00-04:00,722.4500122070312,722.6500244140625,720.5700073242188,720.7849731445312,1062075
2026-08-10 12:45:00-04:00,720.8900146484375,721.77001953125,720.6400146484375,721.77001953125,1046853
2026-08-10 13:00:00-04:00,721.780029296875,722.510009765625,721.3200073242188,722.3150024414062,334236
2026-08-10 13:15:00-04:00,722.3200073242188,722.5399780273438,721.7036743164062,721.9400024414062,321657
2026-08-10 13:30:00-04:00,721.9400024414062,722.1666259765625,721.1900024414062,721.260009765625,339799
2026-08-10 13:45:00-04:00,721.2750244140625,721.4097900390625,720.9099731445312,721.27001953125,527376
2026-08-10 14:00:00-04:00,721.3049926757812,721.5700073242188,721.030029296875,721.0800170898438,394531
2026-08-10 14:15:00-04:00,721.0795288085938,721.1798706054688,720.8599853515625,720.9749755859375,288853
2026-08-10 14:30:00-04:00,720.969970703125,721.6099853515625,720.6900024414062,721.5549926757812,342015
2026-08-10 14:45:00-04:00,721.5700073242188,721.8800048828125,721.3099975585938,721.8350219726562,238683
2026-08-10 15:00:00-04:00,721.8300170898438,722.1199951171875,721.6699829101562,722.0,520293
2026-08-10 15:15:00-04:00,721.9949951171875,722.139892578125,721.75,721.7999877929688,450031
2026-08-10 15:30:00-04:00,721.8800048828125,722.0700073242188,721.530029296875,721.64501953125,959111
2026-08-10 15:45:00-04:00,721.6500244140625,721.8499755859375,720.3300170898438,720.8049926757812,3648241
2026-08-11 09:30:00-04:00,723.2999877929688,723.2999877929688,719.4500122070312,720.4600219726562,3130679
2026-08-11 09:45:00-04:00,720.4099731445312,720.739990234375,718.4010009765625,720.719970703125,1794249
2026-08-11 10:00:00-04:00,720.7000122070312,722.1555786132812,720.3699951171875,721.4592895507812,1110506
2026-08-11 10:15:00-04:00,721.4500122070312,722.1300048828125,720.864990234375,721.8300170898438,814745
2026-08-11 10:30:00-04:00,721.7999877929688,721.9650268554688,720.614990234375,720.9400024414062,774810
2026-08-11 10:45:00-04:00,720.9400024414062,722.4400024414062,720.9000244140625,721.7899780273438,917927
2026-08-11 11:00:00-04:00,721.7999877929688,722.1400146484375,720.0349731445312,720.25,1139178
2026-08-11 11:15:00-04:00,720.219970703125,720.7999877929688,719.8900146484375,719.989990234375,544442
2026-08-11 11:30:00-04:00,720.0349731445312,720.364990234375,719.0999755859375,719.77001953125,678218
2026-08-11 11:45:00-04:00,719.7750244140625,719.7750244140625,718.9716186523438,719.0698852539062,419367
2026-08-11 12:00:00-04:00,719.0800170898438,719.4600219726562,718.6799926757812,718.75,646139
2026-08-11 12:15:00-04:00,718.77001953125,719.1799926757812,718.0349731445312,718.6300048828125,691731
2026-08-11 12:30:00-04:00,718.6099853515625,719.0700073242188,718.2670288085938,718.385009765625,1071479
2026-08-11 12:45:00-04:00,718.3994750976562,718.52001953125,717.9299926757812,718.1400146484375,803696
2026-08-11 13:00:00-04:00,718.1400146484375,718.3272094726562,716.9500122070312,716.97998046875,971369
2026-08-11 13:15:00-04:00,716.9600219726562,717.9199829101562,716.8699951171875,717.6599731445312,739952
2026-08-11 13:30:00-04:00,717.6680297851562,718.4199829101562,717.5,718.3350219726562,840199
2026-08-11 13:45:00-04:00,718.3350219726562,718.469970703125,718.0599975585938,718.1900024414062,477836
2026-08-11 14:00:00-04:00,718.200927734375,718.3599853515625,717.5499877929688,717.6801147460938,669173
2026-08-11 14:15:00-04:00,717.6900024414062,717.8300170898438,715.7899780273438,716.1799926757812,979845
2026-08-11 14:30:00-04:00,716.1799926757812,716.93798828125,716.0999755859375,716.280029296875,1446143
2026-08-11 14:45:00-04:00,716.280029296875,717.489990234375,716.280029296875,717.0900268554688,731814
2026-08-11 15:00:00-04:00,717.094970703125,717.8400268554688,716.8200073242188,717.6849975585938,1116817
2026-08-11 15:15:00-04:00,717.6799926757812,718.1364135742188,717.5599975585938,718.0650024414062,712974
2026-08-11 15:30:00-04:00,718.0900268554688,718.9349975585938,717.989990234375,718.4400024414062,1238271
2026-08-11 15:45:00-04:00,718.4400024414062,718.6898803710938,717.6500244140625,718.3400268554688,2742250
2026-08-12 09:30:00-04:00,726.969970703125,727.25,723.7380981445312,724.8300170898438,4770062
2026-08-12 09:45:00-04:00,724.8099975585938,726.5,723.8900146484375,725.0900268554688,1938604
2026-08-12 10:00:00-04:00,725.0399780273438,725.718017578125,723.6099853515625,724.6900024414062,1446051
2026-08-12 10:15:00-04:00,724.6699829101562,725.9299926757812,724.02001953125,725.22998046875,947509
2026-08-12 10:30:00-04:00,725.239990234375,725.5349731445312,723.25,725.4299926757812,2759776
2026-08-12 10:45:00-04:00,725.4600219726562,725.5999755859375,723.6300048828125,724.1099853515625,784334
2026-08-12 11:00:00-04:00,724.0999755859375,724.6300048828125,723.3900146484375,724.4249877929688,864469
2026-08-12 11:15:00-04:00,724.364990234375,724.5698852539062,723.5250244140625,724.22998046875,892797
2026-08-12 11:30:00-04:00,724.25,724.3099975585938,722.9199829101562,723.135009765625,778330
2026-08-12 11:45:00-04:00,723.1500244140625,723.7340087890625,722.9199829101562,723.239990234375,544599
2026-08-12 12:00:00-04:00,723.239990234375,724.2999877929688,723.1599731445312,724.2000122070312,641357
2026-08-12 12:15:00-04:00,724.219970703125,724.5499877929688,723.8707275390625,724.2000122070312,500226
2026-08-12 12:30:00-04:00,724.2294921875,724.719970703125,723.6699829101562,724.47998046875,524880
2026-08-12 12:45:00-04:00,724.4949951171875,725.25,724.3599853515625,724.989990234375,701678
2026-08-12 13:00:00-04:00,724.9849853515625,725.4299926757812,724.8049926757812,725.119873046875,520683
2026-08-12 13:15:00-04:00,725.119873046875,725.3200073242188,724.5900268554688,725.0800170898438,437842
2026-08-12 13:30:00-04:00,725.0700073242188,725.3800048828125,724.9199829101562,725.2150268554688,578725
2026-08-12 13:45:00-04:00,725.22998046875,725.4149780273438,724.9099731445312,725.114990234375,484739
2026-08-12 14:00:00-04:00,725.114990234375,725.3231201171875,724.6599731445312,725.051025390625,425614
2026-08-12 14:15:00-04:00,725.0449829101562,725.2003173828125,724.6599731445312,724.739990234375,722570
2026-08-12 14:30:00-04:00,724.739990234375,725.5599975585938,724.739990234375,725.3200073242188,389817
2026-08-12 14:45:00-04:00,725.3250122070312,725.4149780273438,724.510009765625,724.6300048828125,337031
2026-08-12 15:00:00-04:00,724.6300048828125,724.9600219726562,724.375,724.489990234375,455754
2026-08-12 15:15:00-04:00,724.4849853515625,724.8200073242188,723.8200073242188,724.0999755859375,634799
2026-08-12 15:30:00-04:00,724.0900268554688,724.1099243164062,723.219970703125,723.6500244140625,1318991
2026-08-12 15:45:00-04:00,723.6400146484375,724.0900268554688,723.0349731445312,723.6699829101562,2856327
2026-08-13 09:30:00-04:00,725.125,728.6099853515625,724.0399780273438,727.6199951171875,3534116
2026-08-13 09:45:00-04:00,727.6400146484375,731.6799926757812,727.469970703125,731.5700073242188,3687749
2026-08-13 10:00:00-04:00,731.5650024414062,732.47998046875,731.0999755859375,732.260009765625,1970475
2026-08-13 10:15:00-04:00,732.27001953125,733.0399780273438,731.7999877929688,732.9600219726562,1237689
2026-08-13 10:30:00-04:00,732.9500122070312,733.7550048828125,732.8248291015625,733.0150146484375,1855016
2026-08-13 10:45:00-04:00,733.0,733.1298828125,732.1199951171875,732.1500244140625,1562410
2026-08-13 11:00:00-04:00,732.1400146484375,732.9000244140625,732.0443725585938,732.5808715820312,1059394
2026-08-13 11:15:00-04:00,732.5999755859375,733.0999755859375,731.7000122070312,731.9099731445312,869865
2026-08-13 11:30:00-04:00,731.9199829101562,732.125,730.469970703125,731.140380859375,954246
2026-08-13 11:45:00-04:00,731.0549926757812,731.0549926757812,729.8599853515625,730.1400146484375,728352
2026-08-13 12:00:00-04:00,730.1500244140625,731.510009765625,730.1099853515625,730.6900024414062,1075813
2026-08-13 12:15:00-04:00,730.739990234375,731.8800048828125,730.5800170898438,731.8300170898438,636526
2026-08-13 12:30:00-04:00,731.8400268554688,732.1599731445312,731.4000854492188,731.760009765625,575653
2026-08-13 12:45:00-04:00,731.75,732.239990234375,731.6199951171875,731.9749755859375,334504
2026-08-13 13:00:00-04:00,732.0,732.9500122070312,732.0,732.7999877929688,604065
2026-08-13 13:15:00-04:00,732.7949829101562,733.3499755859375,732.77001953125,733.0484008789062,421435
2026-08-13 13:30:00-04:00,733.0499877929688,733.226318359375,732.530029296875,732.530029296875,569981
2026-08-13 13:45:00-04:00,732.5250244140625,732.8400268554688,732.280029296875,732.280029296875,692559
2026-08-13 14:00:00-04:00,732.2999877929688,732.5499877929688,731.9299926757812,732.22998046875,406198
2026-08-13 14:15:00-04:00,732.2249755859375,732.3699951171875,731.7650146484375,732.0,683830
2026-08-13 14:30:00-04:00,732.010009765625,733.0900268554688,732.010009765625,732.9000244140625,634789
2026-08-13 14:45:00-04:00,732.9000244140625,733.3099975585938,732.8900146484375,733.2899780273438,660522
2026-08-13 15:00:00-04:00,733.2899780273438,733.9600219726562,732.9500122070312,733.1300048828125,717441
2026-08-13 15:15:00-04:00,733.1199951171875,733.3200073242188,732.5800170898438,732.77001953125,603835
2026-08-13 15:30:00-04:00,732.739990234375,732.864013671875,732.239990234375,732.2750244140625,775857
2026-08-13 15:45:00-04:00,732.27001953125,732.3200073242188,731.5499877929688,732.0599975585938,2189176
2026-08-14 09:30:00-04:00,733.260009765625,734.0900268554688,731.7200927734375,733.9000244140625,2383514
2026-08-14 09:45:00-04:00,733.8599853515625,734.3900146484375,732.7000122070312,733.0499877929688,1035417
2026-08-14 10:00:00-04:00,732.9500122070312,734.1599731445312,732.6400146484375,732.9749755859375,758523
2026-08-14 10:15:00-04:00,732.989990234375,733.114990234375,730.8400268554688,731.4600830078125,1769128
2026-08-14 10:30:00-04:00,731.4721069335938,731.8400268554688,730.75,731.4400024414062,819525
2026-08-14 10:45:00-04:00,731.3900146484375,731.6400146484375,730.5999755859375,730.5999755859375,489182
2026-08-14 11:00:00-04:00,730.6099853515625,731.0499877929688,729.7598876953125,729.8049926757812,661135
2026-08-14 11:15:00-04:00,729.8049926757812,730.2949829101562,728.4199829101562,729.3201293945312,1099779
2026-08-14 11:30:00-04:00,729.3699951171875,729.3900146484375,728.3200073242188,728.75,775595
2026-08-14 11:45:00-04:00,728.7899780273438,729.3800048828125,728.3300170898438,729.2249755859375,712959
2026-08-14 12:00:00-04:00,729.219970703125,729.6699829101562,728.8599853515625,729.5850219726562,748009
2026-08-14 12:15:00-04:00,729.5800170898438,730.2150268554688,729.4600219726562,730.0700073242188,653338
2026-08-14 12:30:00-04:00,730.0750122070312,730.0999145507812,729.1799926757812,729.25,543699
2026-08-14 12:45:00-04:00,729.22998046875,729.4600219726562,728.9500122070312,729.02001953125,421082
2026-08-14 13:00:00-04:00,729.0499877929688,729.5380249023438,728.885986328125,729.27001953125,412480
2026-08-14 13:15:00-04:00,729.2650146484375,729.4500122070312,728.760009765625,729.0131225585938,565370
2026-08-14 13:30:00-04:00,729.030029296875,729.3300170898438,728.8300170898438,729.02001953125,392140
2026-08-14 13:45:00-04:00,729.0062866210938,729.5999755859375,728.780029296875,729.5449829101562,422087
2026-08-14 14:00:00-04:00,729.530029296875,729.7999877929688,729.3699951171875,729.47998046875,593056
2026-08-14 14:15:00-04:00,729.47998046875,729.7999877929688,729.1599731445312,729.1799926757812,409021
2026-08-14 14:30:00-04:00,729.22998046875,729.7449951171875,729.0900268554688,729.6699829101562,483657
2026-08-14 14:45:00-04:00,729.6749877929688,730.0800170898438,729.4509887695312,729.6900024414062,519722
2026-08-14 15:00:00-04:00,729.7000122070312,729.8200073242188,729.4099731445312,729.5499877929688,877795
2026-08-14 15:15:00-04:00,729.5499877929688,730.0399780273438,729.4000244140625,729.8599853515625,751769
2026-08-14 15:30:00-04:00,729.8599853515625,730.3300170898438,729.760009765625,730.1699829101562,1168944
2026-08-14 15:45:00-04:00,730.1500244140625,731.1199951171875,730.0,731.0499877929688,2167149
2026-08-17 09:30:00-04:00,732.9600219726562,734.030029296875,731.6400146484375,732.3200073242188,2734738
2026-08-17 09:45:00-04:00,732.3900146484375,733.7962036132812,731.8599853515625,733.2999877929688,1245710
2026-08-17 10:00:00-04:00,733.3394775390625,733.5,731.5900268554688,733.10498046875,1024667
2026-08-17 10:15:00-04:00,733.10498046875,733.1199951171875,731.530029296875,732.4400024414062,1061413
2026-08-17 10:30:00-04:00,732.4500122070312,732.8900146484375,732.2000122070312,732.58251953125,622366
2026-08-17 10:45:00-04:00,732.5999755859375,733.6199951171875,732.5150146484375,733.5599975585938,954403
2026-08-17 11:00:00-04:00,733.5850219726562,734.5800170898438,733.3300170898438,733.9099731445312,1273939
2026-08-17 11:15:00-04:00,733.9094848632812,734.4099731445312,733.8599853515625,734.1799926757812,870901
2026-08-17 11:30:00-04:00,734.2000122070312,734.280029296875,732.739990234375,733.2100219726562,943457
2026-08-17 11:45:00-04:00,733.1900024414062,733.7100219726562,732.9000244140625,733.4998779296875,570800
2026-08-17 12:00:00-04:00,733.469970703125,733.5499877929688,732.559814453125,732.63623046875,739177
2026-08-17 12:15:00-04:00,732.6400146484375,732.97998046875,732.3699951171875,732.7000122070312,724953
2026-08-17 12:30:00-04:00,732.7000122070312,732.8350219726562,732.10009765625,732.135009765625,545709
2026-08-17 12:45:00-04:00,732.1300048828125,732.3400268554688,731.9512939453125,732.135009765625,605753
2026-08-17 13:00:00-04:00,732.1300048828125,732.219970703125,730.8200073242188,730.8200073242188,794581
2026-08-17 13:15:00-04:00,730.8099975585938,731.1400146484375,729.9400024414062,730.0349731445312,1932588
2026-08-17 13:30:00-04:00,730.02001953125,730.752197265625,729.7999877929688,730.6799926757812,754573
2026-08-17 13:45:00-04:00,730.6699829101562,730.77001953125,730.0599975585938,730.1699829101562,554245
2026-08-17 14:00:00-04:00,730.1599731445312,730.4400024414062,729.64501953125,730.1199951171875,825486
2026-08-17 14:15:00-04:00,730.110107421875,730.4400024414062,729.864990234375,730.1900024414062,480511
2026-08-17 14:30:00-04:00,730.1900024414062,730.5850219726562,729.9301147460938,730.530029296875,416523
2026-08-17 14:45:00-04:00,730.52001953125,731.0,730.489990234375,730.655029296875,457679
2026-08-17 15:00:00-04:00,730.6599731445312,730.719970703125,729.75,729.760009765625,703572
2026-08-17 15:15:00-04:00,729.739990234375,730.4500122070312,729.7000122070312,729.969970703125,926612
2026-08-17 15:30:00-04:00,729.9400024414062,730.3699951171875,729.8400268554688,730.1599731445312,799319
2026-08-17 15:45:00-04:00,730.1799926757812,730.614990234375,729.27001953125,729.8599243164062,2436986
2026-08-18 09:30:00-04:00,720.219970703125,722.1300048828125,718.7899780273438,720.1599731445312,4874100
2026-08-18 09:45:00-04:00,720.1199951171875,720.4299926757812,718.1099853515625,719.125,2888549
2026-08-18 10:00:00-04:00,719.1400146484375,720.5599975585938,717.239990234375,717.6699829101562,1893185
2026-08-18 10:15:00-04:00,717.6699829101562,720.02001953125,717.469970703125,719.731689453125,1874055
2026-08-18 10:30:00-04:00,719.5999755859375,720.2000122070312,718.2750244140625,718.3150024414062,1517258
2026-08-18 10:45:00-04:00,718.2999877929688,718.5599975585938,716.4600219726562,716.719970703125,2668489
2026-08-18 11:00:00-04:00,716.72998046875,717.3099975585938,715.9199829101562,716.6900024414062,1927682
2026-08-18 11:15:00-04:00,716.697509765625,717.9749755859375,716.3499755859375,717.7625732421875,2124544
2026-08-18 11:30:00-04:00,717.7000122070312,718.2000122070312,717.1500244140625,717.9199829101562,1836145
2026-08-18 11:45:00-04:00,717.9349975585938,718.969970703125,717.9349975585938,718.8699951171875,1657647
2026-08-18 12:00:00-04:00,718.8800048828125,719.489990234375,718.590087890625,719.0900268554688,2367583
2026-08-18 12:15:00-04:00,719.1099853515625,719.3400268554688,718.2000122070312,718.22998046875,1494897
2026-08-18 12:30:00-04:00,718.2000122070312,719.155029296875,718.0501098632812,718.6749877929688,1231207
2026-08-18 12:45:00-04:00,718.6900024414062,719.6699829101562,718.4299926757812,719.1799926757812,1382314
2026-08-18 13:00:00-04:00,719.155029296875,719.4398803710938,718.4099731445312,718.7999877929688,1032084
2026-08-18 13:15:00-04:00,718.7999877929688,718.8200073242188,717.7999877929688,718.3499755859375,871620
2026-08-18 13:30:00-04:00,718.3400268554688,718.469970703125,717.75,718.0549926757812,1797235
2026-08-18 13:45:00-04:00,718.0449829101562,718.3099975585938,717.125,717.125,1096354
2026-08-18 14:00:00-04:00,717.1199951171875,717.4400024414062,716.6900024414062,717.3400268554688,1263398
2026-08-18 14:15:00-04:00,717.3599243164062,718.2899780273438,717.2789916992188,718.010009765625,1458561
2026-08-18 14:30:00-04:00,718.010009765625,718.260009765625,717.5833129882812,717.655029296875,763398
2026-08-18 14:45:00-04:00,717.6300048828125,717.875,717.1199951171875,717.239990234375,798784
2026-08-18 15:00:00-04:00,717.239990234375,717.5900268554688,717.0800170898438,717.27001953125,778169
2026-08-18 15:15:00-04:00,717.27001953125,718.0800170898438,717.1099853515625,717.9199829101562,866312
2026-08-18 15:30:00-04:00,717.9199829101562,718.0700073242188,717.5499877929688,717.9500122070312,1302700
2026-08-18 15:45:00-04:00,717.9400024414062,718.1699829101562,716.9199829101562,717.5900268554688,4211084
